ISO-10303-21;
HEADER;
/* Generated by software containing ST-Developer
 * from STEP Tools, Inc. (www.steptools.com) 
 */

FILE_DESCRIPTION(
/* description */ (''),
/* implementation_level */ '2;1');

FILE_NAME(
/* name */ 'CessAttemptBattOut.stp',
/* time_stamp */ '2026-07-10T15:31:57-04:00',
/* author */ ('sunsh'),
/* organization */ (''),
/* preprocessor_version */ 'ST-DEVELOPER v20.1',
/* originating_system */ 'Autodesk Inventor 2027',
/* authorisation */ '');

FILE_SCHEMA (('AUTOMOTIVE_DESIGN { 1 0 10303 214 3 1 1 }'));
ENDSEC;

DATA;
#10=MECHANICAL_DESIGN_GEOMETRIC_PRESENTATION_REPRESENTATION('',(#23,#24,
#25,#26,#27,#28,#29),#8424);
#11=GEOMETRICALLY_BOUNDED_WIREFRAME_SHAPE_REPRESENTATION('',(#12,#13),#8423);
#12=GEOMETRIC_CURVE_SET('Sketch6',(#8419));
#13=GEOMETRIC_CURVE_SET('Sketch12',(#8420));
#14=SHAPE_REPRESENTATION_RELATIONSHIP('SRR','None',#8435,#16);
#15=SHAPE_REPRESENTATION_RELATIONSHIP('SRR','None',#8435,#11);
#16=ADVANCED_BREP_SHAPE_REPRESENTATION('',(#30,#31,#32,#33,#21,#22,#34),
#8423);
#17=ORIENTED_CLOSED_SHELL('',*,#4120,.F.);
#18=ORIENTED_CLOSED_SHELL('',*,#4122,.F.);
#19=(
BOUNDED_SURFACE()
B_SPLINE_SURFACE(1,2,((#7780,#7781,#7782,#7783,#7784,#7785,#7786,#7787,
#7788),(#7789,#7790,#7791,#7792,#7793,#7794,#7795,#7796,#7797)),
 .UNSPECIFIED.,.F.,.T.,.F.)
B_SPLINE_SURFACE_WITH_KNOTS((2,2),(3,2,2,2,3),(-0.997459298752291,42.85518219758),
(-3.14159265358979,-1.5707963267949,0.,1.5707963267949,3.14159265358979),
 .UNSPECIFIED.)
GEOMETRIC_REPRESENTATION_ITEM()
RATIONAL_B_SPLINE_SURFACE(((1.,0.707106781186548,1.,0.707106781186548,1.,
0.707106781186548,1.,0.707106781186548,1.),(1.,0.707106781186548,1.,0.707106781186548,
1.,0.707106781186548,1.,0.707106781186548,1.)))
REPRESENTATION_ITEM('')
SURFACE()
);
#20=(
BOUNDED_SURFACE()
B_SPLINE_SURFACE(1,2,((#8231,#8232,#8233,#8234,#8235,#8236,#8237,#8238,
#8239),(#8240,#8241,#8242,#8243,#8244,#8245,#8246,#8247,#8248)),
 .UNSPECIFIED.,.F.,.T.,.F.)
B_SPLINE_SURFACE_WITH_KNOTS((2,2),(3,2,2,2,3),(-0.995918133071989,42.8536296995732),
(-3.14159265358979,-1.5707963267949,0.,1.5707963267949,3.14159265358979),
 .UNSPECIFIED.)
GEOMETRIC_REPRESENTATION_ITEM()
RATIONAL_B_SPLINE_SURFACE(((1.,0.707106781186548,1.,0.707106781186548,1.,
0.707106781186548,1.,0.707106781186548,1.),(1.,0.707106781186548,1.,0.707106781186548,
1.,0.707106781186548,1.,0.707106781186548,1.)))
REPRESENTATION_ITEM('')
SURFACE()
);
#21=BREP_WITH_VOIDS('Solid3',#4119,(#17));
#22=BREP_WITH_VOIDS('Solid3',#4121,(#18));
#23=STYLED_ITEM('',(#8444),#30);
#24=STYLED_ITEM('',(#8444),#31);
#25=STYLED_ITEM('',(#8444),#32);
#26=STYLED_ITEM('',(#8444),#33);
#27=STYLED_ITEM('',(#8444),#21);
#28=STYLED_ITEM('',(#8444),#22);
#29=STYLED_ITEM('',(#8444),#34);
#30=MANIFOLD_SOLID_BREP('Solid2',#4115);
#31=MANIFOLD_SOLID_BREP('Solid2',#4116);
#32=MANIFOLD_SOLID_BREP('Solid2',#4117);
#33=MANIFOLD_SOLID_BREP('Solid3',#4118);
#34=MANIFOLD_SOLID_BREP('Solid3',#4123);
#35=B_SPLINE_SURFACE_WITH_KNOTS('',3,3,((#6431,#6432,#6433,#6434),(#6435,
#6436,#6437,#6438),(#6439,#6440,#6441,#6442),(#6443,#6444,#6445,#6446),
(#6447,#6448,#6449,#6450),(#6451,#6452,#6453,#6454),(#6455,#6456,#6457,
#6458),(#6459,#6460,#6461,#6462),(#6463,#6464,#6465,#6466),(#6467,#6468,
#6469,#6470),(#6471,#6472,#6473,#6474),(#6475,#6476,#6477,#6478),(#6479,
#6480,#6481,#6482),(#6483,#6484,#6485,#6486),(#6487,#6488,#6489,#6490),
(#6491,#6492,#6493,#6494),(#6495,#6496,#6497,#6498),(#6499,#6500,#6501,
#6502),(#6503,#6504,#6505,#6506),(#6507,#6508,#6509,#6510),(#6511,#6512,
#6513,#6514),(#6515,#6516,#6517,#6518),(#6519,#6520,#6521,#6522),(#6523,
#6524,#6525,#6526),(#6527,#6528,#6529,#6530),(#6531,#6532,#6533,#6534),
(#6535,#6536,#6537,#6538),(#6539,#6540,#6541,#6542),(#6543,#6544,#6545,
#6546),(#6547,#6548,#6549,#6550),(#6551,#6552,#6553,#6554),(#6555,#6556,
#6557,#6558)),.UNSPECIFIED.,.T.,.F.,.F.,(4,1,1,1,1,1,1,1,1,1,1,1,1,1,1,
1,1,1,1,1,1,1,1,1,1,1,1,1,1,4),(4,4),(0.,0.0535714285714286,0.0714285714285714,
0.107142857142857,0.142857142857143,0.19047619047619,0.238095238095238,
0.285714285714286,0.30952380952381,0.333333333333333,0.380952380952381,
0.428571428571429,0.476190476190476,0.523809523809524,0.571428571428571,
0.619047619047619,0.666666666666667,0.669642857142857,0.672619047619048,
0.678571428571429,0.69047619047619,0.696428571428571,0.702380952380952,
0.708333333333333,0.711309523809524,0.714285714285714,0.785714285714286,
0.857142857142857,0.928571428571429,1.),(-0.00270265795257133,1.00287550541621),
 .UNSPECIFIED.);
#36=B_SPLINE_SURFACE_WITH_KNOTS('',3,3,((#6762,#6763,#6764,#6765),(#6766,
#6767,#6768,#6769),(#6770,#6771,#6772,#6773),(#6774,#6775,#6776,#6777),
(#6778,#6779,#6780,#6781),(#6782,#6783,#6784,#6785),(#6786,#6787,#6788,
#6789),(#6790,#6791,#6792,#6793),(#6794,#6795,#6796,#6797),(#6798,#6799,
#6800,#6801),(#6802,#6803,#6804,#6805),(#6806,#6807,#6808,#6809),(#6810,
#6811,#6812,#6813),(#6814,#6815,#6816,#6817),(#6818,#6819,#6820,#6821),
(#6822,#6823,#6824,#6825),(#6826,#6827,#6828,#6829),(#6830,#6831,#6832,
#6833),(#6834,#6835,#6836,#6837),(#6838,#6839,#6840,#6841),(#6842,#6843,
#6844,#6845),(#6846,#6847,#6848,#6849),(#6850,#6851,#6852,#6853),(#6854,
#6855,#6856,#6857),(#6858,#6859,#6860,#6861),(#6862,#6863,#6864,#6865),
(#6866,#6867,#6868,#6869),(#6870,#6871,#6872,#6873),(#6874,#6875,#6876,
#6877),(#6878,#6879,#6880,#6881),(#6882,#6883,#6884,#6885),(#6886,#6887,
#6888,#6889)),.UNSPECIFIED.,.T.,.F.,.F.,(4,1,1,1,1,1,1,1,1,1,1,1,1,1,1,
1,1,1,1,1,1,1,1,1,1,1,1,1,1,4),(4,4),(0.,0.0535714285714286,0.0714285714285714,
0.107142857142857,0.142857142857143,0.19047619047619,0.238095238095238,
0.285714285714286,0.30952380952381,0.333333333333333,0.380952380952381,
0.428571428571429,0.476190476190476,0.523809523809524,0.571428571428571,
0.619047619047619,0.666666666666667,0.669642857142857,0.672619047619048,
0.678571428571429,0.69047619047619,0.702380952380952,0.705357142857143,
0.708333333333333,0.711309523809524,0.714285714285714,0.785714285714286,
0.857142857142857,0.928571428571429,1.),(-0.00270219569585319,1.00287511970972),
 .UNSPECIFIED.);
#37=B_SPLINE_SURFACE_WITH_KNOTS('',3,3,((#7096,#7097,#7098,#7099),(#7100,
#7101,#7102,#7103),(#7104,#7105,#7106,#7107),(#7108,#7109,#7110,#7111),
(#7112,#7113,#7114,#7115),(#7116,#7117,#7118,#7119),(#7120,#7121,#7122,
#7123),(#7124,#7125,#7126,#7127),(#7128,#7129,#7130,#7131),(#7132,#7133,
#7134,#7135),(#7136,#7137,#7138,#7139),(#7140,#7141,#7142,#7143),(#7144,
#7145,#7146,#7147),(#7148,#7149,#7150,#7151),(#7152,#7153,#7154,#7155),
(#7156,#7157,#7158,#7159),(#7160,#7161,#7162,#7163),(#7164,#7165,#7166,
#7167),(#7168,#7169,#7170,#7171),(#7172,#7173,#7174,#7175),(#7176,#7177,
#7178,#7179),(#7180,#7181,#7182,#7183),(#7184,#7185,#7186,#7187),(#7188,
#7189,#7190,#7191),(#7192,#7193,#7194,#7195),(#7196,#7197,#7198,#7199)),
 .UNSPECIFIED.,.T.,.F.,.F.,(4,1,1,1,1,1,1,1,1,1,1,1,1,1,1,1,1,1,1,1,1,1,
1,4),(4,4),(0.,0.0714285714285714,0.142857142857143,0.19047619047619,0.238095238095238,
0.285714285714286,0.297619047619048,0.30952380952381,0.333333333333333,
0.380952380952381,0.428571428571429,0.476190476190476,0.523809523809524,
0.571428571428571,0.619047619047619,0.666666666666667,0.714285714285714,
0.75,0.785714285714286,0.821428571428571,0.857142857142857,0.892857142857143,
0.928571428571429,1.),(0.,1.),.UNSPECIFIED.);
#38=B_SPLINE_SURFACE_WITH_KNOTS('',3,3,((#7228,#7229,#7230,#7231),(#7232,
#7233,#7234,#7235),(#7236,#7237,#7238,#7239),(#7240,#7241,#7242,#7243),
(#7244,#7245,#7246,#7247),(#7248,#7249,#7250,#7251),(#7252,#7253,#7254,
#7255),(#7256,#7257,#7258,#7259),(#7260,#7261,#7262,#7263),(#7264,#7265,
#7266,#7267),(#7268,#7269,#7270,#7271),(#7272,#7273,#7274,#7275),(#7276,
#7277,#7278,#7279),(#7280,#7281,#7282,#7283),(#7284,#7285,#7286,#7287),
(#7288,#7289,#7290,#7291),(#7292,#7293,#7294,#7295),(#7296,#7297,#7298,
#7299),(#7300,#7301,#7302,#7303),(#7304,#7305,#7306,#7307),(#7308,#7309,
#7310,#7311),(#7312,#7313,#7314,#7315),(#7316,#7317,#7318,#7319),(#7320,
#7321,#7322,#7323),(#7324,#7325,#7326,#7327),(#7328,#7329,#7330,#7331)),
 .UNSPECIFIED.,.T.,.F.,.F.,(4,1,1,1,1,1,1,1,1,1,1,1,1,1,1,1,1,1,1,1,1,1,
1,4),(4,4),(0.,0.0714285714285714,0.142857142857143,0.19047619047619,0.238095238095238,
0.285714285714286,0.297619047619048,0.30952380952381,0.333333333333333,
0.380952380952381,0.428571428571429,0.476190476190476,0.523809523809524,
0.571428571428571,0.619047619047619,0.666666666666667,0.714285714285714,
0.75,0.785714285714286,0.821428571428571,0.857142857142857,0.892857142857143,
0.928571428571429,1.),(0.,1.),.UNSPECIFIED.);
#39=B_SPLINE_SURFACE_WITH_KNOTS('',1,3,((#7654,#7655,#7656,#7657,#7658,
#7659,#7660,#7661,#7662,#7663,#7664,#7665,#7666),(#7667,#7668,#7669,#7670,
#7671,#7672,#7673,#7674,#7675,#7676,#7677,#7678,#7679)),.UNSPECIFIED.,.F.,
 .F.,.F.,(2,2),(4,1,1,1,1,1,1,1,1,1,4),(41.8577229009529,42.8469196852573),
(0.235678054251579,0.426409236043482,0.617140417835385,0.99860278141919,
1.380065145003,1.47543073589895,1.7615275085868,2.14298987217061,2.52445223575441,
2.71518341754631,2.90591459933822),.UNSPECIFIED.);
#40=B_SPLINE_SURFACE_WITH_KNOTS('',1,3,((#7715,#7716,#7717,#7718,#7719,
#7720,#7721,#7722,#7723,#7724,#7725,#7726),(#7727,#7728,#7729,#7730,#7731,
#7732,#7733,#7734,#7735,#7736,#7737,#7738)),.UNSPECIFIED.,.F.,.F.,.F.,(2,
2),(4,1,1,1,1,1,1,1,1,4),(41.1490742137332,42.1458221220618),(-2.90591459933812,
-2.71518341754623,-2.52445223575435,-2.14298987217058,-1.76152750858681,
-1.38006514500304,-0.998602781419271,-0.617140417835502,-0.426409236043618,
-0.235678054251733),.UNSPECIFIED.);
#41=B_SPLINE_SURFACE_WITH_KNOTS('',1,3,((#7903,#7904,#7905,#7906,#7907,
#7908,#7909,#7910,#7911,#7912,#7913,#7914,#7915),(#7916,#7917,#7918,#7919,
#7920,#7921,#7922,#7923,#7924,#7925,#7926,#7927,#7928)),.UNSPECIFIED.,.F.,
 .F.,.F.,(2,2),(4,1,1,1,1,1,1,1,1,1,4),(0.288099221107816,42.2782723669111),
(0.235678054251579,0.426409236043482,0.617140417835385,0.99860278141919,
1.380065145003,1.47543073589895,1.7615275085868,2.14298987217061,2.52445223575441,
2.71518341754631,2.90591459933822),.UNSPECIFIED.);
#42=B_SPLINE_SURFACE_WITH_KNOTS('',1,3,((#7963,#7964,#7965,#7966,#7967,
#7968,#7969,#7970,#7971,#7972,#7973,#7974),(#7975,#7976,#7977,#7978,#7979,
#7980,#7981,#7982,#7983,#7984,#7985,#7986)),.UNSPECIFIED.,.F.,.F.,.F.,(2,
2),(4,1,1,1,1,1,1,1,1,4),(-0.420996872272379,41.5696236798454),(-2.90591459933812,
-2.71518341754623,-2.52445223575435,-2.14298987217058,-1.76152750858681,
-1.38006514500304,-0.998602781419271,-0.617140417835502,-0.426409236043618,
-0.235678054251733),.UNSPECIFIED.);
#43=B_SPLINE_SURFACE_WITH_KNOTS('',1,3,((#8008,#8009,#8010,#8011,#8012,
#8013,#8014,#8015,#8016,#8017,#8018,#8019),(#8020,#8021,#8022,#8023,#8024,
#8025,#8026,#8027,#8028,#8029,#8030,#8031)),.UNSPECIFIED.,.F.,.F.,.F.,(2,
2),(4,1,1,1,1,1,1,1,1,4),(41.857722900953,42.8469196852573),(0.235678054251579,
0.426409236043482,0.617140417835385,0.99860278141919,1.380065145003,1.7615275085868,
2.14298987217061,2.52445223575441,2.71518341754631,2.90591459933822),
 .UNSPECIFIED.);
#44=B_SPLINE_SURFACE_WITH_KNOTS('',1,3,((#8085,#8086,#8087,#8088,#8089,
#8090,#8091,#8092,#8093,#8094,#8095,#8096),(#8097,#8098,#8099,#8100,#8101,
#8102,#8103,#8104,#8105,#8106,#8107,#8108)),.UNSPECIFIED.,.F.,.F.,.F.,(2,
2),(4,1,1,1,1,1,1,1,1,4),(41.1490742137333,42.1458221220618),(-2.90591459933812,
-2.71518341754623,-2.52445223575435,-2.14298987217058,-1.76152750858681,
-1.38006514500304,-0.998602781419271,-0.617140417835502,-0.426409236043618,
-0.235678054251733),.UNSPECIFIED.);
#45=B_SPLINE_SURFACE_WITH_KNOTS('',1,3,((#8341,#8342,#8343,#8344,#8345,
#8346,#8347,#8348,#8349,#8350,#8351,#8352),(#8353,#8354,#8355,#8356,#8357,
#8358,#8359,#8360,#8361,#8362,#8363,#8364)),.UNSPECIFIED.,.F.,.F.,.F.,(2,
2),(4,1,1,1,1,1,1,1,1,4),(-0.420996872272379,41.5696236798452),(-2.9059145993383,
-2.71518341754639,-2.52445223575449,-2.14298987217068,-1.76152750858687,
-1.38006514500306,-0.998602781419255,-0.617140417835446,-0.426409236043542,
-0.235678054251638),.UNSPECIFIED.);
#46=B_SPLINE_SURFACE_WITH_KNOTS('',1,3,((#8377,#8378,#8379,#8380,#8381,
#8382,#8383,#8384,#8385,#8386,#8387,#8388),(#8389,#8390,#8391,#8392,#8393,
#8394,#8395,#8396,#8397,#8398,#8399,#8400)),.UNSPECIFIED.,.F.,.F.,.F.,(2,
2),(4,1,1,1,1,1,1,1,1,4),(0.288099221107876,42.2787197732255),(0.235678054251607,
0.426409236043499,0.61714041783539,0.998602781419173,1.38006514500296,1.76152750858674,
2.14298987217052,2.52445223575431,2.7151834175462,2.90591459933809),
 .UNSPECIFIED.);
#47=B_SPLINE_CURVE_WITH_KNOTS('',3,(#5851,#5852,#5853,#5854,#5855,#5856,
#5857,#5858,#5859,#5860,#5861,#5862,#5863,#5864,#5865,#5866,#5867,#5868,
#5869,#5870,#5871,#5872,#5873,#5874,#5875,#5876,#5877,#5878,#5879,#5880,
#5881,#5882,#5883,#5884,#5885,#5886,#5887,#5888,#5889,#5890,#5891,#5892,
#5893,#5894,#5895,#5896,#5897,#5898,#5899,#5900,#5901,#5902,#5903,#5904,
#5905,#5906,#5907,#5908,#5909,#5910,#5911,#5912,#5913,#5914),
 .UNSPECIFIED.,.F.,.F.,(4,2,2,2,2,2,2,2,2,2,2,2,2,2,2,2,2,2,2,2,2,2,2,2,
2,2,2,2,2,2,2,4),(110.334590847148,113.02166972976,116.3191882714,119.616706813039,
122.914225354679,126.211743896319,129.509262437958,132.806780979598,136.067959068987,
139.329137158375,142.590315247764,145.851493337152,149.112671426541,152.373849515929,
155.635027605318,158.896205694706,162.310779596836,165.725353498965,169.139927401094,
172.554501303224,175.969075205353,179.383649107483,182.798223009612,186.212796911741,
189.542855459394,192.872914007046,196.202972554699,199.533031102351,202.863089650003,
206.193148197656,209.523206745308,212.853265292961),.UNSPECIFIED.);
#48=B_SPLINE_CURVE_WITH_KNOTS('',3,(#5921,#5922,#5923,#5924,#5925,#5926,
#5927,#5928,#5929,#5930,#5931,#5932,#5933,#5934,#5935,#5936,#5937,#5938,
#5939,#5940,#5941,#5942,#5943,#5944,#5945,#5946,#5947,#5948,#5949,#5950,
#5951,#5952,#5953,#5954,#5955,#5956,#5957,#5958,#5959,#5960,#5961,#5962,
#5963,#5964,#5965,#5966,#5967,#5968,#5969,#5970,#5971,#5972,#5973,#5974,
#5975,#5976,#5977,#5978,#5979,#5980,#5981,#5982,#5983,#5984),
 .UNSPECIFIED.,.F.,.F.,(4,2,2,2,2,2,2,2,2,2,2,2,2,2,2,2,2,2,2,2,2,2,2,2,
2,2,2,2,2,2,2,4),(0.,3.33005854765241,6.66011709530482,9.99017564295723,
13.3202341906096,16.650292738262,19.9803512859145,23.3104098335669,26.6404683812193,
30.0550422833487,33.4696161854781,36.8841900876075,40.298763989737,43.7133378918664,
47.1279117939958,50.5424856961252,53.9570595982546,57.2182376876431,60.4794157770316,
63.7405938664201,67.0017719558086,70.2629500451971,73.5241281345856,76.7853062239741,
80.0464843133626,83.3440028550023,86.641521396642,89.9390399382818,93.2365584799215,
96.5340770215612,99.8315955632009,102.518674445813),.UNSPECIFIED.);
#49=B_SPLINE_CURVE_WITH_KNOTS('',3,(#5995,#5996,#5997,#5998,#5999,#6000,
#6001,#6002,#6003,#6004,#6005,#6006,#6007,#6008,#6009,#6010,#6011,#6012,
#6013,#6014,#6015,#6016,#6017,#6018,#6019,#6020,#6021,#6022,#6023,#6024,
#6025,#6026,#6027,#6028,#6029,#6030,#6031,#6032,#6033,#6034,#6035,#6036,
#6037,#6038,#6039,#6040,#6041,#6042,#6043,#6044,#6045,#6046,#6047,#6048,
#6049,#6050,#6051,#6052,#6053,#6054,#6055,#6056,#6057,#6058,#6059,#6060),
 .UNSPECIFIED.,.F.,.F.,(4,2,2,2,2,2,2,2,2,2,2,2,2,2,2,2,2,2,2,2,2,2,2,2,
2,2,2,2,2,2,2,2,4),(106.442986104388,109.740766645543,113.038547186698,
116.336327727853,119.634108269008,122.931888810163,126.229669351318,129.527449892473,
132.825230433628,136.086420774722,139.347611115816,142.60880145691,145.869991798003,
149.131182139097,152.392372480191,155.653562821285,158.914753162379,162.330452594711,
165.746152027043,169.161851459374,172.577550891706,175.993250324038,179.408949756369,
182.824649188701,186.240348621033,189.571051569501,192.901754517969,196.232457466437,
199.563160414904,202.893863363372,206.22456631184,209.555269260308,212.885972208776),
 .UNSPECIFIED.);
#50=B_SPLINE_CURVE_WITH_KNOTS('',3,(#6062,#6063,#6064,#6065,#6066,#6067,
#6068,#6069,#6070,#6071,#6072,#6073,#6074,#6075,#6076,#6077,#6078,#6079,
#6080,#6081,#6082,#6083,#6084,#6085,#6086,#6087,#6088,#6089,#6090,#6091,
#6092,#6093,#6094,#6095),.UNSPECIFIED.,.F.,.F.,(4,2,2,2,2,2,2,2,2,2,2,2,
2,2,2,2,4),(0.,3.33070294846787,6.66140589693574,9.99210884540361,13.3228117938715,
16.6535147423394,19.9842176908072,23.3149206392751,26.645623587743,30.0613230200747,
33.4770224524064,36.8927218847382,40.3084213170699,43.7241207494016,47.1398201817334,
50.5555196140651,53.9712190463968),.UNSPECIFIED.);
#51=B_SPLINE_CURVE_WITH_KNOTS('',3,(#6096,#6097,#6098,#6099,#6100,#6101,
#6102,#6103,#6104,#6105,#6106,#6107,#6108,#6109,#6110,#6111,#6112,#6113,
#6114,#6115,#6116,#6117,#6118,#6119,#6120,#6121,#6122,#6123,#6124,#6125,
#6126,#6127,#6128,#6129),.UNSPECIFIED.,.F.,.F.,(4,2,2,2,2,2,2,2,2,2,2,2,
2,2,2,2,4),(53.9712190463968,57.2324093874907,60.4935997285846,63.7547900696785,
67.0159804107724,70.2771707518663,73.5383610929602,76.7995514340541,80.060741775148,
83.358522316303,86.656302857458,89.954083398613,93.251863939768,96.549644480923,
99.847425022078,103.145205563233,106.442986104388),.UNSPECIFIED.);
#52=B_SPLINE_CURVE_WITH_KNOTS('',3,(#6178,#6179,#6180,#6181,#6182,#6183,
#6184,#6185,#6186,#6187,#6188,#6189,#6190,#6191,#6192,#6193,#6194,#6195,
#6196,#6197,#6198,#6199,#6200,#6201,#6202,#6203),.UNSPECIFIED.,.T.,.F.,
(4,1,1,1,1,1,1,1,1,1,1,1,1,1,1,1,1,1,1,1,1,1,1,4),(-1.,-0.928571428571429,
-0.892857142857143,-0.857142857142857,-0.821428571428571,-0.785714285714286,
-0.75,-0.714285714285714,-0.666666666666667,-0.619047619047619,-0.571428571428571,
-0.523809523809524,-0.476190476190476,-0.428571428571429,-0.380952380952381,
-0.333333333333333,-0.30952380952381,-0.297619047619048,-0.285714285714286,
-0.238095238095238,-0.19047619047619,-0.142857142857143,-0.0714285714285714,
0.),.UNSPECIFIED.);
#53=B_SPLINE_CURVE_WITH_KNOTS('',3,(#6246,#6247,#6248,#6249,#6250,#6251,
#6252,#6253,#6254,#6255,#6256,#6257,#6258,#6259,#6260,#6261,#6262,#6263,
#6264,#6265,#6266,#6267,#6268,#6269,#6270,#6271,#6272,#6273,#6274,#6275,
#6276,#6277,#6278,#6279,#6280,#6281,#6282,#6283,#6284,#6285,#6286,#6287,
#6288,#6289,#6290,#6291,#6292,#6293,#6294,#6295,#6296,#6297,#6298,#6299,
#6300,#6301,#6302,#6303,#6304,#6305,#6306,#6307,#6308,#6309,#6310,#6311),
 .UNSPECIFIED.,.T.,.F.,(4,2,2,2,2,2,2,2,2,2,2,2,2,2,2,2,2,2,2,2,2,2,2,2,
2,2,2,2,2,2,2,2,4),(0.,0.908924129352737,1.81784825870547,2.72677238805821,
3.63569651741095,4.54508003220558,5.45446354700021,6.36384706179485,7.27323057658948,
8.18260147561518,9.09197237464089,10.0013432736666,10.9107141726923,11.8196370476944,
12.7285599226965,13.6374827976987,14.5464056727008,15.4553285477029,16.364251422705,
17.2731742977072,18.1820971727093,19.091468071735,20.0008389707607,20.9102098697864,
21.8195807688121,22.7289642836067,23.6383477984014,24.547731313196,25.4571148279906,
26.3660389573434,27.2749630866961,28.1838872160488,29.0928113454016),
 .UNSPECIFIED.);
#54=B_SPLINE_CURVE_WITH_KNOTS('',3,(#6560,#6561,#6562,#6563,#6564,#6565,
#6566,#6567,#6568,#6569,#6570,#6571,#6572,#6573,#6574,#6575,#6576,#6577,
#6578,#6579,#6580,#6581,#6582,#6583,#6584,#6585,#6586,#6587,#6588,#6589,
#6590,#6591,#6592,#6593,#6594,#6595,#6596,#6597,#6598),.UNSPECIFIED.,.T.,
 .F.,(4,2,2,2,2,2,2,2,2,2,2,2,2,2,2,2,3,2,4),(2.45977663656927,3.62915888211814,
5.45373535554596,7.32549133688475,9.22661195261086,11.1374980324151,13.0420195269899,
14.921356698478,16.7549554267317,18.5538095686552,20.3750853341115,22.2449326676414,
24.1457936149973,26.0570246766258,27.9622730768076,29.0317685430989,30.089486930697,
31.9194880403001,32.5492635672663),.UNSPECIFIED.);
#55=B_SPLINE_CURVE_WITH_KNOTS('',3,(#6600,#6601,#6602,#6603),
 .UNSPECIFIED.,.F.,.F.,(4,4),(-0.00167695568830659,1.0020653576586),
 .UNSPECIFIED.);
#56=B_SPLINE_CURVE_WITH_KNOTS('',3,(#6604,#6605,#6606,#6607,#6608,#6609,
#6610,#6611,#6612,#6613,#6614,#6615,#6616,#6617,#6618,#6619,#6620,#6621,
#6622,#6623,#6624,#6625,#6626,#6627,#6628,#6629,#6630,#6631,#6632,#6633,
#6634,#6635,#6636,#6637,#6638,#6639,#6640,#6641,#6642),.UNSPECIFIED.,.T.,
 .F.,(4,2,2,2,3,2,2,2,2,2,2,2,2,2,2,2,2,2,4),(23.855867518903,25.0630464888685,
26.931782395493,28.4850191603189,30.0482597832838,31.961848327525,33.8570896022832,
35.7093285626028,37.5055310870607,38.3939014007553,40.2096985547239,42.0816671498796,
43.9860944737669,45.9008630074046,47.808927666481,49.6895804085886,51.5168540028966,
53.3004796827719,53.9041273021868),.UNSPECIFIED.);
#57=B_SPLINE_CURVE_WITH_KNOTS('',3,(#6723,#6724,#6725,#6726,#6727,#6728,
#6729,#6730,#6731,#6732,#6733,#6734,#6735,#6736,#6737,#6738,#6739,#6740,
#6741,#6742,#6743,#6744,#6745,#6746,#6747,#6748,#6749,#6750,#6751,#6752,
#6753,#6754,#6755,#6756,#6757,#6758,#6759,#6760,#6761),.UNSPECIFIED.,.T.,
 .F.,(4,2,2,3,2,2,2,2,2,2,2,2,2,2,2,2,2,2,4),(27.629093868661,28.0148234106013,
29.0413400749117,30.0838996835307,31.9599089499447,33.8623338452116,35.7727171435904,
37.675229919005,39.5501981693198,41.3778559898533,43.1760417189122,45.0025979645221,
46.8763907483191,48.7783550128787,50.6889723617088,52.5921098271923,54.468782110244,
56.2994913381802,57.7129935521917),.UNSPECIFIED.);
#58=B_SPLINE_CURVE_WITH_KNOTS('',3,(#6891,#6892,#6893,#6894),
 .UNSPECIFIED.,.F.,.F.,(4,4),(-0.00167695568830456,1.0020653576586),
 .UNSPECIFIED.);
#59=B_SPLINE_CURVE_WITH_KNOTS('',3,(#6895,#6896,#6897,#6898,#6899,#6900,
#6901,#6902,#6903,#6904,#6905,#6906,#6907,#6908,#6909,#6910,#6911,#6912,
#6913,#6914,#6915,#6916,#6917,#6918,#6919,#6920,#6921,#6922,#6923,#6924,
#6925,#6926,#6927,#6928,#6929,#6930,#6931,#6932,#6933),.UNSPECIFIED.,.T.,
 .F.,(4,2,2,2,2,2,2,2,2,2,2,2,2,2,3,2,2,2,4),(6.19399911269531,6.55705448267317,
8.3402334812709,10.1594562646313,12.0344984077092,13.9404115253955,15.8553999604994,
17.7624285238224,19.6403928564906,21.4642087677891,23.2485005574246,25.0635467981995,
26.9344253297622,28.4879036301163,30.0508016396581,31.9640972592381,33.858636826886,
35.7082857942383,36.2448007523534),.UNSPECIFIED.);
#60=B_SPLINE_CURVE_WITH_KNOTS('',3,(#6991,#6992,#6993,#6994,#6995,#6996,
#6997,#6998,#6999,#7000,#7001,#7002,#7003,#7004,#7005,#7006,#7007,#7008,
#7009,#7010,#7011,#7012,#7013,#7014,#7015,#7016),.UNSPECIFIED.,.T.,.F.,
(4,1,1,1,1,1,1,1,1,1,1,1,1,1,1,1,1,1,1,1,1,1,1,4),(0.,0.0714285714285714,
0.142857142857143,0.19047619047619,0.238095238095238,0.285714285714286,
0.297619047619048,0.30952380952381,0.333333333333333,0.380952380952381,
0.428571428571429,0.476190476190476,0.523809523809524,0.571428571428571,
0.619047619047619,0.666666666666667,0.714285714285714,0.75,0.785714285714286,
0.821428571428571,0.857142857142857,0.892857142857143,0.928571428571429,
1.),.UNSPECIFIED.);
#61=B_SPLINE_CURVE_WITH_KNOTS('',3,(#7029,#7030,#7031,#7032,#7033,#7034,
#7035,#7036,#7037,#7038,#7039,#7040,#7041,#7042,#7043,#7044,#7045,#7046,
#7047,#7048,#7049,#7050,#7051,#7052,#7053,#7054,#7055,#7056,#7057,#7058,
#7059,#7060,#7061,#7062,#7063,#7064,#7065,#7066,#7067,#7068,#7069,#7070,
#7071,#7072,#7073,#7074,#7075,#7076,#7077,#7078,#7079,#7080,#7081,#7082,
#7083,#7084,#7085,#7086,#7087,#7088,#7089,#7090,#7091,#7092,#7093,#7094),
 .UNSPECIFIED.,.T.,.F.,(4,2,2,2,2,2,2,2,2,2,2,2,2,2,2,2,2,2,2,2,2,2,2,2,
2,2,2,2,2,2,2,2,4),(0.,0.956762280156833,1.91352456031367,2.8702868404705,
3.82704912062733,4.78429524885809,5.74154137708884,6.69878750531959,7.65603363355035,
8.61326578396485,9.57049793437935,10.5277300847938,11.4849622352084,12.4417231255899,
13.3984840159715,14.355244906353,15.3120057967346,16.2687666871162,17.2255275774977,
18.1822884678793,19.1390493582609,20.0962815086754,21.0535136590899,22.0107458095044,
22.9679779599189,23.9252240881496,24.8824702163804,25.8397163446111,26.7969624728419,
27.7537247529987,28.7104870331556,29.6672493133124,30.6240115934692),
 .UNSPECIFIED.);
#62=B_SPLINE_CURVE_WITH_KNOTS('',3,(#7201,#7202,#7203,#7204,#7205,#7206,
#7207,#7208,#7209,#7210,#7211,#7212,#7213,#7214,#7215,#7216,#7217,#7218,
#7219,#7220,#7221,#7222,#7223,#7224,#7225,#7226),.UNSPECIFIED.,.T.,.F.,
(4,1,1,1,1,1,1,1,1,1,1,1,1,1,1,1,1,1,1,1,1,1,1,4),(-1.,-0.928571428571429,
-0.892857142857143,-0.857142857142857,-0.821428571428571,-0.785714285714286,
-0.75,-0.714285714285714,-0.666666666666667,-0.619047619047619,-0.571428571428571,
-0.523809523809524,-0.476190476190476,-0.428571428571429,-0.380952380952381,
-0.333333333333333,-0.30952380952381,-0.297619047619048,-0.285714285714286,
-0.238095238095238,-0.19047619047619,-0.142857142857143,-0.0714285714285714,
0.),.UNSPECIFIED.);
#63=B_SPLINE_CURVE_WITH_KNOTS('',3,(#7333,#7334,#7335,#7336,#7337,#7338,
#7339,#7340,#7341,#7342,#7343,#7344,#7345,#7346,#7347,#7348,#7349,#7350,
#7351,#7352,#7353,#7354,#7355,#7356,#7357,#7358),.UNSPECIFIED.,.T.,.F.,
(4,1,1,1,1,1,1,1,1,1,1,1,1,1,1,1,1,1,1,1,1,1,1,4),(0.,0.0714285714285714,
0.142857142857143,0.19047619047619,0.238095238095238,0.285714285714286,
0.297619047619048,0.30952380952381,0.333333333333333,0.380952380952381,
0.428571428571429,0.476190476190476,0.523809523809524,0.571428571428571,
0.619047619047619,0.666666666666667,0.714285714285714,0.75,0.785714285714286,
0.821428571428571,0.857142857142857,0.892857142857143,0.928571428571429,
1.),.UNSPECIFIED.);
#64=B_SPLINE_CURVE_WITH_KNOTS('',3,(#7622,#7623,#7624,#7625,#7626,#7627,
#7628,#7629,#7630,#7631,#7632,#7633,#7634,#7635,#7636,#7637),
 .UNSPECIFIED.,.F.,.F.,(4,2,2,2,2,2,2,4),(-6.91205194417498,-5.88333978771931,
-4.99417686531881,-4.02306151240221,-3.04905007329535,-2.0767142932968,
-1.11598065030564,0.),.UNSPECIFIED.);
#65=B_SPLINE_CURVE_WITH_KNOTS('',3,(#7638,#7639,#7640,#7641,#7642,#7643,
#7644,#7645,#7646,#7647,#7648,#7649,#7650,#7651,#7652,#7653),
 .UNSPECIFIED.,.F.,.F.,(4,2,2,2,2,2,2,4),(-6.91205192640602,-5.88333975998534,
-4.99417673854261,-4.02306145337686,-3.04904998906111,-2.0767141003271,
-1.11598034586554,0.),.UNSPECIFIED.);
#66=B_SPLINE_CURVE_WITH_KNOTS('',3,(#7681,#7682,#7683,#7684),
 .UNSPECIFIED.,.F.,.F.,(4,4),(3.5393660768697,5.00291012009826),
 .UNSPECIFIED.);
#67=B_SPLINE_CURVE_WITH_KNOTS('',3,(#7686,#7687,#7688,#7689,#7690,#7691,
#7692,#7693,#7694,#7695),.UNSPECIFIED.,.F.,.F.,(4,2,2,2,4),(-0.219571914731243,
-0.186109434490845,-0.131461787188474,-0.0777112763230277,-0.0257561951479929),
 .UNSPECIFIED.);
#68=B_SPLINE_CURVE_WITH_KNOTS('',3,(#7697,#7698,#7699,#7700,#7701,#7702,
#7703,#7704,#7705,#7706,#7707,#7708,#7709,#7710),.UNSPECIFIED.,.F.,.F.,
(4,2,2,2,2,2,4),(-0.400049583383532,-0.399137714119825,-0.384386771168491,
-0.349656113233044,-0.295591185791504,-0.240906323318166,-0.219571914731243),
 .UNSPECIFIED.);
#69=B_SPLINE_CURVE_WITH_KNOTS('',3,(#7711,#7712,#7713,#7714),
 .UNSPECIFIED.,.F.,.F.,(4,4),(217.64014245694,219.103686500172),
 .UNSPECIFIED.);
#70=B_SPLINE_CURVE_WITH_KNOTS('',3,(#7740,#7741,#7742,#7743,#7744,#7745,
#7746,#7747,#7748,#7749),.UNSPECIFIED.,.F.,.F.,(4,2,2,2,4),(-0.219562101880575,
-0.186099556814021,-0.131453770024561,-0.0777051983654902,-0.0257550688467905),
 .UNSPECIFIED.);
#71=B_SPLINE_CURVE_WITH_KNOTS('',3,(#7750,#7751,#7752,#7753,#7754,#7755,
#7756,#7757,#7758,#7759,#7760,#7761,#7762,#7763),.UNSPECIFIED.,.F.,.F.,
(4,2,2,2,2,2,4),(-0.400032430054546,-0.399120056815095,-0.384369187804333,
-0.349639188856094,-0.295576788213038,-0.240894339994388,-0.219562101880575),
 .UNSPECIFIED.);
#72=B_SPLINE_CURVE_WITH_KNOTS('',1,(#7800,#7801),.UNSPECIFIED.,.F.,.F.,
(2,2),(-41.8577229009531,5.10702591327572E-15),.UNSPECIFIED.);
#73=B_SPLINE_CURVE_WITH_KNOTS('',3,(#7871,#7872,#7873,#7874,#7875,#7876,
#7877,#7878,#7879,#7880,#7881,#7882,#7883,#7884,#7885,#7886),
 .UNSPECIFIED.,.F.,.F.,(4,2,2,2,2,2,2,4),(-6.91205192643519,-5.88333976001071,
-4.99417673856499,-4.02306145339451,-3.04904998907097,-2.07671410033249,
-1.11598034586798,0.),.UNSPECIFIED.);
#74=B_SPLINE_CURVE_WITH_KNOTS('',3,(#7887,#7888,#7889,#7890,#7891,#7892,
#7893,#7894,#7895,#7896,#7897,#7898,#7899,#7900,#7901,#7902),
 .UNSPECIFIED.,.F.,.F.,(4,2,2,2,2,2,2,4),(-6.9120519442067,-5.88333978775532,
-4.99417686534881,-4.02306151242647,-3.04905007331416,-2.07671429330849,
-1.11598065031098,0.),.UNSPECIFIED.);
#75=B_SPLINE_CURVE_WITH_KNOTS('',3,(#7930,#7931,#7932,#7933,#7934,#7935),
 .UNSPECIFIED.,.F.,.F.,(4,2,4),(6.46645416332675,112.434741551405,216.176598413712),
 .UNSPECIFIED.);
#76=B_SPLINE_CURVE_WITH_KNOTS('',3,(#7937,#7938,#7939,#7940,#7941,#7942,
#7943,#7944,#7945,#7946,#7947,#7948,#7949,#7950,#7951,#7952,#7953,#7954,
#7955,#7956),.UNSPECIFIED.,.F.,.F.,(4,2,2,2,2,2,2,2,2,4),(0.0257562047150123,
0.0777113053912604,0.131461836431687,0.186109504245831,0.24090641364086,
0.295591296640046,0.349656244374597,0.384386915345989,0.399137863834001,
0.400049733439974),.UNSPECIFIED.);
#77=B_SPLINE_CURVE_WITH_KNOTS('',3,(#7957,#7958,#7959,#7960,#7961,#7962),
 .UNSPECIFIED.,.F.,.F.,(4,2,4),(6.46645416332629,112.434741551404,216.176598413712),
 .UNSPECIFIED.);
#78=B_SPLINE_CURVE_WITH_KNOTS('',3,(#7987,#7988,#7989,#7990,#7991,#7992,
#7993,#7994,#7995,#7996,#7997,#7998,#7999,#8000,#8001,#8002,#8003,#8004,
#8005,#8006),.UNSPECIFIED.,.F.,.F.,(4,2,2,2,2,2,2,2,2,4),(-0.400032430054125,
-0.399120056814679,-0.384369187804109,-0.349639188855881,-0.295576788212841,
-0.240894339994293,-0.186099556814021,-0.131453770024561,-0.0777051983654902,
-0.0257550688468165),.UNSPECIFIED.);
#79=B_SPLINE_CURVE_WITH_KNOTS('',3,(#8034,#8035,#8036,#8037,#8038,#8039,
#8040,#8041,#8042,#8043,#8044,#8045,#8046,#8047,#8048,#8049),
 .UNSPECIFIED.,.F.,.F.,(4,2,2,2,2,2,2,4),(0.,1.11598034585604,2.07671410030511,
3.04904998902591,4.02306145333181,4.99417673848868,5.88333975992329,6.91205192633488),
 .UNSPECIFIED.);
#80=B_SPLINE_CURVE_WITH_KNOTS('',3,(#8051,#8052,#8053,#8054),
 .UNSPECIFIED.,.F.,.F.,(4,4),(217.64014245694,219.103686500172),
 .UNSPECIFIED.);
#81=B_SPLINE_CURVE_WITH_KNOTS('',3,(#8056,#8057,#8058,#8059,#8060,#8061,
#8062,#8063,#8064,#8065,#8066,#8067,#8068,#8069),.UNSPECIFIED.,.F.,.F.,
(4,2,2,2,2,2,4),(-0.400049583383532,-0.399137714119825,-0.384386771168491,
-0.349656113233044,-0.295591185791504,-0.240906323318166,-0.219571914731243),
 .UNSPECIFIED.);
#82=B_SPLINE_CURVE_WITH_KNOTS('',3,(#8071,#8072,#8073,#8074,#8075,#8076,
#8077,#8078,#8079,#8080),.UNSPECIFIED.,.F.,.F.,(4,2,2,2,4),(-0.219571914731243,
-0.186109434490845,-0.131461787188474,-0.0777112763230277,-0.0257561951479929),
 .UNSPECIFIED.);
#83=B_SPLINE_CURVE_WITH_KNOTS('',3,(#8081,#8082,#8083,#8084),
 .UNSPECIFIED.,.F.,.F.,(4,4),(3.5393660768697,5.00291012009842),
 .UNSPECIFIED.);
#84=B_SPLINE_CURVE_WITH_KNOTS('',3,(#8109,#8110,#8111,#8112,#8113,#8114,
#8115,#8116,#8117,#8118,#8119,#8120,#8121,#8122,#8123,#8124),
 .UNSPECIFIED.,.F.,.F.,(4,2,2,2,2,2,2,4),(0.,1.11598065027515,2.0767142932285,
3.04905007319078,4.02306151226298,4.99417686514546,5.88333978751481,6.91205194393578),
 .UNSPECIFIED.);
#85=B_SPLINE_CURVE_WITH_KNOTS('',3,(#8126,#8127,#8128,#8129,#8130,#8131,
#8132,#8133,#8134,#8135,#8136,#8137,#8138,#8139),.UNSPECIFIED.,.F.,.F.,
(4,2,2,2,2,2,4),(-0.400032430054546,-0.399120056815095,-0.384369187804333,
-0.349639188856094,-0.295576788213038,-0.240894339994388,-0.219562101880575),
 .UNSPECIFIED.);
#86=B_SPLINE_CURVE_WITH_KNOTS('',3,(#8140,#8141,#8142,#8143,#8144,#8145,
#8146,#8147,#8148,#8149),.UNSPECIFIED.,.F.,.F.,(4,2,2,2,4),(-0.219562101880575,
-0.186099556814021,-0.131453770024561,-0.0777051983654902,-0.0257550688467905),
 .UNSPECIFIED.);
#87=B_SPLINE_CURVE_WITH_KNOTS('',1,(#8250,#8251),.UNSPECIFIED.,.F.,.F.,
(2,2),(-41.8577229009531,-3.21964677141295E-14),.UNSPECIFIED.);
#88=B_SPLINE_CURVE_WITH_KNOTS('',3,(#8258,#8259,#8260,#8261,#8262,#8263,
#8264,#8265,#8266,#8267,#8268,#8269,#8270,#8271,#8272,#8273,#8274,#8275,
#8276,#8277),.UNSPECIFIED.,.F.,.F.,(4,2,2,2,2,2,2,2,2,4),(-0.400032580137774,
-0.399120206555804,-0.384369332007374,-0.349639320020545,-0.295576899080852,
-0.240894430333004,-0.186099626580984,-0.131453819275753,-0.0777052274379318,
-0.0257550784155447),.UNSPECIFIED.);
#89=B_SPLINE_CURVE_WITH_KNOTS('',3,(#8278,#8279,#8280,#8281,#8282,#8283,
#8284,#8285,#8286,#8287,#8288,#8289,#8290,#8291,#8292,#8293,#8294,#8295,
#8296,#8297),.UNSPECIFIED.,.F.,.F.,(4,2,2,2,2,2,2,2,2,4),(0.0257550736309657,
0.077705212900146,0.131453794647111,0.18609959169304,0.240894385157784,
0.295576843639445,0.349639254429358,0.384369259895909,0.399120131674982,
0.40003250508568),.UNSPECIFIED.);
#90=B_SPLINE_CURVE_WITH_KNOTS('',3,(#8301,#8302,#8303,#8304,#8305,#8306,
#8307,#8308,#8309,#8310,#8311,#8312,#8313,#8314,#8315,#8316,#8317,#8318,
#8319,#8320),.UNSPECIFIED.,.F.,.F.,(4,2,2,2,2,2,2,2,2,4),(0.0257550688468322,
0.0777051983654846,0.131453770024556,0.186099556814017,0.240894339994291,
0.295576788212841,0.349639188855885,0.384369187804115,0.399120056814686,
0.400032430054146),.UNSPECIFIED.);
#91=B_SPLINE_CURVE_WITH_KNOTS('',3,(#8321,#8322,#8323,#8324,#8325,#8326,
#8327,#8328,#8329,#8330,#8331,#8332,#8333,#8334,#8335,#8336,#8337,#8338,
#8339,#8340),.UNSPECIFIED.,.F.,.F.,(4,2,2,2,2,2,2,2,2,4),(-0.400032430054203,
-0.399120056814743,-0.38436918780417,-0.349639188855936,-0.295576788212887,
-0.24089433999433,-0.186099556814049,-0.131453770024579,-0.0777051983654996,
-0.0257550688467932),.UNSPECIFIED.);
#92=B_SPLINE_CURVE_WITH_KNOTS('',3,(#8365,#8366,#8367,#8368,#8369,#8370),
 .UNSPECIFIED.,.F.,.F.,(4,2,4),(6.46645416332721,111.32152628852,216.176598413712),
 .UNSPECIFIED.);
#93=B_SPLINE_CURVE_WITH_KNOTS('',3,(#8371,#8372,#8373,#8374,#8375,#8376),
 .UNSPECIFIED.,.F.,.F.,(4,2,4),(6.46645416332675,111.32152628852,216.17659841371),
 .UNSPECIFIED.);
#94=ELLIPSE('',#4173,4906.96936725996,937.457182450212);
#95=ELLIPSE('',#4202,24.6150799622563,13.625);
#96=ELLIPSE('',#4203,24.6150799622563,13.625);
#97=ELLIPSE('',#4205,24.6150799622563,13.625);
#98=ELLIPSE('',#4206,24.6150799622563,13.625);
#99=ELLIPSE('',#4208,27.7667545708846,13.625);
#100=ELLIPSE('',#4210,27.7667545708846,13.625);
#101=ELLIPSE('',#4212,27.7667545708846,13.625);
#102=ELLIPSE('',#4215,27.7667545708846,13.625);
#103=ELLIPSE('',#4242,4906.96936725996,937.457182450212);
#104=ELLIPSE('',#4259,852.923012714646,285.691366434744);
#105=ELLIPSE('',#4261,852.923012714646,285.691366434744);
#106=ELLIPSE('',#4328,853.221559717783,285.791366434744);
#107=ELLIPSE('',#4335,853.221559717783,285.791366434744);
#108=FACE_BOUND('',#536,.T.);
#109=FACE_BOUND('',#552,.T.);
#110=FACE_BOUND('',#575,.T.);
#111=FACE_BOUND('',#621,.T.);
#112=FACE_BOUND('',#622,.T.);
#113=FACE_BOUND('',#626,.T.);
#114=FACE_BOUND('',#629,.T.);
#115=FACE_BOUND('',#630,.T.);
#116=FACE_BOUND('',#632,.T.);
#117=FACE_BOUND('',#636,.T.);
#118=FACE_BOUND('',#637,.T.);
#119=FACE_BOUND('',#647,.T.);
#120=FACE_BOUND('',#648,.T.);
#121=FACE_BOUND('',#672,.T.);
#122=FACE_BOUND('',#673,.T.);
#123=FACE_BOUND('',#688,.T.);
#124=FACE_BOUND('',#690,.T.);
#125=FACE_BOUND('',#705,.T.);
#126=FACE_BOUND('',#714,.T.);
#127=FACE_BOUND('',#718,.T.);
#128=FACE_BOUND('',#725,.T.);
#129=FACE_BOUND('',#740,.T.);
#130=FACE_BOUND('',#742,.T.);
#131=FACE_BOUND('',#749,.T.);
#132=CIRCLE('',#4150,34.5100063841834);
#133=CIRCLE('',#4151,34.5100063841834);
#134=CIRCLE('',#4158,3198.52295626701);
#135=CIRCLE('',#4161,3198.52295626701);
#136=CIRCLE('',#4165,19.6875);
#137=CIRCLE('',#4166,19.6875);
#138=CIRCLE('',#4169,19.6875);
#139=CIRCLE('',#4171,19.6875);
#140=CIRCLE('',#4175,19.6875);
#141=CIRCLE('',#4176,19.6875);
#142=CIRCLE('',#4179,19.6875);
#143=CIRCLE('',#4181,19.6875);
#144=CIRCLE('',#4185,13.625);
#145=CIRCLE('',#4186,13.625);
#146=CIRCLE('',#4188,13.625);
#147=CIRCLE('',#4189,13.625);
#148=CIRCLE('',#4219,31.0093838972127);
#149=CIRCLE('',#4220,31.0093838972127);
#150=CIRCLE('',#4222,31.1093838972127);
#151=CIRCLE('',#4223,1099.65553946251);
#152=CIRCLE('',#4224,285.791366434744);
#153=CIRCLE('',#4225,285.791366434744);
#154=CIRCLE('',#4226,84.8322043228725);
#155=CIRCLE('',#4227,937.457182450212);
#156=CIRCLE('',#4228,937.457182450212);
#157=CIRCLE('',#4229,3198.52295626701);
#158=CIRCLE('',#4230,31.1093838972127);
#159=CIRCLE('',#4232,31.1093838972127);
#160=CIRCLE('',#4234,13.625);
#161=CIRCLE('',#4246,1.9);
#162=CIRCLE('',#4249,25.9);
#163=CIRCLE('',#4250,25.9);
#164=CIRCLE('',#4253,113.078487771069);
#165=CIRCLE('',#4254,113.078487771069);
#166=CIRCLE('',#4256,14.9);
#167=CIRCLE('',#4257,14.9);
#168=CIRCLE('',#4269,14.9);
#169=CIRCLE('',#4272,14.9);
#170=CIRCLE('',#4278,285.691366434744);
#171=CIRCLE('',#4279,285.691366434744);
#172=CIRCLE('',#4281,84.9322043228725);
#173=CIRCLE('',#4282,84.9322043228725);
#174=CIRCLE('',#4290,1099.55553946251);
#175=CIRCLE('',#4291,1099.55553946251);
#176=CIRCLE('',#4294,285.691366434744);
#177=CIRCLE('',#4295,285.691366434744);
#178=CIRCLE('',#4298,937.357182450212);
#179=CIRCLE('',#4299,937.357182450212);
#180=CIRCLE('',#4300,937.357182450212);
#181=CIRCLE('',#4301,937.357182450212);
#182=CIRCLE('',#4303,31.0093838972127);
#183=CIRCLE('',#4304,3198.42295626701);
#184=CIRCLE('',#4306,31.0093838972127);
#185=CIRCLE('',#4308,3198.42295626701);
#186=CIRCLE('',#4312,937.457182450212);
#187=CIRCLE('',#4313,937.457182450212);
#188=CIRCLE('',#4315,31.1093838972127);
#189=CIRCLE('',#4316,3198.52295626701);
#190=CIRCLE('',#4317,84.8322043228725);
#191=CIRCLE('',#4318,285.791366434744);
#192=CIRCLE('',#4319,285.791366434744);
#193=CIRCLE('',#4320,1099.65553946251);
#194=CIRCLE('',#4325,2.);
#195=CIRCLE('',#4330,15.);
#196=CIRCLE('',#4331,15.);
#197=CIRCLE('',#4340,15.);
#198=CIRCLE('',#4343,15.);
#199=CIRCLE('',#4350,112.978487771069);
#200=CIRCLE('',#4351,26.);
#201=CIRCLE('',#4354,26.);
#202=CIRCLE('',#4357,112.978487771069);
#203=CIRCLE('',#4372,12.5);
#204=CIRCLE('',#4373,12.5);
#205=CIRCLE('',#4375,12.5);
#206=CIRCLE('',#4376,12.5);
#207=CIRCLE('',#4380,2.);
#208=CIRCLE('',#4383,2.);
#209=CIRCLE('',#4384,2.);
#210=CIRCLE('',#4385,2.);
#211=CIRCLE('',#4387,5.);
#212=CIRCLE('',#4388,8.);
#213=CIRCLE('',#4391,8.);
#214=CIRCLE('',#4393,5.);
#215=CIRCLE('',#4397,4.9);
#216=CIRCLE('',#4398,7.9);
#217=CIRCLE('',#4401,7.9);
#218=CIRCLE('',#4403,4.9);
#219=CIRCLE('',#4408,12.5);
#220=CIRCLE('',#4409,12.5);
#221=CIRCLE('',#4411,12.5);
#222=CIRCLE('',#4413,12.5);
#223=CIRCLE('',#4418,2.);
#224=CIRCLE('',#4419,2.);
#225=CIRCLE('',#4423,5.);
#226=CIRCLE('',#4424,8.);
#227=CIRCLE('',#4427,8.);
#228=CIRCLE('',#4429,5.);
#229=CIRCLE('',#4434,4.9);
#230=CIRCLE('',#4435,7.9);
#231=CIRCLE('',#4438,7.9);
#232=CIRCLE('',#4440,4.9);
#233=CIRCLE('',#4448,5.);
#234=CIRCLE('',#4449,8.);
#235=CIRCLE('',#4452,8.);
#236=CIRCLE('',#4454,5.);
#237=CIRCLE('',#4456,2.);
#238=CIRCLE('',#4460,4.9);
#239=CIRCLE('',#4461,7.9);
#240=CIRCLE('',#4464,7.9);
#241=CIRCLE('',#4466,4.9);
#242=CIRCLE('',#4468,2.);
#243=CIRCLE('',#4474,12.5);
#244=CIRCLE('',#4475,12.5);
#245=CIRCLE('',#4477,12.5);
#246=CIRCLE('',#4479,12.5);
#247=CYLINDRICAL_SURFACE('',#4149,34.5100063841834);
#248=CYLINDRICAL_SURFACE('',#4164,19.6875);
#249=CYLINDRICAL_SURFACE('',#4170,19.6875);
#250=CYLINDRICAL_SURFACE('',#4174,19.6875);
#251=CYLINDRICAL_SURFACE('',#4180,19.6875);
#252=CYLINDRICAL_SURFACE('',#4207,13.625);
#253=CYLINDRICAL_SURFACE('',#4209,13.625);
#254=CYLINDRICAL_SURFACE('',#4211,13.625);
#255=CYLINDRICAL_SURFACE('',#4216,13.625);
#256=CYLINDRICAL_SURFACE('',#4218,31.0093838972127);
#257=CYLINDRICAL_SURFACE('',#4231,31.1093838972127);
#258=CYLINDRICAL_SURFACE('',#4233,13.625);
#259=CYLINDRICAL_SURFACE('',#4245,1.9);
#260=CYLINDRICAL_SURFACE('',#4248,25.9);
#261=CYLINDRICAL_SURFACE('',#4252,113.078487771069);
#262=CYLINDRICAL_SURFACE('',#4268,14.9);
#263=CYLINDRICAL_SURFACE('',#4271,14.9);
#264=CYLINDRICAL_SURFACE('',#4277,285.691366434744);
#265=CYLINDRICAL_SURFACE('',#4280,84.9322043228725);
#266=CYLINDRICAL_SURFACE('',#4289,1099.55553946251);
#267=CYLINDRICAL_SURFACE('',#4293,285.691366434744);
#268=CYLINDRICAL_SURFACE('',#4297,937.357182450212);
#269=CYLINDRICAL_SURFACE('',#4305,31.0093838972127);
#270=CYLINDRICAL_SURFACE('',#4309,3198.42295626701);
#271=CYLINDRICAL_SURFACE('',#4311,937.457182450212);
#272=CYLINDRICAL_SURFACE('',#4324,2.);
#273=CYLINDRICAL_SURFACE('',#4339,15.);
#274=CYLINDRICAL_SURFACE('',#4342,15.);
#275=CYLINDRICAL_SURFACE('',#4346,285.791366434744);
#276=CYLINDRICAL_SURFACE('',#4347,285.791366434744);
#277=CYLINDRICAL_SURFACE('',#4353,26.);
#278=CYLINDRICAL_SURFACE('',#4356,112.978487771069);
#279=CYLINDRICAL_SURFACE('',#4361,3198.52295626701);
#280=CYLINDRICAL_SURFACE('',#4367,84.8322043228725);
#281=CYLINDRICAL_SURFACE('',#4369,1099.65553946251);
#282=CYLINDRICAL_SURFACE('',#4370,31.1093838972127);
#283=CYLINDRICAL_SURFACE('',#4371,12.5);
#284=CYLINDRICAL_SURFACE('',#4374,12.5);
#285=CYLINDRICAL_SURFACE('',#4382,2.);
#286=CYLINDRICAL_SURFACE('',#4390,8.);
#287=CYLINDRICAL_SURFACE('',#4395,5.);
#288=CYLINDRICAL_SURFACE('',#4400,7.9);
#289=CYLINDRICAL_SURFACE('',#4405,4.9);
#290=CYLINDRICAL_SURFACE('',#4407,12.5);
#291=CYLINDRICAL_SURFACE('',#4414,12.5);
#292=CYLINDRICAL_SURFACE('',#4426,8.);
#293=CYLINDRICAL_SURFACE('',#4431,5.);
#294=CYLINDRICAL_SURFACE('',#4437,7.9);
#295=CYLINDRICAL_SURFACE('',#4441,4.9);
#296=CYLINDRICAL_SURFACE('',#4451,8.);
#297=CYLINDRICAL_SURFACE('',#4457,5.);
#298=CYLINDRICAL_SURFACE('',#4463,7.9);
#299=CYLINDRICAL_SURFACE('',#4467,4.9);
#300=CYLINDRICAL_SURFACE('',#4473,12.5);
#301=CYLINDRICAL_SURFACE('',#4480,12.5);
#302=FACE_OUTER_BOUND('',#523,.T.);
#303=FACE_OUTER_BOUND('',#524,.T.);
#304=FACE_OUTER_BOUND('',#525,.T.);
#305=FACE_OUTER_BOUND('',#526,.T.);
#306=FACE_OUTER_BOUND('',#527,.T.);
#307=FACE_OUTER_BOUND('',#528,.T.);
#308=FACE_OUTER_BOUND('',#529,.T.);
#309=FACE_OUTER_BOUND('',#530,.T.);
#310=FACE_OUTER_BOUND('',#531,.T.);
#311=FACE_OUTER_BOUND('',#532,.T.);
#312=FACE_OUTER_BOUND('',#533,.T.);
#313=FACE_OUTER_BOUND('',#534,.T.);
#314=FACE_OUTER_BOUND('',#535,.T.);
#315=FACE_OUTER_BOUND('',#537,.T.);
#316=FACE_OUTER_BOUND('',#538,.T.);
#317=FACE_OUTER_BOUND('',#539,.T.);
#318=FACE_OUTER_BOUND('',#540,.T.);
#319=FACE_OUTER_BOUND('',#541,.T.);
#320=FACE_OUTER_BOUND('',#542,.T.);
#321=FACE_OUTER_BOUND('',#543,.T.);
#322=FACE_OUTER_BOUND('',#544,.T.);
#323=FACE_OUTER_BOUND('',#545,.T.);
#324=FACE_OUTER_BOUND('',#546,.T.);
#325=FACE_OUTER_BOUND('',#547,.T.);
#326=FACE_OUTER_BOUND('',#548,.T.);
#327=FACE_OUTER_BOUND('',#549,.T.);
#328=FACE_OUTER_BOUND('',#550,.T.);
#329=FACE_OUTER_BOUND('',#551,.T.);
#330=FACE_OUTER_BOUND('',#553,.T.);
#331=FACE_OUTER_BOUND('',#554,.T.);
#332=FACE_OUTER_BOUND('',#555,.T.);
#333=FACE_OUTER_BOUND('',#556,.T.);
#334=FACE_OUTER_BOUND('',#557,.T.);
#335=FACE_OUTER_BOUND('',#558,.T.);
#336=FACE_OUTER_BOUND('',#559,.T.);
#337=FACE_OUTER_BOUND('',#560,.T.);
#338=FACE_OUTER_BOUND('',#561,.T.);
#339=FACE_OUTER_BOUND('',#562,.T.);
#340=FACE_OUTER_BOUND('',#563,.T.);
#341=FACE_OUTER_BOUND('',#564,.T.);
#342=FACE_OUTER_BOUND('',#565,.T.);
#343=FACE_OUTER_BOUND('',#566,.T.);
#344=FACE_OUTER_BOUND('',#567,.T.);
#345=FACE_OUTER_BOUND('',#568,.T.);
#346=FACE_OUTER_BOUND('',#569,.T.);
#347=FACE_OUTER_BOUND('',#570,.T.);
#348=FACE_OUTER_BOUND('',#571,.T.);
#349=FACE_OUTER_BOUND('',#572,.T.);
#350=FACE_OUTER_BOUND('',#573,.T.);
#351=FACE_OUTER_BOUND('',#574,.T.);
#352=FACE_OUTER_BOUND('',#576,.T.);
#353=FACE_OUTER_BOUND('',#577,.T.);
#354=FACE_OUTER_BOUND('',#578,.T.);
#355=FACE_OUTER_BOUND('',#579,.T.);
#356=FACE_OUTER_BOUND('',#580,.T.);
#357=FACE_OUTER_BOUND('',#581,.T.);
#358=FACE_OUTER_BOUND('',#582,.T.);
#359=FACE_OUTER_BOUND('',#583,.T.);
#360=FACE_OUTER_BOUND('',#584,.T.);
#361=FACE_OUTER_BOUND('',#585,.T.);
#362=FACE_OUTER_BOUND('',#586,.T.);
#363=FACE_OUTER_BOUND('',#587,.T.);
#364=FACE_OUTER_BOUND('',#588,.T.);
#365=FACE_OUTER_BOUND('',#589,.T.);
#366=FACE_OUTER_BOUND('',#590,.T.);
#367=FACE_OUTER_BOUND('',#591,.T.);
#368=FACE_OUTER_BOUND('',#592,.T.);
#369=FACE_OUTER_BOUND('',#593,.T.);
#370=FACE_OUTER_BOUND('',#594,.T.);
#371=FACE_OUTER_BOUND('',#595,.T.);
#372=FACE_OUTER_BOUND('',#596,.T.);
#373=FACE_OUTER_BOUND('',#597,.T.);
#374=FACE_OUTER_BOUND('',#598,.T.);
#375=FACE_OUTER_BOUND('',#599,.T.);
#376=FACE_OUTER_BOUND('',#600,.T.);
#377=FACE_OUTER_BOUND('',#601,.T.);
#378=FACE_OUTER_BOUND('',#602,.T.);
#379=FACE_OUTER_BOUND('',#603,.T.);
#380=FACE_OUTER_BOUND('',#604,.T.);
#381=FACE_OUTER_BOUND('',#605,.T.);
#382=FACE_OUTER_BOUND('',#606,.T.);
#383=FACE_OUTER_BOUND('',#607,.T.);
#384=FACE_OUTER_BOUND('',#608,.T.);
#385=FACE_OUTER_BOUND('',#609,.T.);
#386=FACE_OUTER_BOUND('',#610,.T.);
#387=FACE_OUTER_BOUND('',#611,.T.);
#388=FACE_OUTER_BOUND('',#612,.T.);
#389=FACE_OUTER_BOUND('',#613,.T.);
#390=FACE_OUTER_BOUND('',#614,.T.);
#391=FACE_OUTER_BOUND('',#615,.T.);
#392=FACE_OUTER_BOUND('',#616,.T.);
#393=FACE_OUTER_BOUND('',#617,.T.);
#394=FACE_OUTER_BOUND('',#618,.T.);
#395=FACE_OUTER_BOUND('',#619,.T.);
#396=FACE_OUTER_BOUND('',#620,.T.);
#397=FACE_OUTER_BOUND('',#623,.T.);
#398=FACE_OUTER_BOUND('',#624,.T.);
#399=FACE_OUTER_BOUND('',#625,.T.);
#400=FACE_OUTER_BOUND('',#627,.T.);
#401=FACE_OUTER_BOUND('',#628,.T.);
#402=FACE_OUTER_BOUND('',#631,.T.);
#403=FACE_OUTER_BOUND('',#633,.T.);
#404=FACE_OUTER_BOUND('',#634,.T.);
#405=FACE_OUTER_BOUND('',#635,.T.);
#406=FACE_OUTER_BOUND('',#638,.T.);
#407=FACE_OUTER_BOUND('',#639,.T.);
#408=FACE_OUTER_BOUND('',#640,.T.);
#409=FACE_OUTER_BOUND('',#641,.T.);
#410=FACE_OUTER_BOUND('',#642,.T.);
#411=FACE_OUTER_BOUND('',#643,.T.);
#412=FACE_OUTER_BOUND('',#644,.T.);
#413=FACE_OUTER_BOUND('',#645,.T.);
#414=FACE_OUTER_BOUND('',#646,.T.);
#415=FACE_OUTER_BOUND('',#649,.T.);
#416=FACE_OUTER_BOUND('',#650,.T.);
#417=FACE_OUTER_BOUND('',#651,.T.);
#418=FACE_OUTER_BOUND('',#652,.T.);
#419=FACE_OUTER_BOUND('',#653,.T.);
#420=FACE_OUTER_BOUND('',#654,.T.);
#421=FACE_OUTER_BOUND('',#655,.T.);
#422=FACE_OUTER_BOUND('',#656,.T.);
#423=FACE_OUTER_BOUND('',#657,.T.);
#424=FACE_OUTER_BOUND('',#658,.T.);
#425=FACE_OUTER_BOUND('',#659,.T.);
#426=FACE_OUTER_BOUND('',#660,.T.);
#427=FACE_OUTER_BOUND('',#661,.T.);
#428=FACE_OUTER_BOUND('',#662,.T.);
#429=FACE_OUTER_BOUND('',#663,.T.);
#430=FACE_OUTER_BOUND('',#664,.T.);
#431=FACE_OUTER_BOUND('',#665,.T.);
#432=FACE_OUTER_BOUND('',#666,.T.);
#433=FACE_OUTER_BOUND('',#667,.T.);
#434=FACE_OUTER_BOUND('',#668,.T.);
#435=FACE_OUTER_BOUND('',#669,.T.);
#436=FACE_OUTER_BOUND('',#670,.T.);
#437=FACE_OUTER_BOUND('',#671,.T.);
#438=FACE_OUTER_BOUND('',#674,.T.);
#439=FACE_OUTER_BOUND('',#675,.T.);
#440=FACE_OUTER_BOUND('',#676,.T.);
#441=FACE_OUTER_BOUND('',#677,.T.);
#442=FACE_OUTER_BOUND('',#678,.T.);
#443=FACE_OUTER_BOUND('',#679,.T.);
#444=FACE_OUTER_BOUND('',#680,.T.);
#445=FACE_OUTER_BOUND('',#681,.T.);
#446=FACE_OUTER_BOUND('',#682,.T.);
#447=FACE_OUTER_BOUND('',#683,.T.);
#448=FACE_OUTER_BOUND('',#684,.T.);
#449=FACE_OUTER_BOUND('',#685,.T.);
#450=FACE_OUTER_BOUND('',#686,.T.);
#451=FACE_OUTER_BOUND('',#687,.T.);
#452=FACE_OUTER_BOUND('',#689,.T.);
#453=FACE_OUTER_BOUND('',#691,.T.);
#454=FACE_OUTER_BOUND('',#692,.T.);
#455=FACE_OUTER_BOUND('',#693,.T.);
#456=FACE_OUTER_BOUND('',#694,.T.);
#457=FACE_OUTER_BOUND('',#695,.T.);
#458=FACE_OUTER_BOUND('',#696,.T.);
#459=FACE_OUTER_BOUND('',#697,.T.);
#460=FACE_OUTER_BOUND('',#698,.T.);
#461=FACE_OUTER_BOUND('',#699,.T.);
#462=FACE_OUTER_BOUND('',#700,.T.);
#463=FACE_OUTER_BOUND('',#701,.T.);
#464=FACE_OUTER_BOUND('',#702,.T.);
#465=FACE_OUTER_BOUND('',#703,.T.);
#466=FACE_OUTER_BOUND('',#704,.T.);
#467=FACE_OUTER_BOUND('',#706,.T.);
#468=FACE_OUTER_BOUND('',#707,.T.);
#469=FACE_OUTER_BOUND('',#708,.T.);
#470=FACE_OUTER_BOUND('',#709,.T.);
#471=FACE_OUTER_BOUND('',#710,.T.);
#472=FACE_OUTER_BOUND('',#711,.T.);
#473=FACE_OUTER_BOUND('',#712,.T.);
#474=FACE_OUTER_BOUND('',#713,.T.);
#475=FACE_OUTER_BOUND('',#715,.T.);
#476=FACE_OUTER_BOUND('',#716,.T.);
#477=FACE_OUTER_BOUND('',#717,.T.);
#478=FACE_OUTER_BOUND('',#719,.T.);
#479=FACE_OUTER_BOUND('',#720,.T.);
#480=FACE_OUTER_BOUND('',#721,.T.);
#481=FACE_OUTER_BOUND('',#722,.T.);
#482=FACE_OUTER_BOUND('',#723,.T.);
#483=FACE_OUTER_BOUND('',#724,.T.);
#484=FACE_OUTER_BOUND('',#726,.T.);
#485=FACE_OUTER_BOUND('',#727,.T.);
#486=FACE_OUTER_BOUND('',#728,.T.);
#487=FACE_OUTER_BOUND('',#729,.T.);
#488=FACE_OUTER_BOUND('',#730,.T.);
#489=FACE_OUTER_BOUND('',#731,.T.);
#490=FACE_OUTER_BOUND('',#732,.T.);
#491=FACE_OUTER_BOUND('',#733,.T.);
#492=FACE_OUTER_BOUND('',#734,.T.);
#493=FACE_OUTER_BOUND('',#735,.T.);
#494=FACE_OUTER_BOUND('',#736,.T.);
#495=FACE_OUTER_BOUND('',#737,.T.);
#496=FACE_OUTER_BOUND('',#738,.T.);
#497=FACE_OUTER_BOUND('',#739,.T.);
#498=FACE_OUTER_BOUND('',#741,.T.);
#499=FACE_OUTER_BOUND('',#743,.T.);
#500=FACE_OUTER_BOUND('',#744,.T.);
#501=FACE_OUTER_BOUND('',#745,.T.);
#502=FACE_OUTER_BOUND('',#746,.T.);
#503=FACE_OUTER_BOUND('',#747,.T.);
#504=FACE_OUTER_BOUND('',#748,.T.);
#505=FACE_OUTER_BOUND('',#750,.T.);
#506=FACE_OUTER_BOUND('',#751,.T.);
#507=FACE_OUTER_BOUND('',#752,.T.);
#508=FACE_OUTER_BOUND('',#753,.T.);
#509=FACE_OUTER_BOUND('',#754,.T.);
#510=FACE_OUTER_BOUND('',#755,.T.);
#511=FACE_OUTER_BOUND('',#756,.T.);
#512=FACE_OUTER_BOUND('',#757,.T.);
#513=FACE_OUTER_BOUND('',#758,.T.);
#514=FACE_OUTER_BOUND('',#759,.T.);
#515=FACE_OUTER_BOUND('',#760,.T.);
#516=FACE_OUTER_BOUND('',#761,.T.);
#517=FACE_OUTER_BOUND('',#762,.T.);
#518=FACE_OUTER_BOUND('',#763,.T.);
#519=FACE_OUTER_BOUND('',#764,.T.);
#520=FACE_OUTER_BOUND('',#765,.T.);
#521=FACE_OUTER_BOUND('',#766,.T.);
#522=FACE_OUTER_BOUND('',#767,.T.);
#523=EDGE_LOOP('',(#2568,#2569,#2570,#2571));
#524=EDGE_LOOP('',(#2572,#2573,#2574,#2575));
#525=EDGE_LOOP('',(#2576,#2577,#2578,#2579));
#526=EDGE_LOOP('',(#2580,#2581,#2582,#2583));
#527=EDGE_LOOP('',(#2584,#2585,#2586,#2587));
#528=EDGE_LOOP('',(#2588,#2589,#2590,#2591));
#529=EDGE_LOOP('',(#2592,#2593,#2594,#2595));
#530=EDGE_LOOP('',(#2596,#2597,#2598,#2599));
#531=EDGE_LOOP('',(#2600,#2601,#2602,#2603));
#532=EDGE_LOOP('',(#2604,#2605,#2606,#2607));
#533=EDGE_LOOP('',(#2608,#2609,#2610,#2611));
#534=EDGE_LOOP('',(#2612,#2613,#2614,#2615));
#535=EDGE_LOOP('',(#2616,#2617,#2618,#2619));
#536=EDGE_LOOP('',(#2620,#2621,#2622,#2623));
#537=EDGE_LOOP('',(#2624,#2625,#2626,#2627));
#538=EDGE_LOOP('',(#2628,#2629,#2630,#2631));
#539=EDGE_LOOP('',(#2632,#2633,#2634,#2635));
#540=EDGE_LOOP('',(#2636,#2637,#2638,#2639));
#541=EDGE_LOOP('',(#2640,#2641,#2642,#2643,#2644,#2645,#2646));
#542=EDGE_LOOP('',(#2647,#2648,#2649,#2650));
#543=EDGE_LOOP('',(#2651,#2652,#2653,#2654,#2655,#2656,#2657,#2658));
#544=EDGE_LOOP('',(#2659,#2660,#2661,#2662));
#545=EDGE_LOOP('',(#2663,#2664,#2665,#2666));
#546=EDGE_LOOP('',(#2667,#2668,#2669,#2670,#2671,#2672,#2673));
#547=EDGE_LOOP('',(#2674,#2675,#2676,#2677));
#548=EDGE_LOOP('',(#2678,#2679,#2680,#2681,#2682));
#549=EDGE_LOOP('',(#2683,#2684,#2685,#2686,#2687,#2688));
#550=EDGE_LOOP('',(#2689,#2690,#2691,#2692,#2693,#2694,#2695,#2696,#2697,
#2698,#2699,#2700));
#551=EDGE_LOOP('',(#2701,#2702,#2703,#2704,#2705,#2706,#2707,#2708,#2709,
#2710,#2711,#2712));
#552=EDGE_LOOP('',(#2713,#2714,#2715,#2716));
#553=EDGE_LOOP('',(#2717,#2718,#2719,#2720));
#554=EDGE_LOOP('',(#2721,#2722,#2723,#2724));
#555=EDGE_LOOP('',(#2725,#2726,#2727,#2728));
#556=EDGE_LOOP('',(#2729,#2730,#2731,#2732));
#557=EDGE_LOOP('',(#2733,#2734,#2735,#2736,#2737,#2738));
#558=EDGE_LOOP('',(#2739,#2740,#2741,#2742,#2743));
#559=EDGE_LOOP('',(#2744,#2745,#2746,#2747));
#560=EDGE_LOOP('',(#2748,#2749,#2750,#2751));
#561=EDGE_LOOP('',(#2752,#2753,#2754,#2755));
#562=EDGE_LOOP('',(#2756,#2757,#2758,#2759));
#563=EDGE_LOOP('',(#2760,#2761,#2762,#2763));
#564=EDGE_LOOP('',(#2764,#2765,#2766,#2767));
#565=EDGE_LOOP('',(#2768,#2769,#2770,#2771,#2772,#2773,#2774,#2775,#2776,
#2777,#2778,#2779,#2780,#2781,#2782));
#566=EDGE_LOOP('',(#2783,#2784,#2785));
#567=EDGE_LOOP('',(#2786,#2787,#2788,#2789,#2790));
#568=EDGE_LOOP('',(#2791,#2792,#2793));
#569=EDGE_LOOP('',(#2794,#2795,#2796,#2797));
#570=EDGE_LOOP('',(#2798,#2799,#2800));
#571=EDGE_LOOP('',(#2801,#2802,#2803,#2804,#2805));
#572=EDGE_LOOP('',(#2806,#2807,#2808,#2809,#2810,#2811,#2812));
#573=EDGE_LOOP('',(#2813,#2814,#2815,#2816,#2817,#2818,#2819,#2820));
#574=EDGE_LOOP('',(#2821,#2822,#2823,#2824,#2825,#2826,#2827,#2828,#2829,
#2830,#2831,#2832,#2833,#2834,#2835,#2836,#2837,#2838,#2839,#2840,#2841,
#2842,#2843,#2844,#2845,#2846));
#575=EDGE_LOOP('',(#2847));
#576=EDGE_LOOP('',(#2848,#2849,#2850,#2851));
#577=EDGE_LOOP('',(#2852,#2853,#2854,#2855,#2856,#2857));
#578=EDGE_LOOP('',(#2858));
#579=EDGE_LOOP('',(#2859,#2860,#2861,#2862));
#580=EDGE_LOOP('',(#2863,#2864,#2865));
#581=EDGE_LOOP('',(#2866,#2867,#2868,#2869,#2870));
#582=EDGE_LOOP('',(#2871,#2872,#2873,#2874,#2875,#2876,#2877));
#583=EDGE_LOOP('',(#2878,#2879,#2880,#2881));
#584=EDGE_LOOP('',(#2882,#2883,#2884,#2885,#2886,#2887,#2888,#2889));
#585=EDGE_LOOP('',(#2890,#2891,#2892,#2893,#2894));
#586=EDGE_LOOP('',(#2895,#2896,#2897));
#587=EDGE_LOOP('',(#2898,#2899,#2900,#2901));
#588=EDGE_LOOP('',(#2902,#2903,#2904,#2905));
#589=EDGE_LOOP('',(#2906,#2907,#2908,#2909));
#590=EDGE_LOOP('',(#2910,#2911,#2912,#2913));
#591=EDGE_LOOP('',(#2914,#2915,#2916,#2917));
#592=EDGE_LOOP('',(#2918,#2919,#2920,#2921,#2922,#2923,#2924,#2925,#2926,
#2927,#2928));
#593=EDGE_LOOP('',(#2929,#2930,#2931,#2932));
#594=EDGE_LOOP('',(#2933,#2934,#2935,#2936));
#595=EDGE_LOOP('',(#2937,#2938,#2939,#2940));
#596=EDGE_LOOP('',(#2941,#2942,#2943,#2944,#2945,#2946,#2947,#2948));
#597=EDGE_LOOP('',(#2949,#2950,#2951,#2952));
#598=EDGE_LOOP('',(#2953,#2954,#2955,#2956,#2957,#2958,#2959,#2960));
#599=EDGE_LOOP('',(#2961,#2962,#2963,#2964));
#600=EDGE_LOOP('',(#2965,#2966,#2967,#2968));
#601=EDGE_LOOP('',(#2969,#2970,#2971,#2972));
#602=EDGE_LOOP('',(#2973,#2974,#2975,#2976));
#603=EDGE_LOOP('',(#2977,#2978,#2979,#2980));
#604=EDGE_LOOP('',(#2981,#2982,#2983,#2984));
#605=EDGE_LOOP('',(#2985,#2986,#2987,#2988));
#606=EDGE_LOOP('',(#2989,#2990,#2991,#2992,#2993,#2994));
#607=EDGE_LOOP('',(#2995,#2996,#2997,#2998));
#608=EDGE_LOOP('',(#2999,#3000,#3001,#3002,#3003,#3004));
#609=EDGE_LOOP('',(#3005,#3006,#3007,#3008,#3009,#3010,#3011));
#610=EDGE_LOOP('',(#3012,#3013,#3014,#3015));
#611=EDGE_LOOP('',(#3016,#3017,#3018,#3019,#3020,#3021,#3022,#3023));
#612=EDGE_LOOP('',(#3024,#3025,#3026,#3027,#3028,#3029,#3030,#3031));
#613=EDGE_LOOP('',(#3032,#3033,#3034,#3035));
#614=EDGE_LOOP('',(#3036,#3037,#3038,#3039));
#615=EDGE_LOOP('',(#3040,#3041,#3042,#3043));
#616=EDGE_LOOP('',(#3044,#3045,#3046,#3047));
#617=EDGE_LOOP('',(#3048,#3049,#3050,#3051));
#618=EDGE_LOOP('',(#3052,#3053,#3054,#3055));
#619=EDGE_LOOP('',(#3056,#3057,#3058,#3059));
#620=EDGE_LOOP('',(#3060,#3061,#3062,#3063,#3064,#3065,#3066,#3067,#3068,
#3069,#3070,#3071));
#621=EDGE_LOOP('',(#3072));
#622=EDGE_LOOP('',(#3073));
#623=EDGE_LOOP('',(#3074,#3075,#3076,#3077));
#624=EDGE_LOOP('',(#3078,#3079,#3080,#3081,#3082,#3083));
#625=EDGE_LOOP('',(#3084,#3085,#3086,#3087,#3088,#3089,#3090,#3091,#3092,
#3093,#3094,#3095,#3096,#3097,#3098,#3099,#3100,#3101,#3102,#3103));
#626=EDGE_LOOP('',(#3104));
#627=EDGE_LOOP('',(#3105,#3106,#3107,#3108,#3109));
#628=EDGE_LOOP('',(#3110,#3111,#3112,#3113,#3114,#3115,#3116,#3117,#3118,
#3119,#3120,#3121,#3122,#3123,#3124,#3125,#3126,#3127,#3128,#3129));
#629=EDGE_LOOP('',(#3130,#3131,#3132,#3133,#3134));
#630=EDGE_LOOP('',(#3135));
#631=EDGE_LOOP('',(#3136,#3137,#3138,#3139));
#632=EDGE_LOOP('',(#3140));
#633=EDGE_LOOP('',(#3141));
#634=EDGE_LOOP('',(#3142,#3143,#3144,#3145,#3146,#3147,#3148,#3149,#3150,
#3151));
#635=EDGE_LOOP('',(#3152,#3153,#3154,#3155,#3156,#3157,#3158,#3159,#3160,
#3161,#3162,#3163,#3164,#3165,#3166,#3167,#3168,#3169,#3170,#3171,#3172,
#3173,#3174,#3175,#3176,#3177));
#636=EDGE_LOOP('',(#3178,#3179,#3180,#3181,#3182));
#637=EDGE_LOOP('',(#3183));
#638=EDGE_LOOP('',(#3184,#3185,#3186,#3187));
#639=EDGE_LOOP('',(#3188,#3189,#3190,#3191));
#640=EDGE_LOOP('',(#3192,#3193,#3194,#3195,#3196,#3197,#3198));
#641=EDGE_LOOP('',(#3199,#3200,#3201,#3202));
#642=EDGE_LOOP('',(#3203));
#643=EDGE_LOOP('',(#3204,#3205,#3206,#3207));
#644=EDGE_LOOP('',(#3208,#3209,#3210,#3211));
#645=EDGE_LOOP('',(#3212,#3213,#3214,#3215));
#646=EDGE_LOOP('',(#3216,#3217,#3218,#3219,#3220,#3221,#3222,#3223,#3224,
#3225,#3226,#3227));
#647=EDGE_LOOP('',(#3228));
#648=EDGE_LOOP('',(#3229));
#649=EDGE_LOOP('',(#3230,#3231,#3232,#3233));
#650=EDGE_LOOP('',(#3234,#3235,#3236,#3237,#3238));
#651=EDGE_LOOP('',(#3239,#3240,#3241,#3242));
#652=EDGE_LOOP('',(#3243,#3244,#3245,#3246,#3247));
#653=EDGE_LOOP('',(#3248,#3249,#3250,#3251));
#654=EDGE_LOOP('',(#3252,#3253,#3254,#3255));
#655=EDGE_LOOP('',(#3256,#3257,#3258,#3259));
#656=EDGE_LOOP('',(#3260,#3261,#3262,#3263));
#657=EDGE_LOOP('',(#3264,#3265,#3266,#3267));
#658=EDGE_LOOP('',(#3268,#3269,#3270,#3271));
#659=EDGE_LOOP('',(#3272,#3273,#3274,#3275,#3276,#3277,#3278,#3279,#3280,
#3281,#3282));
#660=EDGE_LOOP('',(#3283,#3284,#3285,#3286));
#661=EDGE_LOOP('',(#3287,#3288,#3289,#3290,#3291));
#662=EDGE_LOOP('',(#3292,#3293,#3294,#3295));
#663=EDGE_LOOP('',(#3296,#3297,#3298,#3299,#3300,#3301,#3302));
#664=EDGE_LOOP('',(#3303,#3304,#3305,#3306));
#665=EDGE_LOOP('',(#3307,#3308,#3309,#3310));
#666=EDGE_LOOP('',(#3311,#3312,#3313,#3314));
#667=EDGE_LOOP('',(#3315,#3316,#3317,#3318));
#668=EDGE_LOOP('',(#3319,#3320,#3321,#3322));
#669=EDGE_LOOP('',(#3323,#3324,#3325,#3326,#3327,#3328,#3329));
#670=EDGE_LOOP('',(#3330,#3331,#3332,#3333,#3334,#3335,#3336,#3337));
#671=EDGE_LOOP('',(#3338,#3339,#3340,#3341));
#672=EDGE_LOOP('',(#3342,#3343,#3344,#3345));
#673=EDGE_LOOP('',(#3346));
#674=EDGE_LOOP('',(#3347,#3348,#3349,#3350));
#675=EDGE_LOOP('',(#3351,#3352,#3353,#3354));
#676=EDGE_LOOP('',(#3355,#3356,#3357,#3358));
#677=EDGE_LOOP('',(#3359,#3360,#3361,#3362));
#678=EDGE_LOOP('',(#3363,#3364,#3365,#3366,#3367,#3368));
#679=EDGE_LOOP('',(#3369,#3370,#3371,#3372));
#680=EDGE_LOOP('',(#3373,#3374,#3375,#3376));
#681=EDGE_LOOP('',(#3377,#3378,#3379,#3380));
#682=EDGE_LOOP('',(#3381,#3382,#3383,#3384,#3385,#3386,#3387));
#683=EDGE_LOOP('',(#3388,#3389,#3390,#3391,#3392,#3393));
#684=EDGE_LOOP('',(#3394,#3395,#3396,#3397,#3398,#3399));
#685=EDGE_LOOP('',(#3400,#3401));
#686=EDGE_LOOP('',(#3402,#3403));
#687=EDGE_LOOP('',(#3404,#3405,#3406,#3407));
#688=EDGE_LOOP('',(#3408));
#689=EDGE_LOOP('',(#3409,#3410,#3411,#3412));
#690=EDGE_LOOP('',(#3413,#3414,#3415,#3416));
#691=EDGE_LOOP('',(#3417,#3418,#3419,#3420,#3421,#3422));
#692=EDGE_LOOP('',(#3423,#3424,#3425,#3426,#3427,#3428));
#693=EDGE_LOOP('',(#3429,#3430,#3431,#3432));
#694=EDGE_LOOP('',(#3433,#3434,#3435,#3436));
#695=EDGE_LOOP('',(#3437,#3438,#3439,#3440,#3441,#3442));
#696=EDGE_LOOP('',(#3443,#3444,#3445,#3446));
#697=EDGE_LOOP('',(#3447,#3448,#3449,#3450));
#698=EDGE_LOOP('',(#3451,#3452,#3453,#3454,#3455,#3456));
#699=EDGE_LOOP('',(#3457,#3458,#3459,#3460));
#700=EDGE_LOOP('',(#3461,#3462,#3463,#3464));
#701=EDGE_LOOP('',(#3465,#3466,#3467,#3468,#3469,#3470));
#702=EDGE_LOOP('',(#3471,#3472,#3473,#3474));
#703=EDGE_LOOP('',(#3475,#3476,#3477,#3478));
#704=EDGE_LOOP('',(#3479,#3480,#3481,#3482));
#705=EDGE_LOOP('',(#3483,#3484,#3485,#3486,#3487,#3488,#3489));
#706=EDGE_LOOP('',(#3490,#3491,#3492,#3493,#3494,#3495));
#707=EDGE_LOOP('',(#3496,#3497));
#708=EDGE_LOOP('',(#3498,#3499));
#709=EDGE_LOOP('',(#3500,#3501,#3502,#3503,#3504,#3505));
#710=EDGE_LOOP('',(#3506,#3507));
#711=EDGE_LOOP('',(#3508,#3509,#3510,#3511,#3512));
#712=EDGE_LOOP('',(#3513,#3514,#3515,#3516,#3517));
#713=EDGE_LOOP('',(#3518,#3519,#3520,#3521));
#714=EDGE_LOOP('',(#3522,#3523,#3524,#3525,#3526,#3527,#3528,#3529));
#715=EDGE_LOOP('',(#3530));
#716=EDGE_LOOP('',(#3531,#3532,#3533,#3534));
#717=EDGE_LOOP('',(#3535,#3536,#3537,#3538));
#718=EDGE_LOOP('',(#3539,#3540,#3541,#3542));
#719=EDGE_LOOP('',(#3543,#3544,#3545,#3546));
#720=EDGE_LOOP('',(#3547,#3548,#3549,#3550,#3551,#3552));
#721=EDGE_LOOP('',(#3553,#3554,#3555,#3556));
#722=EDGE_LOOP('',(#3557,#3558,#3559,#3560));
#723=EDGE_LOOP('',(#3561,#3562,#3563,#3564,#3565,#3566));
#724=EDGE_LOOP('',(#3567,#3568,#3569,#3570));
#725=EDGE_LOOP('',(#3571));
#726=EDGE_LOOP('',(#3572,#3573,#3574,#3575));
#727=EDGE_LOOP('',(#3576,#3577,#3578,#3579));
#728=EDGE_LOOP('',(#3580,#3581,#3582,#3583,#3584,#3585));
#729=EDGE_LOOP('',(#3586,#3587,#3588,#3589));
#730=EDGE_LOOP('',(#3590,#3591,#3592,#3593));
#731=EDGE_LOOP('',(#3594,#3595,#3596,#3597,#3598,#3599));
#732=EDGE_LOOP('',(#3600,#3601,#3602,#3603));
#733=EDGE_LOOP('',(#3604,#3605));
#734=EDGE_LOOP('',(#3606,#3607,#3608,#3609));
#735=EDGE_LOOP('',(#3610,#3611,#3612,#3613));
#736=EDGE_LOOP('',(#3614,#3615));
#737=EDGE_LOOP('',(#3616,#3617,#3618,#3619,#3620));
#738=EDGE_LOOP('',(#3621,#3622,#3623,#3624,#3625));
#739=EDGE_LOOP('',(#3626,#3627,#3628,#3629));
#740=EDGE_LOOP('',(#3630,#3631,#3632,#3633,#3634,#3635,#3636,#3637));
#741=EDGE_LOOP('',(#3638,#3639,#3640,#3641));
#742=EDGE_LOOP('',(#3642,#3643,#3644,#3645));
#743=EDGE_LOOP('',(#3646,#3647,#3648,#3649));
#744=EDGE_LOOP('',(#3650,#3651,#3652,#3653,#3654,#3655));
#745=EDGE_LOOP('',(#3656,#3657,#3658,#3659));
#746=EDGE_LOOP('',(#3660,#3661,#3662,#3663));
#747=EDGE_LOOP('',(#3664,#3665,#3666,#3667,#3668,#3669));
#748=EDGE_LOOP('',(#3670,#3671,#3672,#3673));
#749=EDGE_LOOP('',(#3674));
#750=EDGE_LOOP('',(#3675,#3676,#3677,#3678));
#751=EDGE_LOOP('',(#3679,#3680,#3681,#3682));
#752=EDGE_LOOP('',(#3683,#3684,#3685,#3686,#3687,#3688));
#753=EDGE_LOOP('',(#3689,#3690,#3691,#3692));
#754=EDGE_LOOP('',(#3693,#3694,#3695,#3696));
#755=EDGE_LOOP('',(#3697,#3698,#3699,#3700,#3701,#3702));
#756=EDGE_LOOP('',(#3703,#3704,#3705,#3706));
#757=EDGE_LOOP('',(#3707,#3708,#3709,#3710));
#758=EDGE_LOOP('',(#3711));
#759=EDGE_LOOP('',(#3712,#3713));
#760=EDGE_LOOP('',(#3714,#3715));
#761=EDGE_LOOP('',(#3716,#3717));
#762=EDGE_LOOP('',(#3718,#3719,#3720,#3721));
#763=EDGE_LOOP('',(#3722,#3723,#3724,#3725));
#764=EDGE_LOOP('',(#3726,#3727,#3728,#3729,#3730,#3731));
#765=EDGE_LOOP('',(#3732,#3733));
#766=EDGE_LOOP('',(#3734,#3735));
#767=EDGE_LOOP('',(#3736,#3737,#3738,#3739,#3740,#3741));
#768=LINE('',#5570,#1179);
#769=LINE('',#5572,#1180);
#770=LINE('',#5574,#1181);
#771=LINE('',#5575,#1182);
#772=LINE('',#5578,#1183);
#773=LINE('',#5580,#1184);
#774=LINE('',#5581,#1185);
#775=LINE('',#5584,#1186);
#776=LINE('',#5586,#1187);
#777=LINE('',#5587,#1188);
#778=LINE('',#5590,#1189);
#779=LINE('',#5592,#1190);
#780=LINE('',#5593,#1191);
#781=LINE('',#5600,#1192);
#782=LINE('',#5602,#1193);
#783=LINE('',#5604,#1194);
#784=LINE('',#5605,#1195);
#785=LINE('',#5608,#1196);
#786=LINE('',#5610,#1197);
#787=LINE('',#5611,#1198);
#788=LINE('',#5614,#1199);
#789=LINE('',#5616,#1200);
#790=LINE('',#5617,#1201);
#791=LINE('',#5619,#1202);
#792=LINE('',#5620,#1203);
#793=LINE('',#5627,#1204);
#794=LINE('',#5629,#1205);
#795=LINE('',#5630,#1206);
#796=LINE('',#5633,#1207);
#797=LINE('',#5635,#1208);
#798=LINE('',#5636,#1209);
#799=LINE('',#5641,#1210);
#800=LINE('',#5642,#1211);
#801=LINE('',#5644,#1212);
#802=LINE('',#5645,#1213);
#803=LINE('',#5652,#1214);
#804=LINE('',#5655,#1215);
#805=LINE('',#5658,#1216);
#806=LINE('',#5660,#1217);
#807=LINE('',#5661,#1218);
#808=LINE('',#5664,#1219);
#809=LINE('',#5668,#1220);
#810=LINE('',#5670,#1221);
#811=LINE('',#5671,#1222);
#812=LINE('',#5674,#1223);
#813=LINE('',#5677,#1224);
#814=LINE('',#5680,#1225);
#815=LINE('',#5682,#1226);
#816=LINE('',#5686,#1227);
#817=LINE('',#5688,#1228);
#818=LINE('',#5689,#1229);
#819=LINE('',#5695,#1230);
#820=LINE('',#5698,#1231);
#821=LINE('',#5701,#1232);
#822=LINE('',#5703,#1233);
#823=LINE('',#5704,#1234);
#824=LINE('',#5707,#1235);
#825=LINE('',#5709,#1236);
#826=LINE('',#5711,#1237);
#827=LINE('',#5713,#1238);
#828=LINE('',#5718,#1239);
#829=LINE('',#5722,#1240);
#830=LINE('',#5724,#1241);
#831=LINE('',#5726,#1242);
#832=LINE('',#5728,#1243);
#833=LINE('',#5729,#1244);
#834=LINE('',#5732,#1245);
#835=LINE('',#5734,#1246);
#836=LINE('',#5736,#1247);
#837=LINE('',#5738,#1248);
#838=LINE('',#5739,#1249);
#839=LINE('',#5744,#1250);
#840=LINE('',#5748,#1251);
#841=LINE('',#5750,#1252);
#842=LINE('',#5752,#1253);
#843=LINE('',#5754,#1254);
#844=LINE('',#5756,#1255);
#845=LINE('',#5758,#1256);
#846=LINE('',#5760,#1257);
#847=LINE('',#5761,#1258);
#848=LINE('',#5765,#1259);
#849=LINE('',#5767,#1260);
#850=LINE('',#5769,#1261);
#851=LINE('',#5771,#1262);
#852=LINE('',#5773,#1263);
#853=LINE('',#5775,#1264);
#854=LINE('',#5777,#1265);
#855=LINE('',#5778,#1266);
#856=LINE('',#5780,#1267);
#857=LINE('',#5781,#1268);
#858=LINE('',#5784,#1269);
#859=LINE('',#5788,#1270);
#860=LINE('',#5791,#1271);
#861=LINE('',#5792,#1272);
#862=LINE('',#5794,#1273);
#863=LINE('',#5796,#1274);
#864=LINE('',#5798,#1275);
#865=LINE('',#5802,#1276);
#866=LINE('',#5803,#1277);
#867=LINE('',#5804,#1278);
#868=LINE('',#5807,#1279);
#869=LINE('',#5809,#1280);
#870=LINE('',#5810,#1281);
#871=LINE('',#5812,#1282);
#872=LINE('',#5814,#1283);
#873=LINE('',#5816,#1284);
#874=LINE('',#5819,#1285);
#875=LINE('',#5824,#1286);
#876=LINE('',#5830,#1287);
#877=LINE('',#5832,#1288);
#878=LINE('',#5834,#1289);
#879=LINE('',#5836,#1290);
#880=LINE('',#5838,#1291);
#881=LINE('',#5840,#1292);
#882=LINE('',#5842,#1293);
#883=LINE('',#5844,#1294);
#884=LINE('',#5987,#1295);
#885=LINE('',#5988,#1296);
#886=LINE('',#5989,#1297);
#887=LINE('',#5991,#1298);
#888=LINE('',#5992,#1299);
#889=LINE('',#6133,#1300);
#890=LINE('',#6141,#1301);
#891=LINE('',#6145,#1302);
#892=LINE('',#6147,#1303);
#893=LINE('',#6153,#1304);
#894=LINE('',#6155,#1305);
#895=LINE('',#6157,#1306);
#896=LINE('',#6159,#1307);
#897=LINE('',#6161,#1308);
#898=LINE('',#6163,#1309);
#899=LINE('',#6166,#1310);
#900=LINE('',#6167,#1311);
#901=LINE('',#6169,#1312);
#902=LINE('',#6171,#1313);
#903=LINE('',#6207,#1314);
#904=LINE('',#6211,#1315);
#905=LINE('',#6214,#1316);
#906=LINE('',#6216,#1317);
#907=LINE('',#6218,#1318);
#908=LINE('',#6219,#1319);
#909=LINE('',#6221,#1320);
#910=LINE('',#6225,#1321);
#911=LINE('',#6227,#1322);
#912=LINE('',#6229,#1323);
#913=LINE('',#6233,#1324);
#914=LINE('',#6234,#1325);
#915=LINE('',#6238,#1326);
#916=LINE('',#6239,#1327);
#917=LINE('',#6240,#1328);
#918=LINE('',#6241,#1329);
#919=LINE('',#6243,#1330);
#920=LINE('',#6313,#1331);
#921=LINE('',#6318,#1332);
#922=LINE('',#6320,#1333);
#923=LINE('',#6322,#1334);
#924=LINE('',#6323,#1335);
#925=LINE('',#6329,#1336);
#926=LINE('',#6332,#1337);
#927=LINE('',#6334,#1338);
#928=LINE('',#6335,#1339);
#929=LINE('',#6341,#1340);
#930=LINE('',#6345,#1341);
#931=LINE('',#6347,#1342);
#932=LINE('',#6349,#1343);
#933=LINE('',#6351,#1344);
#934=LINE('',#6353,#1345);
#935=LINE('',#6355,#1346);
#936=LINE('',#6357,#1347);
#937=LINE('',#6359,#1348);
#938=LINE('',#6363,#1349);
#939=LINE('',#6369,#1350);
#940=LINE('',#6370,#1351);
#941=LINE('',#6374,#1352);
#942=LINE('',#6377,#1353);
#943=LINE('',#6379,#1354);
#944=LINE('',#6380,#1355);
#945=LINE('',#6383,#1356);
#946=LINE('',#6385,#1357);
#947=LINE('',#6386,#1358);
#948=LINE('',#6389,#1359);
#949=LINE('',#6390,#1360);
#950=LINE('',#6393,#1361);
#951=LINE('',#6394,#1362);
#952=LINE('',#6398,#1363);
#953=LINE('',#6399,#1364);
#954=LINE('',#6400,#1365);
#955=LINE('',#6403,#1366);
#956=LINE('',#6404,#1367);
#957=LINE('',#6408,#1368);
#958=LINE('',#6411,#1369);
#959=LINE('',#6412,#1370);
#960=LINE('',#6416,#1371);
#961=LINE('',#6419,#1372);
#962=LINE('',#6420,#1373);
#963=LINE('',#6423,#1374);
#964=LINE('',#6424,#1375);
#965=LINE('',#6427,#1376);
#966=LINE('',#6429,#1377);
#967=LINE('',#6430,#1378);
#968=LINE('',#6645,#1379);
#969=LINE('',#6647,#1380);
#970=LINE('',#6648,#1381);
#971=LINE('',#6653,#1382);
#972=LINE('',#6660,#1383);
#973=LINE('',#6663,#1384);
#974=LINE('',#6664,#1385);
#975=LINE('',#6666,#1386);
#976=LINE('',#6667,#1387);
#977=LINE('',#6670,#1388);
#978=LINE('',#6672,#1389);
#979=LINE('',#6673,#1390);
#980=LINE('',#6676,#1391);
#981=LINE('',#6678,#1392);
#982=LINE('',#6679,#1393);
#983=LINE('',#6682,#1394);
#984=LINE('',#6684,#1395);
#985=LINE('',#6685,#1396);
#986=LINE('',#6688,#1397);
#987=LINE('',#6690,#1398);
#988=LINE('',#6691,#1399);
#989=LINE('',#6694,#1400);
#990=LINE('',#6696,#1401);
#991=LINE('',#6697,#1402);
#992=LINE('',#6703,#1403);
#993=LINE('',#6706,#1404);
#994=LINE('',#6709,#1405);
#995=LINE('',#6711,#1406);
#996=LINE('',#6712,#1407);
#997=LINE('',#6716,#1408);
#998=LINE('',#6720,#1409);
#999=LINE('',#6721,#1410);
#1000=LINE('',#6940,#1411);
#1001=LINE('',#6953,#1412);
#1002=LINE('',#6957,#1413);
#1003=LINE('',#6963,#1414);
#1004=LINE('',#6964,#1415);
#1005=LINE('',#6966,#1416);
#1006=LINE('',#6968,#1417);
#1007=LINE('',#6970,#1418);
#1008=LINE('',#6972,#1419);
#1009=LINE('',#6974,#1420);
#1010=LINE('',#6976,#1421);
#1011=LINE('',#6982,#1422);
#1012=LINE('',#6984,#1423);
#1013=LINE('',#6988,#1424);
#1014=LINE('',#7019,#1425);
#1015=LINE('',#7020,#1426);
#1016=LINE('',#7022,#1427);
#1017=LINE('',#7028,#1428);
#1018=LINE('',#7227,#1429);
#1019=LINE('',#7359,#1430);
#1020=LINE('',#7364,#1431);
#1021=LINE('',#7366,#1432);
#1022=LINE('',#7367,#1433);
#1023=LINE('',#7369,#1434);
#1024=LINE('',#7371,#1435);
#1025=LINE('',#7373,#1436);
#1026=LINE('',#7375,#1437);
#1027=LINE('',#7379,#1438);
#1028=LINE('',#7383,#1439);
#1029=LINE('',#7385,#1440);
#1030=LINE('',#7386,#1441);
#1031=LINE('',#7389,#1442);
#1032=LINE('',#7391,#1443);
#1033=LINE('',#7392,#1444);
#1034=LINE('',#7394,#1445);
#1035=LINE('',#7398,#1446);
#1036=LINE('',#7399,#1447);
#1037=LINE('',#7402,#1448);
#1038=LINE('',#7403,#1449);
#1039=LINE('',#7406,#1450);
#1040=LINE('',#7407,#1451);
#1041=LINE('',#7410,#1452);
#1042=LINE('',#7411,#1453);
#1043=LINE('',#7415,#1454);
#1044=LINE('',#7418,#1455);
#1045=LINE('',#7419,#1456);
#1046=LINE('',#7423,#1457);
#1047=LINE('',#7425,#1458);
#1048=LINE('',#7428,#1459);
#1049=LINE('',#7430,#1460);
#1050=LINE('',#7434,#1461);
#1051=LINE('',#7436,#1462);
#1052=LINE('',#7438,#1463);
#1053=LINE('',#7439,#1464);
#1054=LINE('',#7442,#1465);
#1055=LINE('',#7444,#1466);
#1056=LINE('',#7448,#1467);
#1057=LINE('',#7451,#1468);
#1058=LINE('',#7454,#1469);
#1059=LINE('',#7455,#1470);
#1060=LINE('',#7458,#1471);
#1061=LINE('',#7462,#1472);
#1062=LINE('',#7463,#1473);
#1063=LINE('',#7466,#1474);
#1064=LINE('',#7470,#1475);
#1065=LINE('',#7471,#1476);
#1066=LINE('',#7473,#1477);
#1067=LINE('',#7475,#1478);
#1068=LINE('',#7476,#1479);
#1069=LINE('',#7477,#1480);
#1070=LINE('',#7479,#1481);
#1071=LINE('',#7481,#1482);
#1072=LINE('',#7483,#1483);
#1073=LINE('',#7485,#1484);
#1074=LINE('',#7487,#1485);
#1075=LINE('',#7491,#1486);
#1076=LINE('',#7497,#1487);
#1077=LINE('',#7499,#1488);
#1078=LINE('',#7503,#1489);
#1079=LINE('',#7506,#1490);
#1080=LINE('',#7515,#1491);
#1081=LINE('',#7517,#1492);
#1082=LINE('',#7519,#1493);
#1083=LINE('',#7520,#1494);
#1084=LINE('',#7526,#1495);
#1085=LINE('',#7528,#1496);
#1086=LINE('',#7530,#1497);
#1087=LINE('',#7531,#1498);
#1088=LINE('',#7534,#1499);
#1089=LINE('',#7536,#1500);
#1090=LINE('',#7538,#1501);
#1091=LINE('',#7539,#1502);
#1092=LINE('',#7544,#1503);
#1093=LINE('',#7551,#1504);
#1094=LINE('',#7553,#1505);
#1095=LINE('',#7557,#1506);
#1096=LINE('',#7558,#1507);
#1097=LINE('',#7564,#1508);
#1098=LINE('',#7566,#1509);
#1099=LINE('',#7573,#1510);
#1100=LINE('',#7576,#1511);
#1101=LINE('',#7577,#1512);
#1102=LINE('',#7580,#1513);
#1103=LINE('',#7581,#1514);
#1104=LINE('',#7584,#1515);
#1105=LINE('',#7590,#1516);
#1106=LINE('',#7591,#1517);
#1107=LINE('',#7593,#1518);
#1108=LINE('',#7595,#1519);
#1109=LINE('',#7598,#1520);
#1110=LINE('',#7600,#1521);
#1111=LINE('',#7604,#1522);
#1112=LINE('',#7606,#1523);
#1113=LINE('',#7610,#1524);
#1114=LINE('',#7613,#1525);
#1115=LINE('',#7767,#1526);
#1116=LINE('',#7769,#1527);
#1117=LINE('',#7771,#1528);
#1118=LINE('',#7772,#1529);
#1119=LINE('',#7774,#1530);
#1120=LINE('',#7776,#1531);
#1121=LINE('',#7805,#1532);
#1122=LINE('',#7807,#1533);
#1123=LINE('',#7809,#1534);
#1124=LINE('',#7810,#1535);
#1125=LINE('',#7813,#1536);
#1126=LINE('',#7815,#1537);
#1127=LINE('',#7817,#1538);
#1128=LINE('',#7818,#1539);
#1129=LINE('',#7822,#1540);
#1130=LINE('',#7823,#1541);
#1131=LINE('',#7824,#1542);
#1132=LINE('',#7829,#1543);
#1133=LINE('',#7832,#1544);
#1134=LINE('',#7835,#1545);
#1135=LINE('',#7836,#1546);
#1136=LINE('',#7840,#1547);
#1137=LINE('',#7844,#1548);
#1138=LINE('',#7846,#1549);
#1139=LINE('',#7851,#1550);
#1140=LINE('',#7852,#1551);
#1141=LINE('',#7853,#1552);
#1142=LINE('',#7857,#1553);
#1143=LINE('',#7861,#1554);
#1144=LINE('',#7862,#1555);
#1145=LINE('',#8153,#1556);
#1146=LINE('',#8155,#1557);
#1147=LINE('',#8157,#1558);
#1148=LINE('',#8158,#1559);
#1149=LINE('',#8160,#1560);
#1150=LINE('',#8162,#1561);
#1151=LINE('',#8166,#1562);
#1152=LINE('',#8168,#1563);
#1153=LINE('',#8170,#1564);
#1154=LINE('',#8171,#1565);
#1155=LINE('',#8174,#1566);
#1156=LINE('',#8176,#1567);
#1157=LINE('',#8178,#1568);
#1158=LINE('',#8179,#1569);
#1159=LINE('',#8183,#1570);
#1160=LINE('',#8184,#1571);
#1161=LINE('',#8185,#1572);
#1162=LINE('',#8190,#1573);
#1163=LINE('',#8193,#1574);
#1164=LINE('',#8196,#1575);
#1165=LINE('',#8197,#1576);
#1166=LINE('',#8201,#1577);
#1167=LINE('',#8205,#1578);
#1168=LINE('',#8207,#1579);
#1169=LINE('',#8214,#1580);
#1170=LINE('',#8215,#1581);
#1171=LINE('',#8216,#1582);
#1172=LINE('',#8221,#1583);
#1173=LINE('',#8224,#1584);
#1174=LINE('',#8225,#1585);
#1175=LINE('',#8404,#1586);
#1176=LINE('',#8406,#1587);
#1177=LINE('',#8410,#1588);
#1178=LINE('',#8413,#1589);
#1179=VECTOR('',#4485,0.393700787401575);
#1180=VECTOR('',#4486,0.393700787401575);
#1181=VECTOR('',#4487,0.393700787401575);
#1182=VECTOR('',#4488,0.393700787401575);
#1183=VECTOR('',#4491,0.393700787401575);
#1184=VECTOR('',#4492,0.393700787401575);
#1185=VECTOR('',#4493,0.393700787401575);
#1186=VECTOR('',#4496,0.393700787401575);
#1187=VECTOR('',#4497,0.393700787401575);
#1188=VECTOR('',#4498,0.393700787401575);
#1189=VECTOR('',#4501,0.393700787401575);
#1190=VECTOR('',#4502,0.393700787401575);
#1191=VECTOR('',#4503,0.393700787401575);
#1192=VECTOR('',#4512,0.393700787401575);
#1193=VECTOR('',#4513,0.393700787401575);
#1194=VECTOR('',#4514,0.393700787401575);
#1195=VECTOR('',#4515,0.393700787401575);
#1196=VECTOR('',#4518,0.393700787401575);
#1197=VECTOR('',#4519,0.393700787401575);
#1198=VECTOR('',#4520,0.393700787401575);
#1199=VECTOR('',#4523,0.393700787401575);
#1200=VECTOR('',#4524,0.393700787401575);
#1201=VECTOR('',#4525,0.393700787401575);
#1202=VECTOR('',#4528,0.393700787401575);
#1203=VECTOR('',#4529,0.393700787401575);
#1204=VECTOR('',#4536,0.393700787401575);
#1205=VECTOR('',#4537,0.393700787401575);
#1206=VECTOR('',#4538,0.393700787401575);
#1207=VECTOR('',#4541,0.393700787401575);
#1208=VECTOR('',#4542,0.393700787401575);
#1209=VECTOR('',#4543,0.393700787401575);
#1210=VECTOR('',#4548,0.393700787401575);
#1211=VECTOR('',#4549,0.393700787401575);
#1212=VECTOR('',#4552,0.393700787401575);
#1213=VECTOR('',#4553,0.393700787401575);
#1214=VECTOR('',#4560,0.393700787401575);
#1215=VECTOR('',#4563,0.393700787401575);
#1216=VECTOR('',#4566,0.393700787401575);
#1217=VECTOR('',#4567,0.393700787401575);
#1218=VECTOR('',#4568,0.393700787401575);
#1219=VECTOR('',#4571,0.393700787401575);
#1220=VECTOR('',#4574,0.393700787401575);
#1221=VECTOR('',#4575,0.393700787401575);
#1222=VECTOR('',#4576,0.393700787401575);
#1223=VECTOR('',#4579,0.393700787401575);
#1224=VECTOR('',#4582,0.393700787401575);
#1225=VECTOR('',#4585,0.393700787401575);
#1226=VECTOR('',#4586,0.393700787401575);
#1227=VECTOR('',#4589,0.393700787401575);
#1228=VECTOR('',#4590,0.393700787401575);
#1229=VECTOR('',#4591,0.393700787401575);
#1230=VECTOR('',#4596,0.393700787401575);
#1231=VECTOR('',#4599,0.393700787401575);
#1232=VECTOR('',#4602,0.393700787401575);
#1233=VECTOR('',#4603,0.393700787401575);
#1234=VECTOR('',#4604,0.393700787401575);
#1235=VECTOR('',#4607,0.393700787401575);
#1236=VECTOR('',#4608,0.393700787401575);
#1237=VECTOR('',#4609,0.393700787401575);
#1238=VECTOR('',#4610,0.393700787401575);
#1239=VECTOR('',#4617,0.393700787401575);
#1240=VECTOR('',#4620,0.393700787401575);
#1241=VECTOR('',#4621,0.393700787401575);
#1242=VECTOR('',#4622,0.393700787401575);
#1243=VECTOR('',#4623,0.393700787401575);
#1244=VECTOR('',#4624,0.393700787401575);
#1245=VECTOR('',#4627,0.393700787401575);
#1246=VECTOR('',#4628,0.393700787401575);
#1247=VECTOR('',#4629,0.393700787401575);
#1248=VECTOR('',#4630,0.393700787401575);
#1249=VECTOR('',#4631,0.393700787401575);
#1250=VECTOR('',#4636,0.393700787401575);
#1251=VECTOR('',#4639,0.393700787401575);
#1252=VECTOR('',#4640,0.393700787401575);
#1253=VECTOR('',#4641,0.393700787401575);
#1254=VECTOR('',#4642,0.393700787401575);
#1255=VECTOR('',#4643,0.393700787401575);
#1256=VECTOR('',#4644,0.393700787401575);
#1257=VECTOR('',#4645,0.393700787401575);
#1258=VECTOR('',#4646,0.393700787401575);
#1259=VECTOR('',#4649,0.393700787401575);
#1260=VECTOR('',#4650,0.393700787401575);
#1261=VECTOR('',#4651,0.393700787401575);
#1262=VECTOR('',#4652,0.393700787401575);
#1263=VECTOR('',#4653,0.393700787401575);
#1264=VECTOR('',#4654,0.393700787401575);
#1265=VECTOR('',#4655,0.393700787401575);
#1266=VECTOR('',#4656,0.393700787401575);
#1267=VECTOR('',#4657,0.393700787401575);
#1268=VECTOR('',#4658,0.393700787401575);
#1269=VECTOR('',#4659,0.393700787401575);
#1270=VECTOR('',#4662,0.393700787401575);
#1271=VECTOR('',#4667,0.393700787401575);
#1272=VECTOR('',#4668,0.393700787401575);
#1273=VECTOR('',#4671,0.393700787401575);
#1274=VECTOR('',#4674,0.393700787401575);
#1275=VECTOR('',#4677,0.393700787401575);
#1276=VECTOR('',#4680,0.393700787401575);
#1277=VECTOR('',#4681,0.393700787401575);
#1278=VECTOR('',#4682,0.393700787401575);
#1279=VECTOR('',#4685,0.393700787401575);
#1280=VECTOR('',#4686,0.393700787401575);
#1281=VECTOR('',#4687,0.393700787401575);
#1282=VECTOR('',#4690,0.393700787401575);
#1283=VECTOR('',#4693,0.393700787401575);
#1284=VECTOR('',#4696,0.393700787401575);
#1285=VECTOR('',#4701,0.393700787401575);
#1286=VECTOR('',#4706,0.393700787401575);
#1287=VECTOR('',#4713,0.393700787401575);
#1288=VECTOR('',#4714,0.393700787401575);
#1289=VECTOR('',#4715,0.393700787401575);
#1290=VECTOR('',#4716,0.393700787401575);
#1291=VECTOR('',#4717,0.393700787401575);
#1292=VECTOR('',#4718,0.393700787401575);
#1293=VECTOR('',#4719,0.393700787401575);
#1294=VECTOR('',#4720,0.393700787401575);
#1295=VECTOR('',#4745,0.393700787401575);
#1296=VECTOR('',#4746,0.393700787401575);
#1297=VECTOR('',#4747,0.393700787401575);
#1298=VECTOR('',#4748,0.393700787401575);
#1299=VECTOR('',#4749,0.393700787401575);
#1300=VECTOR('',#4754,0.393700787401575);
#1301=VECTOR('',#4763,0.393700787401575);
#1302=VECTOR('',#4766,0.393700787401575);
#1303=VECTOR('',#4767,0.393700787401575);
#1304=VECTOR('',#4772,0.393700787401575);
#1305=VECTOR('',#4773,0.393700787401575);
#1306=VECTOR('',#4774,0.393700787401575);
#1307=VECTOR('',#4775,0.393700787401575);
#1308=VECTOR('',#4776,0.393700787401575);
#1309=VECTOR('',#4777,0.393700787401575);
#1310=VECTOR('',#4780,0.393700787401575);
#1311=VECTOR('',#4781,0.393700787401575);
#1312=VECTOR('',#4782,0.393700787401575);
#1313=VECTOR('',#4783,0.393700787401575);
#1314=VECTOR('',#4794,0.393700787401575);
#1315=VECTOR('',#4799,13.625);
#1316=VECTOR('',#4804,0.393700787401575);
#1317=VECTOR('',#4807,0.393700787401575);
#1318=VECTOR('',#4810,0.393700787401575);
#1319=VECTOR('',#4811,0.393700787401575);
#1320=VECTOR('',#4814,0.393700787401575);
#1321=VECTOR('',#4819,0.393700787401575);
#1322=VECTOR('',#4820,0.393700787401575);
#1323=VECTOR('',#4821,0.393700787401575);
#1324=VECTOR('',#4824,0.393700787401575);
#1325=VECTOR('',#4825,0.393700787401575);
#1326=VECTOR('',#4828,0.393700787401575);
#1327=VECTOR('',#4829,0.393700787401575);
#1328=VECTOR('',#4830,0.393700787401575);
#1329=VECTOR('',#4831,0.393700787401575);
#1330=VECTOR('',#4834,0.393700787401575);
#1331=VECTOR('',#4837,2.);
#1332=VECTOR('',#4842,0.393700787401575);
#1333=VECTOR('',#4843,0.393700787401575);
#1334=VECTOR('',#4844,0.393700787401575);
#1335=VECTOR('',#4845,0.393700787401575);
#1336=VECTOR('',#4852,26.);
#1337=VECTOR('',#4855,0.393700787401575);
#1338=VECTOR('',#4856,0.393700787401575);
#1339=VECTOR('',#4857,0.393700787401575);
#1340=VECTOR('',#4864,0.393700787401575);
#1341=VECTOR('',#4867,0.393700787401575);
#1342=VECTOR('',#4868,0.393700787401575);
#1343=VECTOR('',#4869,0.393700787401575);
#1344=VECTOR('',#4870,0.393700787401575);
#1345=VECTOR('',#4871,0.393700787401575);
#1346=VECTOR('',#4872,0.393700787401575);
#1347=VECTOR('',#4873,0.393700787401575);
#1348=VECTOR('',#4874,0.393700787401575);
#1349=VECTOR('',#4877,0.393700787401575);
#1350=VECTOR('',#4884,0.393700787401575);
#1351=VECTOR('',#4885,0.393700787401575);
#1352=VECTOR('',#4890,0.393700787401575);
#1353=VECTOR('',#4893,0.393700787401575);
#1354=VECTOR('',#4894,0.393700787401575);
#1355=VECTOR('',#4895,0.393700787401575);
#1356=VECTOR('',#4898,0.393700787401575);
#1357=VECTOR('',#4899,0.393700787401575);
#1358=VECTOR('',#4900,0.393700787401575);
#1359=VECTOR('',#4903,0.393700787401575);
#1360=VECTOR('',#4904,0.393700787401575);
#1361=VECTOR('',#4907,0.393700787401575);
#1362=VECTOR('',#4908,0.393700787401575);
#1363=VECTOR('',#4911,0.393700787401575);
#1364=VECTOR('',#4912,0.393700787401575);
#1365=VECTOR('',#4913,0.393700787401575);
#1366=VECTOR('',#4916,0.393700787401575);
#1367=VECTOR('',#4917,0.393700787401575);
#1368=VECTOR('',#4922,0.393700787401575);
#1369=VECTOR('',#4925,0.393700787401575);
#1370=VECTOR('',#4926,0.393700787401575);
#1371=VECTOR('',#4931,0.393700787401575);
#1372=VECTOR('',#4934,0.393700787401575);
#1373=VECTOR('',#4935,0.393700787401575);
#1374=VECTOR('',#4938,0.393700787401575);
#1375=VECTOR('',#4939,0.393700787401575);
#1376=VECTOR('',#4942,0.393700787401575);
#1377=VECTOR('',#4943,0.393700787401575);
#1378=VECTOR('',#4944,0.393700787401575);
#1379=VECTOR('',#4947,0.393700787401575);
#1380=VECTOR('',#4948,0.393700787401575);
#1381=VECTOR('',#4949,0.393700787401575);
#1382=VECTOR('',#4954,0.393700787401575);
#1383=VECTOR('',#4963,0.393700787401575);
#1384=VECTOR('',#4966,0.393700787401575);
#1385=VECTOR('',#4967,0.393700787401575);
#1386=VECTOR('',#4968,0.393700787401575);
#1387=VECTOR('',#4969,0.393700787401575);
#1388=VECTOR('',#4972,0.393700787401575);
#1389=VECTOR('',#4973,0.393700787401575);
#1390=VECTOR('',#4974,0.393700787401575);
#1391=VECTOR('',#4977,0.393700787401575);
#1392=VECTOR('',#4978,0.393700787401575);
#1393=VECTOR('',#4979,0.393700787401575);
#1394=VECTOR('',#4982,0.393700787401575);
#1395=VECTOR('',#4983,0.393700787401575);
#1396=VECTOR('',#4984,0.393700787401575);
#1397=VECTOR('',#4987,0.393700787401575);
#1398=VECTOR('',#4988,0.393700787401575);
#1399=VECTOR('',#4989,0.393700787401575);
#1400=VECTOR('',#4992,0.393700787401575);
#1401=VECTOR('',#4993,0.393700787401575);
#1402=VECTOR('',#4994,0.393700787401575);
#1403=VECTOR('',#4999,0.393700787401575);
#1404=VECTOR('',#5002,0.393700787401575);
#1405=VECTOR('',#5005,0.393700787401575);
#1406=VECTOR('',#5006,0.393700787401575);
#1407=VECTOR('',#5007,0.393700787401575);
#1408=VECTOR('',#5010,0.393700787401575);
#1409=VECTOR('',#5017,0.393700787401575);
#1410=VECTOR('',#5018,0.393700787401575);
#1411=VECTOR('',#5027,0.393700787401575);
#1412=VECTOR('',#5050,0.393700787401575);
#1413=VECTOR('',#5055,0.393700787401575);
#1414=VECTOR('',#5062,0.393700787401575);
#1415=VECTOR('',#5063,0.393700787401575);
#1416=VECTOR('',#5064,0.393700787401575);
#1417=VECTOR('',#5065,0.393700787401575);
#1418=VECTOR('',#5066,0.393700787401575);
#1419=VECTOR('',#5067,0.393700787401575);
#1420=VECTOR('',#5068,0.393700787401575);
#1421=VECTOR('',#5069,0.393700787401575);
#1422=VECTOR('',#5074,0.393700787401575);
#1423=VECTOR('',#5075,0.393700787401575);
#1424=VECTOR('',#5078,0.393700787401575);
#1425=VECTOR('',#5083,0.393700787401575);
#1426=VECTOR('',#5084,0.393700787401575);
#1427=VECTOR('',#5087,0.393700787401575);
#1428=VECTOR('',#5094,2.);
#1429=VECTOR('',#5097,89.3465361010728);
#1430=VECTOR('',#5098,89.3465361010728);
#1431=VECTOR('',#5103,0.393700787401575);
#1432=VECTOR('',#5104,0.393700787401575);
#1433=VECTOR('',#5105,0.393700787401575);
#1434=VECTOR('',#5108,0.393700787401575);
#1435=VECTOR('',#5109,0.393700787401575);
#1436=VECTOR('',#5110,0.393700787401575);
#1437=VECTOR('',#5111,0.393700787401575);
#1438=VECTOR('',#5114,0.393700787401575);
#1439=VECTOR('',#5117,0.393700787401575);
#1440=VECTOR('',#5118,0.393700787401575);
#1441=VECTOR('',#5119,0.393700787401575);
#1442=VECTOR('',#5122,0.393700787401575);
#1443=VECTOR('',#5123,0.393700787401575);
#1444=VECTOR('',#5124,0.393700787401575);
#1445=VECTOR('',#5127,0.393700787401575);
#1446=VECTOR('',#5132,0.393700787401575);
#1447=VECTOR('',#5133,0.393700787401575);
#1448=VECTOR('',#5136,0.393700787401575);
#1449=VECTOR('',#5137,0.393700787401575);
#1450=VECTOR('',#5140,0.393700787401575);
#1451=VECTOR('',#5141,0.393700787401575);
#1452=VECTOR('',#5144,0.393700787401575);
#1453=VECTOR('',#5145,0.393700787401575);
#1454=VECTOR('',#5150,0.393700787401575);
#1455=VECTOR('',#5153,0.393700787401575);
#1456=VECTOR('',#5154,0.393700787401575);
#1457=VECTOR('',#5159,0.393700787401575);
#1458=VECTOR('',#5162,0.393700787401575);
#1459=VECTOR('',#5167,0.393700787401575);
#1460=VECTOR('',#5170,0.393700787401575);
#1461=VECTOR('',#5173,0.393700787401575);
#1462=VECTOR('',#5174,0.393700787401575);
#1463=VECTOR('',#5175,0.393700787401575);
#1464=VECTOR('',#5176,0.393700787401575);
#1465=VECTOR('',#5179,0.393700787401575);
#1466=VECTOR('',#5180,0.393700787401575);
#1467=VECTOR('',#5183,0.393700787401575);
#1468=VECTOR('',#5186,0.393700787401575);
#1469=VECTOR('',#5189,0.393700787401575);
#1470=VECTOR('',#5190,0.393700787401575);
#1471=VECTOR('',#5193,26.);
#1472=VECTOR('',#5198,0.393700787401575);
#1473=VECTOR('',#5199,0.393700787401575);
#1474=VECTOR('',#5202,0.393700787401575);
#1475=VECTOR('',#5207,0.393700787401575);
#1476=VECTOR('',#5208,0.393700787401575);
#1477=VECTOR('',#5211,0.393700787401575);
#1478=VECTOR('',#5214,0.393700787401575);
#1479=VECTOR('',#5215,0.393700787401575);
#1480=VECTOR('',#5216,0.393700787401575);
#1481=VECTOR('',#5219,0.393700787401575);
#1482=VECTOR('',#5222,0.393700787401575);
#1483=VECTOR('',#5225,0.393700787401575);
#1484=VECTOR('',#5228,0.393700787401575);
#1485=VECTOR('',#5231,0.393700787401575);
#1486=VECTOR('',#5238,0.393700787401575);
#1487=VECTOR('',#5245,12.5);
#1488=VECTOR('',#5246,0.393700787401575);
#1489=VECTOR('',#5249,12.5);
#1490=VECTOR('',#5252,0.393700787401575);
#1491=VECTOR('',#5265,0.393700787401575);
#1492=VECTOR('',#5266,0.393700787401575);
#1493=VECTOR('',#5267,0.393700787401575);
#1494=VECTOR('',#5268,0.393700787401575);
#1495=VECTOR('',#5273,0.393700787401575);
#1496=VECTOR('',#5274,0.393700787401575);
#1497=VECTOR('',#5275,0.393700787401575);
#1498=VECTOR('',#5276,0.393700787401575);
#1499=VECTOR('',#5277,0.393700787401575);
#1500=VECTOR('',#5278,0.393700787401575);
#1501=VECTOR('',#5279,0.393700787401575);
#1502=VECTOR('',#5280,0.393700787401575);
#1503=VECTOR('',#5285,2.);
#1504=VECTOR('',#5294,0.393700787401575);
#1505=VECTOR('',#5295,0.393700787401575);
#1506=VECTOR('',#5300,0.393700787401575);
#1507=VECTOR('',#5301,0.393700787401575);
#1508=VECTOR('',#5310,0.393700787401575);
#1509=VECTOR('',#5313,0.393700787401575);
#1510=VECTOR('',#5320,0.393700787401575);
#1511=VECTOR('',#5323,0.393700787401575);
#1512=VECTOR('',#5324,0.393700787401575);
#1513=VECTOR('',#5327,0.393700787401575);
#1514=VECTOR('',#5328,0.393700787401575);
#1515=VECTOR('',#5331,0.393700787401575);
#1516=VECTOR('',#5338,0.393700787401575);
#1517=VECTOR('',#5339,0.393700787401575);
#1518=VECTOR('',#5342,0.393700787401575);
#1519=VECTOR('',#5345,0.393700787401575);
#1520=VECTOR('',#5348,0.393700787401575);
#1521=VECTOR('',#5349,0.393700787401575);
#1522=VECTOR('',#5352,12.5);
#1523=VECTOR('',#5353,0.393700787401575);
#1524=VECTOR('',#5356,12.5);
#1525=VECTOR('',#5359,0.393700787401575);
#1526=VECTOR('',#5374,0.393700787401575);
#1527=VECTOR('',#5375,0.393700787401575);
#1528=VECTOR('',#5376,0.393700787401575);
#1529=VECTOR('',#5377,0.393700787401575);
#1530=VECTOR('',#5378,0.393700787401575);
#1531=VECTOR('',#5379,0.393700787401575);
#1532=VECTOR('',#5388,0.393700787401575);
#1533=VECTOR('',#5389,0.393700787401575);
#1534=VECTOR('',#5390,0.393700787401575);
#1535=VECTOR('',#5391,0.393700787401575);
#1536=VECTOR('',#5392,0.393700787401575);
#1537=VECTOR('',#5393,0.393700787401575);
#1538=VECTOR('',#5394,0.393700787401575);
#1539=VECTOR('',#5395,0.393700787401575);
#1540=VECTOR('',#5398,0.393700787401575);
#1541=VECTOR('',#5399,0.393700787401575);
#1542=VECTOR('',#5400,0.393700787401575);
#1543=VECTOR('',#5405,0.393700787401575);
#1544=VECTOR('',#5408,0.393700787401575);
#1545=VECTOR('',#5411,0.393700787401575);
#1546=VECTOR('',#5412,0.393700787401575);
#1547=VECTOR('',#5417,0.393700787401575);
#1548=VECTOR('',#5422,0.393700787401575);
#1549=VECTOR('',#5425,0.393700787401575);
#1550=VECTOR('',#5430,0.393700787401575);
#1551=VECTOR('',#5431,0.393700787401575);
#1552=VECTOR('',#5432,0.393700787401575);
#1553=VECTOR('',#5437,0.393700787401575);
#1554=VECTOR('',#5442,0.393700787401575);
#1555=VECTOR('',#5443,0.393700787401575);
#1556=VECTOR('',#5460,0.393700787401575);
#1557=VECTOR('',#5461,0.393700787401575);
#1558=VECTOR('',#5462,0.393700787401575);
#1559=VECTOR('',#5463,0.393700787401575);
#1560=VECTOR('',#5464,0.393700787401575);
#1561=VECTOR('',#5465,0.393700787401575);
#1562=VECTOR('',#5468,0.393700787401575);
#1563=VECTOR('',#5469,0.393700787401575);
#1564=VECTOR('',#5470,0.393700787401575);
#1565=VECTOR('',#5471,0.393700787401575);
#1566=VECTOR('',#5472,0.393700787401575);
#1567=VECTOR('',#5473,0.393700787401575);
#1568=VECTOR('',#5474,0.393700787401575);
#1569=VECTOR('',#5475,0.393700787401575);
#1570=VECTOR('',#5478,0.393700787401575);
#1571=VECTOR('',#5479,0.393700787401575);
#1572=VECTOR('',#5480,0.393700787401575);
#1573=VECTOR('',#5485,0.393700787401575);
#1574=VECTOR('',#5488,0.393700787401575);
#1575=VECTOR('',#5491,0.393700787401575);
#1576=VECTOR('',#5492,0.393700787401575);
#1577=VECTOR('',#5497,0.393700787401575);
#1578=VECTOR('',#5502,0.393700787401575);
#1579=VECTOR('',#5505,0.393700787401575);
#1580=VECTOR('',#5512,0.393700787401575);
#1581=VECTOR('',#5513,0.393700787401575);
#1582=VECTOR('',#5514,0.393700787401575);
#1583=VECTOR('',#5521,0.393700787401575);
#1584=VECTOR('',#5524,0.393700787401575);
#1585=VECTOR('',#5525,0.393700787401575);
#1586=VECTOR('',#5548,12.5);
#1587=VECTOR('',#5549,0.393700787401575);
#1588=VECTOR('',#5552,12.5);
#1589=VECTOR('',#5555,0.393700787401575);
#1590=VERTEX_POINT('',#5568);
#1591=VERTEX_POINT('',#5569);
#1592=VERTEX_POINT('',#5571);
#1593=VERTEX_POINT('',#5573);
#1594=VERTEX_POINT('',#5577);
#1595=VERTEX_POINT('',#5579);
#1596=VERTEX_POINT('',#5583);
#1597=VERTEX_POINT('',#5585);
#1598=VERTEX_POINT('',#5589);
#1599=VERTEX_POINT('',#5591);
#1600=VERTEX_POINT('',#5598);
#1601=VERTEX_POINT('',#5599);
#1602=VERTEX_POINT('',#5601);
#1603=VERTEX_POINT('',#5603);
#1604=VERTEX_POINT('',#5607);
#1605=VERTEX_POINT('',#5609);
#1606=VERTEX_POINT('',#5613);
#1607=VERTEX_POINT('',#5615);
#1608=VERTEX_POINT('',#5623);
#1609=VERTEX_POINT('',#5624);
#1610=VERTEX_POINT('',#5626);
#1611=VERTEX_POINT('',#5628);
#1612=VERTEX_POINT('',#5632);
#1613=VERTEX_POINT('',#5634);
#1614=VERTEX_POINT('',#5638);
#1615=VERTEX_POINT('',#5640);
#1616=VERTEX_POINT('',#5648);
#1617=VERTEX_POINT('',#5649);
#1618=VERTEX_POINT('',#5651);
#1619=VERTEX_POINT('',#5653);
#1620=VERTEX_POINT('',#5657);
#1621=VERTEX_POINT('',#5659);
#1622=VERTEX_POINT('',#5663);
#1623=VERTEX_POINT('',#5665);
#1624=VERTEX_POINT('',#5667);
#1625=VERTEX_POINT('',#5669);
#1626=VERTEX_POINT('',#5673);
#1627=VERTEX_POINT('',#5675);
#1628=VERTEX_POINT('',#5679);
#1629=VERTEX_POINT('',#5681);
#1630=VERTEX_POINT('',#5683);
#1631=VERTEX_POINT('',#5685);
#1632=VERTEX_POINT('',#5687);
#1633=VERTEX_POINT('',#5691);
#1634=VERTEX_POINT('',#5692);
#1635=VERTEX_POINT('',#5694);
#1636=VERTEX_POINT('',#5696);
#1637=VERTEX_POINT('',#5700);
#1638=VERTEX_POINT('',#5702);
#1639=VERTEX_POINT('',#5706);
#1640=VERTEX_POINT('',#5708);
#1641=VERTEX_POINT('',#5710);
#1642=VERTEX_POINT('',#5712);
#1643=VERTEX_POINT('',#5716);
#1644=VERTEX_POINT('',#5720);
#1645=VERTEX_POINT('',#5721);
#1646=VERTEX_POINT('',#5723);
#1647=VERTEX_POINT('',#5725);
#1648=VERTEX_POINT('',#5727);
#1649=VERTEX_POINT('',#5731);
#1650=VERTEX_POINT('',#5733);
#1651=VERTEX_POINT('',#5735);
#1652=VERTEX_POINT('',#5737);
#1653=VERTEX_POINT('',#5741);
#1654=VERTEX_POINT('',#5743);
#1655=VERTEX_POINT('',#5745);
#1656=VERTEX_POINT('',#5747);
#1657=VERTEX_POINT('',#5749);
#1658=VERTEX_POINT('',#5751);
#1659=VERTEX_POINT('',#5753);
#1660=VERTEX_POINT('',#5755);
#1661=VERTEX_POINT('',#5757);
#1662=VERTEX_POINT('',#5759);
#1663=VERTEX_POINT('',#5763);
#1664=VERTEX_POINT('',#5764);
#1665=VERTEX_POINT('',#5766);
#1666=VERTEX_POINT('',#5768);
#1667=VERTEX_POINT('',#5770);
#1668=VERTEX_POINT('',#5772);
#1669=VERTEX_POINT('',#5774);
#1670=VERTEX_POINT('',#5776);
#1671=VERTEX_POINT('',#5779);
#1672=VERTEX_POINT('',#5782);
#1673=VERTEX_POINT('',#5783);
#1674=VERTEX_POINT('',#5785);
#1675=VERTEX_POINT('',#5787);
#1676=VERTEX_POINT('',#5800);
#1677=VERTEX_POINT('',#5801);
#1678=VERTEX_POINT('',#5806);
#1679=VERTEX_POINT('',#5808);
#1680=VERTEX_POINT('',#5821);
#1681=VERTEX_POINT('',#5823);
#1682=VERTEX_POINT('',#5827);
#1683=VERTEX_POINT('',#5829);
#1684=VERTEX_POINT('',#5831);
#1685=VERTEX_POINT('',#5833);
#1686=VERTEX_POINT('',#5835);
#1687=VERTEX_POINT('',#5837);
#1688=VERTEX_POINT('',#5839);
#1689=VERTEX_POINT('',#5841);
#1690=VERTEX_POINT('',#5843);
#1691=VERTEX_POINT('',#5849);
#1692=VERTEX_POINT('',#5986);
#1693=VERTEX_POINT('',#5990);
#1694=VERTEX_POINT('',#5994);
#1695=VERTEX_POINT('',#6061);
#1696=VERTEX_POINT('',#6130);
#1697=VERTEX_POINT('',#6132);
#1698=VERTEX_POINT('',#6136);
#1699=VERTEX_POINT('',#6138);
#1700=VERTEX_POINT('',#6140);
#1701=VERTEX_POINT('',#6142);
#1702=VERTEX_POINT('',#6144);
#1703=VERTEX_POINT('',#6146);
#1704=VERTEX_POINT('',#6148);
#1705=VERTEX_POINT('',#6150);
#1706=VERTEX_POINT('',#6152);
#1707=VERTEX_POINT('',#6154);
#1708=VERTEX_POINT('',#6156);
#1709=VERTEX_POINT('',#6158);
#1710=VERTEX_POINT('',#6160);
#1711=VERTEX_POINT('',#6162);
#1712=VERTEX_POINT('',#6165);
#1713=VERTEX_POINT('',#6168);
#1714=VERTEX_POINT('',#6170);
#1715=VERTEX_POINT('',#6172);
#1716=VERTEX_POINT('',#6174);
#1717=VERTEX_POINT('',#6177);
#1718=VERTEX_POINT('',#6205);
#1719=VERTEX_POINT('',#6209);
#1720=VERTEX_POINT('',#6224);
#1721=VERTEX_POINT('',#6226);
#1722=VERTEX_POINT('',#6228);
#1723=VERTEX_POINT('',#6230);
#1724=VERTEX_POINT('',#6232);
#1725=VERTEX_POINT('',#6236);
#1726=VERTEX_POINT('',#6237);
#1727=VERTEX_POINT('',#6245);
#1728=VERTEX_POINT('',#6312);
#1729=VERTEX_POINT('',#6316);
#1730=VERTEX_POINT('',#6317);
#1731=VERTEX_POINT('',#6319);
#1732=VERTEX_POINT('',#6321);
#1733=VERTEX_POINT('',#6325);
#1734=VERTEX_POINT('',#6327);
#1735=VERTEX_POINT('',#6331);
#1736=VERTEX_POINT('',#6333);
#1737=VERTEX_POINT('',#6337);
#1738=VERTEX_POINT('',#6339);
#1739=VERTEX_POINT('',#6343);
#1740=VERTEX_POINT('',#6344);
#1741=VERTEX_POINT('',#6346);
#1742=VERTEX_POINT('',#6348);
#1743=VERTEX_POINT('',#6350);
#1744=VERTEX_POINT('',#6352);
#1745=VERTEX_POINT('',#6354);
#1746=VERTEX_POINT('',#6356);
#1747=VERTEX_POINT('',#6358);
#1748=VERTEX_POINT('',#6360);
#1749=VERTEX_POINT('',#6362);
#1750=VERTEX_POINT('',#6366);
#1751=VERTEX_POINT('',#6367);
#1752=VERTEX_POINT('',#6372);
#1753=VERTEX_POINT('',#6376);
#1754=VERTEX_POINT('',#6378);
#1755=VERTEX_POINT('',#6382);
#1756=VERTEX_POINT('',#6384);
#1757=VERTEX_POINT('',#6388);
#1758=VERTEX_POINT('',#6392);
#1759=VERTEX_POINT('',#6396);
#1760=VERTEX_POINT('',#6397);
#1761=VERTEX_POINT('',#6402);
#1762=VERTEX_POINT('',#6406);
#1763=VERTEX_POINT('',#6410);
#1764=VERTEX_POINT('',#6414);
#1765=VERTEX_POINT('',#6418);
#1766=VERTEX_POINT('',#6422);
#1767=VERTEX_POINT('',#6426);
#1768=VERTEX_POINT('',#6428);
#1769=VERTEX_POINT('',#6559);
#1770=VERTEX_POINT('',#6599);
#1771=VERTEX_POINT('',#6644);
#1772=VERTEX_POINT('',#6646);
#1773=VERTEX_POINT('',#6650);
#1774=VERTEX_POINT('',#6652);
#1775=VERTEX_POINT('',#6656);
#1776=VERTEX_POINT('',#6658);
#1777=VERTEX_POINT('',#6662);
#1778=VERTEX_POINT('',#6665);
#1779=VERTEX_POINT('',#6669);
#1780=VERTEX_POINT('',#6671);
#1781=VERTEX_POINT('',#6675);
#1782=VERTEX_POINT('',#6677);
#1783=VERTEX_POINT('',#6681);
#1784=VERTEX_POINT('',#6683);
#1785=VERTEX_POINT('',#6687);
#1786=VERTEX_POINT('',#6689);
#1787=VERTEX_POINT('',#6693);
#1788=VERTEX_POINT('',#6695);
#1789=VERTEX_POINT('',#6699);
#1790=VERTEX_POINT('',#6700);
#1791=VERTEX_POINT('',#6702);
#1792=VERTEX_POINT('',#6704);
#1793=VERTEX_POINT('',#6708);
#1794=VERTEX_POINT('',#6710);
#1795=VERTEX_POINT('',#6714);
#1796=VERTEX_POINT('',#6715);
#1797=VERTEX_POINT('',#6722);
#1798=VERTEX_POINT('',#6890);
#1799=VERTEX_POINT('',#6937);
#1800=VERTEX_POINT('',#6939);
#1801=VERTEX_POINT('',#6952);
#1802=VERTEX_POINT('',#6955);
#1803=VERTEX_POINT('',#6959);
#1804=VERTEX_POINT('',#6962);
#1805=VERTEX_POINT('',#6965);
#1806=VERTEX_POINT('',#6967);
#1807=VERTEX_POINT('',#6969);
#1808=VERTEX_POINT('',#6971);
#1809=VERTEX_POINT('',#6973);
#1810=VERTEX_POINT('',#6975);
#1811=VERTEX_POINT('',#6977);
#1812=VERTEX_POINT('',#6979);
#1813=VERTEX_POINT('',#6981);
#1814=VERTEX_POINT('',#6983);
#1815=VERTEX_POINT('',#6985);
#1816=VERTEX_POINT('',#6987);
#1817=VERTEX_POINT('',#6990);
#1818=VERTEX_POINT('',#7018);
#1819=VERTEX_POINT('',#7025);
#1820=VERTEX_POINT('',#7027);
#1821=VERTEX_POINT('',#7200);
#1822=VERTEX_POINT('',#7332);
#1823=VERTEX_POINT('',#7361);
#1824=VERTEX_POINT('',#7363);
#1825=VERTEX_POINT('',#7365);
#1826=VERTEX_POINT('',#7370);
#1827=VERTEX_POINT('',#7372);
#1828=VERTEX_POINT('',#7374);
#1829=VERTEX_POINT('',#7376);
#1830=VERTEX_POINT('',#7378);
#1831=VERTEX_POINT('',#7380);
#1832=VERTEX_POINT('',#7382);
#1833=VERTEX_POINT('',#7384);
#1834=VERTEX_POINT('',#7388);
#1835=VERTEX_POINT('',#7390);
#1836=VERTEX_POINT('',#7397);
#1837=VERTEX_POINT('',#7401);
#1838=VERTEX_POINT('',#7405);
#1839=VERTEX_POINT('',#7409);
#1840=VERTEX_POINT('',#7413);
#1841=VERTEX_POINT('',#7417);
#1842=VERTEX_POINT('',#7421);
#1843=VERTEX_POINT('',#7432);
#1844=VERTEX_POINT('',#7433);
#1845=VERTEX_POINT('',#7435);
#1846=VERTEX_POINT('',#7437);
#1847=VERTEX_POINT('',#7441);
#1848=VERTEX_POINT('',#7443);
#1849=VERTEX_POINT('',#7445);
#1850=VERTEX_POINT('',#7447);
#1851=VERTEX_POINT('',#7449);
#1852=VERTEX_POINT('',#7453);
#1853=VERTEX_POINT('',#7457);
#1854=VERTEX_POINT('',#7461);
#1855=VERTEX_POINT('',#7465);
#1856=VERTEX_POINT('',#7469);
#1857=VERTEX_POINT('',#7495);
#1858=VERTEX_POINT('',#7496);
#1859=VERTEX_POINT('',#7498);
#1860=VERTEX_POINT('',#7500);
#1861=VERTEX_POINT('',#7502);
#1862=VERTEX_POINT('',#7504);
#1863=VERTEX_POINT('',#7513);
#1864=VERTEX_POINT('',#7514);
#1865=VERTEX_POINT('',#7516);
#1866=VERTEX_POINT('',#7518);
#1867=VERTEX_POINT('',#7521);
#1868=VERTEX_POINT('',#7524);
#1869=VERTEX_POINT('',#7525);
#1870=VERTEX_POINT('',#7527);
#1871=VERTEX_POINT('',#7529);
#1872=VERTEX_POINT('',#7532);
#1873=VERTEX_POINT('',#7533);
#1874=VERTEX_POINT('',#7535);
#1875=VERTEX_POINT('',#7537);
#1876=VERTEX_POINT('',#7541);
#1877=VERTEX_POINT('',#7542);
#1878=VERTEX_POINT('',#7545);
#1879=VERTEX_POINT('',#7549);
#1880=VERTEX_POINT('',#7552);
#1881=VERTEX_POINT('',#7556);
#1882=VERTEX_POINT('',#7562);
#1883=VERTEX_POINT('',#7569);
#1884=VERTEX_POINT('',#7570);
#1885=VERTEX_POINT('',#7572);
#1886=VERTEX_POINT('',#7574);
#1887=VERTEX_POINT('',#7579);
#1888=VERTEX_POINT('',#7583);
#1889=VERTEX_POINT('',#7587);
#1890=VERTEX_POINT('',#7588);
#1891=VERTEX_POINT('',#7597);
#1892=VERTEX_POINT('',#7599);
#1893=VERTEX_POINT('',#7602);
#1894=VERTEX_POINT('',#7603);
#1895=VERTEX_POINT('',#7605);
#1896=VERTEX_POINT('',#7607);
#1897=VERTEX_POINT('',#7609);
#1898=VERTEX_POINT('',#7611);
#1899=VERTEX_POINT('',#7620);
#1900=VERTEX_POINT('',#7621);
#1901=VERTEX_POINT('',#7680);
#1902=VERTEX_POINT('',#7685);
#1903=VERTEX_POINT('',#7696);
#1904=VERTEX_POINT('',#7739);
#1905=VERTEX_POINT('',#7765);
#1906=VERTEX_POINT('',#7766);
#1907=VERTEX_POINT('',#7768);
#1908=VERTEX_POINT('',#7770);
#1909=VERTEX_POINT('',#7773);
#1910=VERTEX_POINT('',#7775);
#1911=VERTEX_POINT('',#7778);
#1912=VERTEX_POINT('',#7798);
#1913=VERTEX_POINT('',#7803);
#1914=VERTEX_POINT('',#7804);
#1915=VERTEX_POINT('',#7806);
#1916=VERTEX_POINT('',#7808);
#1917=VERTEX_POINT('',#7811);
#1918=VERTEX_POINT('',#7812);
#1919=VERTEX_POINT('',#7814);
#1920=VERTEX_POINT('',#7816);
#1921=VERTEX_POINT('',#7820);
#1922=VERTEX_POINT('',#7821);
#1923=VERTEX_POINT('',#7826);
#1924=VERTEX_POINT('',#7828);
#1925=VERTEX_POINT('',#7830);
#1926=VERTEX_POINT('',#7834);
#1927=VERTEX_POINT('',#7838);
#1928=VERTEX_POINT('',#7842);
#1929=VERTEX_POINT('',#7849);
#1930=VERTEX_POINT('',#7850);
#1931=VERTEX_POINT('',#7856);
#1932=VERTEX_POINT('',#7860);
#1933=VERTEX_POINT('',#7869);
#1934=VERTEX_POINT('',#7870);
#1935=VERTEX_POINT('',#7929);
#1936=VERTEX_POINT('',#7936);
#1937=VERTEX_POINT('',#8032);
#1938=VERTEX_POINT('',#8033);
#1939=VERTEX_POINT('',#8050);
#1940=VERTEX_POINT('',#8055);
#1941=VERTEX_POINT('',#8070);
#1942=VERTEX_POINT('',#8125);
#1943=VERTEX_POINT('',#8151);
#1944=VERTEX_POINT('',#8152);
#1945=VERTEX_POINT('',#8154);
#1946=VERTEX_POINT('',#8156);
#1947=VERTEX_POINT('',#8159);
#1948=VERTEX_POINT('',#8161);
#1949=VERTEX_POINT('',#8164);
#1950=VERTEX_POINT('',#8165);
#1951=VERTEX_POINT('',#8167);
#1952=VERTEX_POINT('',#8169);
#1953=VERTEX_POINT('',#8172);
#1954=VERTEX_POINT('',#8173);
#1955=VERTEX_POINT('',#8175);
#1956=VERTEX_POINT('',#8177);
#1957=VERTEX_POINT('',#8181);
#1958=VERTEX_POINT('',#8182);
#1959=VERTEX_POINT('',#8187);
#1960=VERTEX_POINT('',#8189);
#1961=VERTEX_POINT('',#8191);
#1962=VERTEX_POINT('',#8195);
#1963=VERTEX_POINT('',#8199);
#1964=VERTEX_POINT('',#8203);
#1965=VERTEX_POINT('',#8208);
#1966=VERTEX_POINT('',#8212);
#1967=VERTEX_POINT('',#8213);
#1968=VERTEX_POINT('',#8219);
#1969=VERTEX_POINT('',#8223);
#1970=VERTEX_POINT('',#8249);
#1971=VERTEX_POINT('',#8256);
#1972=VERTEX_POINT('',#8257);
#1973=VERTEX_POINT('',#8299);
#1974=VERTEX_POINT('',#8300);
#1975=VERTEX_POINT('',#8402);
#1976=VERTEX_POINT('',#8403);
#1977=VERTEX_POINT('',#8405);
#1978=VERTEX_POINT('',#8407);
#1979=VERTEX_POINT('',#8409);
#1980=VERTEX_POINT('',#8411);
#1981=EDGE_CURVE('',#1590,#1591,#768,.T.);
#1982=EDGE_CURVE('',#1592,#1590,#769,.T.);
#1983=EDGE_CURVE('',#1593,#1592,#770,.T.);
#1984=EDGE_CURVE('',#1593,#1591,#771,.T.);
#1985=EDGE_CURVE('',#1591,#1594,#772,.T.);
#1986=EDGE_CURVE('',#1595,#1593,#773,.T.);
#1987=EDGE_CURVE('',#1595,#1594,#774,.T.);
#1988=EDGE_CURVE('',#1594,#1596,#775,.T.);
#1989=EDGE_CURVE('',#1597,#1595,#776,.T.);
#1990=EDGE_CURVE('',#1597,#1596,#777,.T.);
#1991=EDGE_CURVE('',#1596,#1598,#778,.T.);
#1992=EDGE_CURVE('',#1599,#1597,#779,.T.);
#1993=EDGE_CURVE('',#1599,#1598,#780,.T.);
#1994=EDGE_CURVE('',#1598,#1590,#132,.T.);
#1995=EDGE_CURVE('',#1592,#1599,#133,.T.);
#1996=EDGE_CURVE('',#1600,#1601,#781,.T.);
#1997=EDGE_CURVE('',#1600,#1602,#782,.T.);
#1998=EDGE_CURVE('',#1602,#1603,#783,.T.);
#1999=EDGE_CURVE('',#1601,#1603,#784,.T.);
#2000=EDGE_CURVE('',#1604,#1600,#785,.T.);
#2001=EDGE_CURVE('',#1604,#1605,#786,.T.);
#2002=EDGE_CURVE('',#1605,#1602,#787,.T.);
#2003=EDGE_CURVE('',#1606,#1604,#788,.T.);
#2004=EDGE_CURVE('',#1606,#1607,#789,.T.);
#2005=EDGE_CURVE('',#1607,#1605,#790,.T.);
#2006=EDGE_CURVE('',#1601,#1606,#791,.T.);
#2007=EDGE_CURVE('',#1603,#1607,#792,.T.);
#2008=EDGE_CURVE('',#1608,#1609,#134,.T.);
#2009=EDGE_CURVE('',#1610,#1608,#793,.T.);
#2010=EDGE_CURVE('',#1610,#1611,#794,.T.);
#2011=EDGE_CURVE('',#1611,#1609,#795,.T.);
#2012=EDGE_CURVE('',#1612,#1608,#796,.T.);
#2013=EDGE_CURVE('',#1613,#1612,#797,.T.);
#2014=EDGE_CURVE('',#1613,#1610,#798,.T.);
#2015=EDGE_CURVE('',#1614,#1612,#135,.T.);
#2016=EDGE_CURVE('',#1615,#1614,#799,.T.);
#2017=EDGE_CURVE('',#1615,#1613,#800,.T.);
#2018=EDGE_CURVE('',#1609,#1614,#801,.T.);
#2019=EDGE_CURVE('',#1611,#1615,#802,.T.);
#2020=EDGE_CURVE('',#1616,#1617,#136,.T.);
#2021=EDGE_CURVE('',#1617,#1618,#803,.T.);
#2022=EDGE_CURVE('',#1618,#1619,#137,.T.);
#2023=EDGE_CURVE('',#1619,#1616,#804,.T.);
#2024=EDGE_CURVE('',#1620,#1617,#805,.T.);
#2025=EDGE_CURVE('',#1620,#1621,#806,.T.);
#2026=EDGE_CURVE('',#1621,#1618,#807,.T.);
#2027=EDGE_CURVE('',#1616,#1622,#808,.T.);
#2028=EDGE_CURVE('',#1623,#1622,#138,.T.);
#2029=EDGE_CURVE('',#1623,#1624,#809,.T.);
#2030=EDGE_CURVE('',#1625,#1624,#810,.T.);
#2031=EDGE_CURVE('',#1625,#1620,#811,.T.);
#2032=EDGE_CURVE('',#1622,#1626,#812,.T.);
#2033=EDGE_CURVE('',#1626,#1627,#139,.T.);
#2034=EDGE_CURVE('',#1627,#1623,#813,.T.);
#2035=EDGE_CURVE('',#1628,#1627,#814,.T.);
#2036=EDGE_CURVE('',#1629,#1628,#815,.T.);
#2037=EDGE_CURVE('',#1630,#1629,#94,.T.);
#2038=EDGE_CURVE('',#1631,#1630,#816,.T.);
#2039=EDGE_CURVE('',#1632,#1631,#817,.T.);
#2040=EDGE_CURVE('',#1624,#1632,#818,.T.);
#2041=EDGE_CURVE('',#1633,#1634,#140,.T.);
#2042=EDGE_CURVE('',#1634,#1635,#819,.T.);
#2043=EDGE_CURVE('',#1635,#1636,#141,.T.);
#2044=EDGE_CURVE('',#1636,#1633,#820,.T.);
#2045=EDGE_CURVE('',#1634,#1637,#821,.T.);
#2046=EDGE_CURVE('',#1638,#1637,#822,.T.);
#2047=EDGE_CURVE('',#1638,#1635,#823,.T.);
#2048=EDGE_CURVE('',#1639,#1633,#824,.T.);
#2049=EDGE_CURVE('',#1639,#1640,#825,.T.);
#2050=EDGE_CURVE('',#1641,#1640,#826,.T.);
#2051=EDGE_CURVE('',#1641,#1642,#827,.T.);
#2052=EDGE_CURVE('',#1637,#1642,#142,.T.);
#2053=EDGE_CURVE('',#1643,#1638,#143,.T.);
#2054=EDGE_CURVE('',#1642,#1643,#828,.T.);
#2055=EDGE_CURVE('',#1644,#1645,#829,.T.);
#2056=EDGE_CURVE('',#1646,#1644,#830,.T.);
#2057=EDGE_CURVE('',#1646,#1647,#831,.T.);
#2058=EDGE_CURVE('',#1647,#1648,#832,.T.);
#2059=EDGE_CURVE('',#1645,#1648,#833,.T.);
#2060=EDGE_CURVE('',#1649,#1644,#834,.T.);
#2061=EDGE_CURVE('',#1650,#1649,#835,.T.);
#2062=EDGE_CURVE('',#1651,#1650,#836,.T.);
#2063=EDGE_CURVE('',#1652,#1651,#837,.T.);
#2064=EDGE_CURVE('',#1652,#1646,#838,.T.);
#2065=EDGE_CURVE('',#1653,#1650,#144,.T.);
#2066=EDGE_CURVE('',#1654,#1653,#839,.T.);
#2067=EDGE_CURVE('',#1655,#1654,#145,.T.);
#2068=EDGE_CURVE('',#1655,#1656,#840,.T.);
#2069=EDGE_CURVE('',#1656,#1657,#841,.T.);
#2070=EDGE_CURVE('',#1657,#1658,#842,.T.);
#2071=EDGE_CURVE('',#1658,#1659,#843,.T.);
#2072=EDGE_CURVE('',#1659,#1660,#844,.T.);
#2073=EDGE_CURVE('',#1660,#1661,#845,.T.);
#2074=EDGE_CURVE('',#1661,#1662,#846,.T.);
#2075=EDGE_CURVE('',#1662,#1651,#847,.T.);
#2076=EDGE_CURVE('',#1663,#1664,#848,.T.);
#2077=EDGE_CURVE('',#1665,#1663,#849,.T.);
#2078=EDGE_CURVE('',#1666,#1665,#850,.T.);
#2079=EDGE_CURVE('',#1667,#1666,#851,.T.);
#2080=EDGE_CURVE('',#1668,#1667,#852,.T.);
#2081=EDGE_CURVE('',#1669,#1668,#853,.T.);
#2082=EDGE_CURVE('',#1670,#1669,#854,.T.);
#2083=EDGE_CURVE('',#1647,#1670,#855,.T.);
#2084=EDGE_CURVE('',#1671,#1652,#856,.T.);
#2085=EDGE_CURVE('',#1664,#1671,#857,.T.);
#2086=EDGE_CURVE('',#1672,#1673,#858,.T.);
#2087=EDGE_CURVE('',#1674,#1672,#146,.T.);
#2088=EDGE_CURVE('',#1675,#1674,#859,.T.);
#2089=EDGE_CURVE('',#1673,#1675,#147,.T.);
#2090=EDGE_CURVE('',#1663,#1660,#860,.T.);
#2091=EDGE_CURVE('',#1665,#1659,#861,.T.);
#2092=EDGE_CURVE('',#1666,#1658,#862,.T.);
#2093=EDGE_CURVE('',#1667,#1657,#863,.T.);
#2094=EDGE_CURVE('',#1668,#1656,#864,.T.);
#2095=EDGE_CURVE('',#1676,#1677,#865,.T.);
#2096=EDGE_CURVE('',#1669,#1676,#866,.T.);
#2097=EDGE_CURVE('',#1677,#1655,#867,.T.);
#2098=EDGE_CURVE('',#1678,#1676,#868,.T.);
#2099=EDGE_CURVE('',#1679,#1678,#869,.T.);
#2100=EDGE_CURVE('',#1670,#1679,#870,.T.);
#2101=EDGE_CURVE('',#1648,#1679,#871,.T.);
#2102=EDGE_CURVE('',#1671,#1662,#872,.T.);
#2103=EDGE_CURVE('',#1664,#1661,#873,.T.);
#2104=EDGE_CURVE('',#1645,#1678,#874,.T.);
#2105=EDGE_CURVE('',#1680,#1674,#95,.T.);
#2106=EDGE_CURVE('',#1681,#1680,#875,.T.);
#2107=EDGE_CURVE('',#1675,#1681,#96,.T.);
#2108=EDGE_CURVE('',#1682,#1677,#97,.T.);
#2109=EDGE_CURVE('',#1683,#1682,#876,.T.);
#2110=EDGE_CURVE('',#1684,#1683,#877,.T.);
#2111=EDGE_CURVE('',#1685,#1684,#878,.T.);
#2112=EDGE_CURVE('',#1685,#1686,#879,.T.);
#2113=EDGE_CURVE('',#1686,#1687,#880,.T.);
#2114=EDGE_CURVE('',#1688,#1687,#881,.T.);
#2115=EDGE_CURVE('',#1689,#1688,#882,.T.);
#2116=EDGE_CURVE('',#1690,#1689,#883,.T.);
#2117=EDGE_CURVE('',#1649,#1690,#98,.T.);
#2118=EDGE_CURVE('',#1681,#1673,#99,.T.);
#2119=EDGE_CURVE('',#1654,#1691,#100,.T.);
#2120=EDGE_CURVE('',#1682,#1691,#47,.T.);
#2121=EDGE_CURVE('',#1672,#1680,#101,.T.);
#2122=EDGE_CURVE('',#1691,#1653,#102,.T.);
#2123=EDGE_CURVE('',#1691,#1690,#48,.T.);
#2124=EDGE_CURVE('',#1688,#1692,#884,.T.);
#2125=EDGE_CURVE('',#1686,#1687,#885,.T.);
#2126=EDGE_CURVE('',#1685,#1686,#886,.T.);
#2127=EDGE_CURVE('',#1693,#1684,#887,.T.);
#2128=EDGE_CURVE('',#1692,#1693,#888,.T.);
#2129=EDGE_CURVE('',#1686,#1694,#49,.T.);
#2130=EDGE_CURVE('',#1694,#1695,#50,.T.);
#2131=EDGE_CURVE('',#1695,#1686,#51,.T.);
#2132=EDGE_CURVE('',#1696,#1685,#148,.T.);
#2133=EDGE_CURVE('',#1696,#1697,#889,.T.);
#2134=EDGE_CURVE('',#1697,#1687,#149,.F.);
#2135=EDGE_CURVE('',#1692,#1698,#150,.T.);
#2136=EDGE_CURVE('',#1698,#1699,#151,.T.);
#2137=EDGE_CURVE('',#1699,#1700,#890,.T.);
#2138=EDGE_CURVE('',#1700,#1701,#152,.T.);
#2139=EDGE_CURVE('',#1701,#1702,#891,.T.);
#2140=EDGE_CURVE('',#1702,#1703,#892,.T.);
#2141=EDGE_CURVE('',#1703,#1704,#153,.T.);
#2142=EDGE_CURVE('',#1704,#1705,#154,.T.);
#2143=EDGE_CURVE('',#1705,#1706,#893,.T.);
#2144=EDGE_CURVE('',#1706,#1707,#894,.T.);
#2145=EDGE_CURVE('',#1707,#1708,#895,.T.);
#2146=EDGE_CURVE('',#1708,#1709,#896,.T.);
#2147=EDGE_CURVE('',#1709,#1710,#897,.T.);
#2148=EDGE_CURVE('',#1710,#1711,#898,.T.);
#2149=EDGE_CURVE('',#1711,#1629,#155,.T.);
#2150=EDGE_CURVE('',#1628,#1712,#899,.T.);
#2151=EDGE_CURVE('',#1625,#1712,#900,.T.);
#2152=EDGE_CURVE('',#1624,#1713,#901,.T.);
#2153=EDGE_CURVE('',#1713,#1714,#902,.T.);
#2154=EDGE_CURVE('',#1714,#1715,#156,.T.);
#2155=EDGE_CURVE('',#1715,#1716,#157,.T.);
#2156=EDGE_CURVE('',#1716,#1689,#158,.T.);
#2157=EDGE_CURVE('',#1717,#1717,#52,.T.);
#2158=EDGE_CURVE('',#1693,#1718,#159,.T.);
#2159=EDGE_CURVE('',#1718,#1698,#903,.T.);
#2160=EDGE_CURVE('',#1719,#1719,#160,.T.);
#2161=EDGE_CURVE('',#1719,#1695,#904,.T.);
#2162=EDGE_CURVE('',#1621,#1712,#905,.T.);
#2163=EDGE_CURVE('',#1632,#1713,#906,.T.);
#2164=EDGE_CURVE('',#1714,#1630,#907,.T.);
#2165=EDGE_CURVE('',#1632,#1631,#908,.T.);
#2166=EDGE_CURVE('',#1626,#1619,#909,.T.);
#2167=EDGE_CURVE('',#1641,#1720,#910,.T.);
#2168=EDGE_CURVE('',#1721,#1720,#911,.T.);
#2169=EDGE_CURVE('',#1721,#1722,#912,.T.);
#2170=EDGE_CURVE('',#1723,#1722,#103,.T.);
#2171=EDGE_CURVE('',#1724,#1723,#913,.T.);
#2172=EDGE_CURVE('',#1643,#1724,#914,.T.);
#2173=EDGE_CURVE('',#1725,#1726,#915,.T.);
#2174=EDGE_CURVE('',#1722,#1725,#916,.T.);
#2175=EDGE_CURVE('',#1721,#1720,#917,.T.);
#2176=EDGE_CURVE('',#1720,#1726,#918,.T.);
#2177=EDGE_CURVE('',#1726,#1641,#919,.T.);
#2178=EDGE_CURVE('',#1727,#1727,#53,.T.);
#2179=EDGE_CURVE('',#1727,#1728,#920,.T.);
#2180=EDGE_CURVE('',#1728,#1728,#161,.T.);
#2181=EDGE_CURVE('',#1729,#1730,#921,.T.);
#2182=EDGE_CURVE('',#1729,#1731,#922,.T.);
#2183=EDGE_CURVE('',#1731,#1732,#923,.F.);
#2184=EDGE_CURVE('',#1730,#1732,#924,.T.);
#2185=EDGE_CURVE('',#1729,#1733,#162,.F.);
#2186=EDGE_CURVE('',#1734,#1730,#163,.T.);
#2187=EDGE_CURVE('',#1733,#1734,#925,.T.);
#2188=EDGE_CURVE('',#1734,#1735,#926,.T.);
#2189=EDGE_CURVE('',#1735,#1736,#927,.T.);
#2190=EDGE_CURVE('',#1736,#1733,#928,.F.);
#2191=EDGE_CURVE('',#1737,#1736,#164,.F.);
#2192=EDGE_CURVE('',#1735,#1738,#165,.T.);
#2193=EDGE_CURVE('',#1738,#1737,#929,.T.);
#2194=EDGE_CURVE('',#1739,#1740,#930,.F.);
#2195=EDGE_CURVE('',#1741,#1739,#931,.F.);
#2196=EDGE_CURVE('',#1742,#1741,#932,.F.);
#2197=EDGE_CURVE('',#1743,#1742,#933,.F.);
#2198=EDGE_CURVE('',#1744,#1743,#934,.F.);
#2199=EDGE_CURVE('',#1745,#1744,#935,.F.);
#2200=EDGE_CURVE('',#1746,#1745,#936,.F.);
#2201=EDGE_CURVE('',#1747,#1746,#937,.F.);
#2202=EDGE_CURVE('',#1748,#1747,#166,.F.);
#2203=EDGE_CURVE('',#1749,#1748,#938,.F.);
#2204=EDGE_CURVE('',#1740,#1749,#167,.F.);
#2205=EDGE_CURVE('',#1750,#1751,#104,.T.);
#2206=EDGE_CURVE('',#1751,#1743,#939,.T.);
#2207=EDGE_CURVE('',#1750,#1742,#940,.T.);
#2208=EDGE_CURVE('',#1751,#1752,#105,.T.);
#2209=EDGE_CURVE('',#1752,#1744,#941,.F.);
#2210=EDGE_CURVE('',#1753,#1737,#942,.F.);
#2211=EDGE_CURVE('',#1738,#1754,#943,.T.);
#2212=EDGE_CURVE('',#1754,#1753,#944,.F.);
#2213=EDGE_CURVE('',#1755,#1732,#945,.T.);
#2214=EDGE_CURVE('',#1756,#1755,#946,.T.);
#2215=EDGE_CURVE('',#1756,#1754,#947,.T.);
#2216=EDGE_CURVE('',#1731,#1757,#948,.T.);
#2217=EDGE_CURVE('',#1755,#1757,#949,.F.);
#2218=EDGE_CURVE('',#1753,#1758,#950,.T.);
#2219=EDGE_CURVE('',#1757,#1758,#951,.T.);
#2220=EDGE_CURVE('',#1759,#1760,#952,.T.);
#2221=EDGE_CURVE('',#1759,#1741,#953,.F.);
#2222=EDGE_CURVE('',#1760,#1739,#954,.T.);
#2223=EDGE_CURVE('',#1760,#1761,#955,.T.);
#2224=EDGE_CURVE('',#1761,#1740,#956,.T.);
#2225=EDGE_CURVE('',#1761,#1762,#168,.T.);
#2226=EDGE_CURVE('',#1762,#1749,#957,.T.);
#2227=EDGE_CURVE('',#1762,#1763,#958,.T.);
#2228=EDGE_CURVE('',#1763,#1748,#959,.T.);
#2229=EDGE_CURVE('',#1763,#1764,#169,.T.);
#2230=EDGE_CURVE('',#1764,#1747,#960,.T.);
#2231=EDGE_CURVE('',#1764,#1765,#961,.T.);
#2232=EDGE_CURVE('',#1765,#1746,#962,.F.);
#2233=EDGE_CURVE('',#1765,#1766,#963,.T.);
#2234=EDGE_CURVE('',#1766,#1745,#964,.F.);
#2235=EDGE_CURVE('',#1767,#1759,#965,.T.);
#2236=EDGE_CURVE('',#1767,#1768,#966,.T.);
#2237=EDGE_CURVE('',#1750,#1768,#967,.T.);
#2238=EDGE_CURVE('',#1769,#1769,#54,.T.);
#2239=EDGE_CURVE('',#1769,#1770,#55,.T.);
#2240=EDGE_CURVE('',#1770,#1770,#56,.T.);
#2241=EDGE_CURVE('',#1766,#1771,#968,.T.);
#2242=EDGE_CURVE('',#1772,#1752,#969,.T.);
#2243=EDGE_CURVE('',#1772,#1771,#970,.F.);
#2244=EDGE_CURVE('',#1768,#1773,#170,.F.);
#2245=EDGE_CURVE('',#1774,#1773,#971,.T.);
#2246=EDGE_CURVE('',#1772,#1774,#171,.T.);
#2247=EDGE_CURVE('',#1774,#1775,#172,.T.);
#2248=EDGE_CURVE('',#1773,#1776,#173,.F.);
#2249=EDGE_CURVE('',#1775,#1776,#972,.T.);
#2250=EDGE_CURVE('',#1776,#1777,#973,.F.);
#2251=EDGE_CURVE('',#1758,#1777,#974,.T.);
#2252=EDGE_CURVE('',#1778,#1756,#975,.T.);
#2253=EDGE_CURVE('',#1775,#1778,#976,.T.);
#2254=EDGE_CURVE('',#1778,#1779,#977,.T.);
#2255=EDGE_CURVE('',#1777,#1780,#978,.F.);
#2256=EDGE_CURVE('',#1779,#1780,#979,.F.);
#2257=EDGE_CURVE('',#1779,#1781,#980,.T.);
#2258=EDGE_CURVE('',#1780,#1782,#981,.F.);
#2259=EDGE_CURVE('',#1781,#1782,#982,.F.);
#2260=EDGE_CURVE('',#1781,#1783,#983,.T.);
#2261=EDGE_CURVE('',#1782,#1784,#984,.F.);
#2262=EDGE_CURVE('',#1783,#1784,#985,.F.);
#2263=EDGE_CURVE('',#1783,#1785,#986,.T.);
#2264=EDGE_CURVE('',#1784,#1786,#987,.F.);
#2265=EDGE_CURVE('',#1785,#1786,#988,.F.);
#2266=EDGE_CURVE('',#1785,#1787,#989,.T.);
#2267=EDGE_CURVE('',#1786,#1788,#990,.F.);
#2268=EDGE_CURVE('',#1787,#1788,#991,.T.);
#2269=EDGE_CURVE('',#1789,#1790,#174,.T.);
#2270=EDGE_CURVE('',#1789,#1791,#992,.F.);
#2271=EDGE_CURVE('',#1791,#1792,#175,.F.);
#2272=EDGE_CURVE('',#1790,#1792,#993,.T.);
#2273=EDGE_CURVE('',#1790,#1793,#994,.T.);
#2274=EDGE_CURVE('',#1792,#1794,#995,.F.);
#2275=EDGE_CURVE('',#1793,#1794,#996,.F.);
#2276=EDGE_CURVE('',#1795,#1796,#997,.F.);
#2277=EDGE_CURVE('',#1793,#1795,#176,.T.);
#2278=EDGE_CURVE('',#1794,#1796,#177,.F.);
#2279=EDGE_CURVE('',#1796,#1767,#998,.F.);
#2280=EDGE_CURVE('',#1771,#1795,#999,.T.);
#2281=EDGE_CURVE('',#1797,#1797,#57,.T.);
#2282=EDGE_CURVE('',#1797,#1798,#58,.T.);
#2283=EDGE_CURVE('',#1798,#1798,#59,.T.);
#2284=EDGE_CURVE('',#1787,#1721,#178,.T.);
#2285=EDGE_CURVE('',#1788,#1631,#179,.F.);
#2286=EDGE_CURVE('',#1631,#1799,#180,.F.);
#2287=EDGE_CURVE('',#1800,#1799,#1000,.T.);
#2288=EDGE_CURVE('',#1721,#1800,#181,.T.);
#2289=EDGE_CURVE('',#1687,#1791,#182,.F.);
#2290=EDGE_CURVE('',#1799,#1697,#183,.F.);
#2291=EDGE_CURVE('',#1685,#1789,#184,.T.);
#2292=EDGE_CURVE('',#1800,#1696,#185,.T.);
#2293=EDGE_CURVE('',#1801,#1711,#1001,.T.);
#2294=EDGE_CURVE('',#1801,#1723,#186,.T.);
#2295=EDGE_CURVE('',#1725,#1802,#187,.T.);
#2296=EDGE_CURVE('',#1802,#1715,#1002,.T.);
#2297=EDGE_CURVE('',#1803,#1683,#188,.T.);
#2298=EDGE_CURVE('',#1802,#1803,#189,.T.);
#2299=EDGE_CURVE('',#1640,#1804,#1003,.T.);
#2300=EDGE_CURVE('',#1804,#1724,#1004,.T.);
#2301=EDGE_CURVE('',#1805,#1801,#1005,.T.);
#2302=EDGE_CURVE('',#1806,#1805,#1006,.T.);
#2303=EDGE_CURVE('',#1807,#1806,#1007,.T.);
#2304=EDGE_CURVE('',#1808,#1807,#1008,.T.);
#2305=EDGE_CURVE('',#1809,#1808,#1009,.T.);
#2306=EDGE_CURVE('',#1810,#1809,#1010,.T.);
#2307=EDGE_CURVE('',#1811,#1810,#190,.T.);
#2308=EDGE_CURVE('',#1812,#1811,#191,.T.);
#2309=EDGE_CURVE('',#1812,#1813,#1011,.T.);
#2310=EDGE_CURVE('',#1813,#1814,#1012,.T.);
#2311=EDGE_CURVE('',#1815,#1814,#192,.T.);
#2312=EDGE_CURVE('',#1816,#1815,#1013,.T.);
#2313=EDGE_CURVE('',#1718,#1816,#193,.T.);
#2314=EDGE_CURVE('',#1817,#1817,#60,.T.);
#2315=EDGE_CURVE('',#1804,#1818,#1014,.T.);
#2316=EDGE_CURVE('',#1818,#1639,#1015,.T.);
#2317=EDGE_CURVE('',#1818,#1636,#1016,.T.);
#2318=EDGE_CURVE('',#1819,#1819,#194,.T.);
#2319=EDGE_CURVE('',#1819,#1820,#1017,.T.);
#2320=EDGE_CURVE('',#1820,#1820,#61,.T.);
#2321=EDGE_CURVE('',#1821,#1821,#62,.T.);
#2322=EDGE_CURVE('',#1821,#1817,#1018,.T.);
#2323=EDGE_CURVE('',#1822,#1822,#63,.T.);
#2324=EDGE_CURVE('',#1822,#1717,#1019,.T.);
#2325=EDGE_CURVE('',#1703,#1823,#106,.T.);
#2326=EDGE_CURVE('',#1703,#1824,#1020,.T.);
#2327=EDGE_CURVE('',#1825,#1824,#1021,.T.);
#2328=EDGE_CURVE('',#1823,#1825,#1022,.T.);
#2329=EDGE_CURVE('',#1814,#1701,#1023,.T.);
#2330=EDGE_CURVE('',#1826,#1813,#1024,.T.);
#2331=EDGE_CURVE('',#1827,#1826,#1025,.T.);
#2332=EDGE_CURVE('',#1828,#1827,#1026,.T.);
#2333=EDGE_CURVE('',#1829,#1828,#195,.T.);
#2334=EDGE_CURVE('',#1830,#1829,#1027,.T.);
#2335=EDGE_CURVE('',#1831,#1830,#196,.T.);
#2336=EDGE_CURVE('',#1832,#1831,#1028,.T.);
#2337=EDGE_CURVE('',#1833,#1832,#1029,.T.);
#2338=EDGE_CURVE('',#1702,#1833,#1030,.T.);
#2339=EDGE_CURVE('',#1832,#1834,#1031,.T.);
#2340=EDGE_CURVE('',#1835,#1834,#1032,.T.);
#2341=EDGE_CURVE('',#1833,#1835,#1033,.T.);
#2342=EDGE_CURVE('',#1824,#1835,#1034,.T.);
#2343=EDGE_CURVE('',#1823,#1812,#107,.T.);
#2344=EDGE_CURVE('',#1836,#1825,#1035,.T.);
#2345=EDGE_CURVE('',#1812,#1836,#1036,.T.);
#2346=EDGE_CURVE('',#1837,#1836,#1037,.T.);
#2347=EDGE_CURVE('',#1826,#1837,#1038,.T.);
#2348=EDGE_CURVE('',#1838,#1837,#1039,.T.);
#2349=EDGE_CURVE('',#1827,#1838,#1040,.T.);
#2350=EDGE_CURVE('',#1839,#1838,#1041,.T.);
#2351=EDGE_CURVE('',#1828,#1839,#1042,.T.);
#2352=EDGE_CURVE('',#1840,#1839,#197,.T.);
#2353=EDGE_CURVE('',#1829,#1840,#1043,.T.);
#2354=EDGE_CURVE('',#1841,#1840,#1044,.T.);
#2355=EDGE_CURVE('',#1830,#1841,#1045,.T.);
#2356=EDGE_CURVE('',#1842,#1841,#198,.T.);
#2357=EDGE_CURVE('',#1831,#1842,#1046,.T.);
#2358=EDGE_CURVE('',#1834,#1842,#1047,.T.);
#2359=EDGE_CURVE('',#1815,#1700,#1048,.T.);
#2360=EDGE_CURVE('',#1811,#1704,#1049,.T.);
#2361=EDGE_CURVE('',#1843,#1844,#1050,.T.);
#2362=EDGE_CURVE('',#1843,#1845,#1051,.T.);
#2363=EDGE_CURVE('',#1846,#1845,#1052,.T.);
#2364=EDGE_CURVE('',#1846,#1844,#1053,.T.);
#2365=EDGE_CURVE('',#1847,#1844,#1054,.T.);
#2366=EDGE_CURVE('',#1847,#1848,#1055,.T.);
#2367=EDGE_CURVE('',#1848,#1849,#199,.T.);
#2368=EDGE_CURVE('',#1849,#1850,#1056,.T.);
#2369=EDGE_CURVE('',#1851,#1850,#200,.T.);
#2370=EDGE_CURVE('',#1851,#1843,#1057,.T.);
#2371=EDGE_CURVE('',#1851,#1852,#1058,.T.);
#2372=EDGE_CURVE('',#1852,#1845,#1059,.T.);
#2373=EDGE_CURVE('',#1850,#1853,#1060,.T.);
#2374=EDGE_CURVE('',#1853,#1852,#201,.T.);
#2375=EDGE_CURVE('',#1854,#1849,#1061,.T.);
#2376=EDGE_CURVE('',#1853,#1854,#1062,.T.);
#2377=EDGE_CURVE('',#1855,#1848,#1063,.T.);
#2378=EDGE_CURVE('',#1854,#1855,#202,.T.);
#2379=EDGE_CURVE('',#1856,#1847,#1064,.T.);
#2380=EDGE_CURVE('',#1855,#1856,#1065,.T.);
#2381=EDGE_CURVE('',#1846,#1856,#1066,.T.);
#2382=EDGE_CURVE('',#1810,#1705,#1067,.T.);
#2383=EDGE_CURVE('',#1809,#1846,#1068,.T.);
#2384=EDGE_CURVE('',#1844,#1706,#1069,.T.);
#2385=EDGE_CURVE('',#1803,#1716,#1070,.T.);
#2386=EDGE_CURVE('',#1805,#1710,#1071,.T.);
#2387=EDGE_CURVE('',#1806,#1709,#1072,.T.);
#2388=EDGE_CURVE('',#1807,#1708,#1073,.T.);
#2389=EDGE_CURVE('',#1808,#1707,#1074,.T.);
#2390=EDGE_CURVE('',#1816,#1699,#1075,.T.);
#2391=EDGE_CURVE('',#1857,#1858,#1076,.T.);
#2392=EDGE_CURVE('',#1859,#1857,#1077,.T.);
#2393=EDGE_CURVE('',#1860,#1859,#203,.T.);
#2394=EDGE_CURVE('',#1860,#1861,#1078,.T.);
#2395=EDGE_CURVE('',#1862,#1861,#204,.T.);
#2396=EDGE_CURVE('',#1858,#1862,#1079,.T.);
#2397=EDGE_CURVE('',#1861,#1862,#205,.T.);
#2398=EDGE_CURVE('',#1859,#1860,#206,.T.);
#2399=EDGE_CURVE('',#1863,#1864,#1080,.T.);
#2400=EDGE_CURVE('',#1865,#1863,#1081,.T.);
#2401=EDGE_CURVE('',#1866,#1865,#1082,.T.);
#2402=EDGE_CURVE('',#1864,#1866,#1083,.T.);
#2403=EDGE_CURVE('',#1867,#1867,#207,.T.);
#2404=EDGE_CURVE('',#1868,#1869,#1084,.T.);
#2405=EDGE_CURVE('',#1869,#1870,#1085,.T.);
#2406=EDGE_CURVE('',#1870,#1871,#1086,.T.);
#2407=EDGE_CURVE('',#1871,#1868,#1087,.T.);
#2408=EDGE_CURVE('',#1872,#1873,#1088,.T.);
#2409=EDGE_CURVE('',#1873,#1874,#1089,.T.);
#2410=EDGE_CURVE('',#1874,#1875,#1090,.T.);
#2411=EDGE_CURVE('',#1875,#1872,#1091,.T.);
#2412=EDGE_CURVE('',#1876,#1877,#208,.T.);
#2413=EDGE_CURVE('',#1877,#1867,#1092,.T.);
#2414=EDGE_CURVE('',#1877,#1878,#209,.T.);
#2415=EDGE_CURVE('',#1878,#1876,#210,.T.);
#2416=EDGE_CURVE('',#1879,#1863,#211,.T.);
#2417=EDGE_CURVE('',#1879,#1868,#1093,.T.);
#2418=EDGE_CURVE('',#1880,#1871,#1094,.T.);
#2419=EDGE_CURVE('',#1865,#1880,#212,.T.);
#2420=EDGE_CURVE('',#1880,#1881,#1095,.T.);
#2421=EDGE_CURVE('',#1881,#1870,#1096,.T.);
#2422=EDGE_CURVE('',#1881,#1866,#213,.T.);
#2423=EDGE_CURVE('',#1864,#1882,#214,.T.);
#2424=EDGE_CURVE('',#1882,#1869,#1097,.T.);
#2425=EDGE_CURVE('',#1882,#1879,#1098,.T.);
#2426=EDGE_CURVE('',#1883,#1884,#215,.T.);
#2427=EDGE_CURVE('',#1885,#1884,#1099,.F.);
#2428=EDGE_CURVE('',#1885,#1886,#216,.T.);
#2429=EDGE_CURVE('',#1886,#1874,#1100,.T.);
#2430=EDGE_CURVE('',#1883,#1873,#1101,.F.);
#2431=EDGE_CURVE('',#1886,#1887,#1102,.T.);
#2432=EDGE_CURVE('',#1887,#1875,#1103,.T.);
#2433=EDGE_CURVE('',#1888,#1885,#1104,.T.);
#2434=EDGE_CURVE('',#1887,#1888,#217,.F.);
#2435=EDGE_CURVE('',#1889,#1890,#218,.T.);
#2436=EDGE_CURVE('',#1890,#1872,#1105,.T.);
#2437=EDGE_CURVE('',#1889,#1888,#1106,.F.);
#2438=EDGE_CURVE('',#1890,#1883,#1107,.T.);
#2439=EDGE_CURVE('',#1884,#1889,#1108,.T.);
#2440=EDGE_CURVE('',#1878,#1891,#1109,.T.);
#2441=EDGE_CURVE('',#1892,#1876,#1110,.T.);
#2442=EDGE_CURVE('',#1893,#1894,#1111,.T.);
#2443=EDGE_CURVE('',#1895,#1893,#1112,.T.);
#2444=EDGE_CURVE('',#1896,#1895,#219,.T.);
#2445=EDGE_CURVE('',#1896,#1897,#1113,.T.);
#2446=EDGE_CURVE('',#1898,#1897,#220,.T.);
#2447=EDGE_CURVE('',#1894,#1898,#1114,.T.);
#2448=EDGE_CURVE('',#1895,#1896,#221,.T.);
#2449=EDGE_CURVE('',#1897,#1898,#222,.T.);
#2450=EDGE_CURVE('',#1899,#1900,#64,.T.);
#2451=EDGE_CURVE('',#1900,#1899,#65,.T.);
#2452=EDGE_CURVE('',#1901,#1899,#66,.T.);
#2453=EDGE_CURVE('',#1901,#1902,#67,.F.);
#2454=EDGE_CURVE('',#1902,#1903,#68,.F.);
#2455=EDGE_CURVE('',#1903,#1900,#69,.F.);
#2456=EDGE_CURVE('',#1903,#1904,#70,.F.);
#2457=EDGE_CURVE('',#1904,#1901,#71,.F.);
#2458=EDGE_CURVE('',#1905,#1906,#1115,.T.);
#2459=EDGE_CURVE('',#1906,#1907,#1116,.T.);
#2460=EDGE_CURVE('',#1907,#1908,#1117,.T.);
#2461=EDGE_CURVE('',#1908,#1905,#1118,.T.);
#2462=EDGE_CURVE('',#1909,#1902,#1119,.T.);
#2463=EDGE_CURVE('',#1904,#1910,#1120,.T.);
#2464=EDGE_CURVE('',#1911,#1911,#223,.T.);
#2465=EDGE_CURVE('',#1912,#1912,#224,.T.);
#2466=EDGE_CURVE('',#1912,#1911,#72,.T.);
#2467=EDGE_CURVE('',#1913,#1914,#1121,.T.);
#2468=EDGE_CURVE('',#1914,#1915,#1122,.T.);
#2469=EDGE_CURVE('',#1915,#1916,#1123,.T.);
#2470=EDGE_CURVE('',#1916,#1913,#1124,.T.);
#2471=EDGE_CURVE('',#1917,#1918,#1125,.T.);
#2472=EDGE_CURVE('',#1918,#1919,#1126,.T.);
#2473=EDGE_CURVE('',#1919,#1920,#1127,.T.);
#2474=EDGE_CURVE('',#1920,#1917,#1128,.T.);
#2475=EDGE_CURVE('',#1921,#1922,#1129,.T.);
#2476=EDGE_CURVE('',#1921,#1914,#1130,.T.);
#2477=EDGE_CURVE('',#1922,#1913,#1131,.T.);
#2478=EDGE_CURVE('',#1923,#1921,#225,.T.);
#2479=EDGE_CURVE('',#1923,#1924,#1132,.T.);
#2480=EDGE_CURVE('',#1925,#1924,#226,.T.);
#2481=EDGE_CURVE('',#1925,#1915,#1133,.T.);
#2482=EDGE_CURVE('',#1926,#1925,#1134,.T.);
#2483=EDGE_CURVE('',#1926,#1916,#1135,.T.);
#2484=EDGE_CURVE('',#1927,#1926,#227,.T.);
#2485=EDGE_CURVE('',#1924,#1927,#1136,.T.);
#2486=EDGE_CURVE('',#1922,#1928,#228,.T.);
#2487=EDGE_CURVE('',#1927,#1928,#1137,.T.);
#2488=EDGE_CURVE('',#1928,#1923,#1138,.T.);
#2489=EDGE_CURVE('',#1929,#1930,#1139,.T.);
#2490=EDGE_CURVE('',#1930,#1917,#1140,.T.);
#2491=EDGE_CURVE('',#1929,#1920,#1141,.F.);
#2492=EDGE_CURVE('',#1906,#1929,#229,.T.);
#2493=EDGE_CURVE('',#1931,#1919,#1142,.F.);
#2494=EDGE_CURVE('',#1931,#1907,#230,.T.);
#2495=EDGE_CURVE('',#1932,#1931,#1143,.T.);
#2496=EDGE_CURVE('',#1932,#1918,#1144,.F.);
#2497=EDGE_CURVE('',#1908,#1932,#231,.F.);
#2498=EDGE_CURVE('',#1930,#1905,#232,.T.);
#2499=EDGE_CURVE('',#1933,#1934,#73,.T.);
#2500=EDGE_CURVE('',#1934,#1933,#74,.T.);
#2501=EDGE_CURVE('',#1934,#1935,#75,.F.);
#2502=EDGE_CURVE('',#1935,#1936,#76,.F.);
#2503=EDGE_CURVE('',#1933,#1936,#77,.T.);
#2504=EDGE_CURVE('',#1936,#1935,#78,.T.);
#2505=EDGE_CURVE('',#1937,#1938,#79,.T.);
#2506=EDGE_CURVE('',#1939,#1937,#80,.F.);
#2507=EDGE_CURVE('',#1940,#1939,#81,.F.);
#2508=EDGE_CURVE('',#1941,#1940,#82,.F.);
#2509=EDGE_CURVE('',#1941,#1938,#83,.T.);
#2510=EDGE_CURVE('',#1938,#1937,#84,.T.);
#2511=EDGE_CURVE('',#1942,#1941,#85,.F.);
#2512=EDGE_CURVE('',#1939,#1942,#86,.F.);
#2513=EDGE_CURVE('',#1943,#1944,#1145,.T.);
#2514=EDGE_CURVE('',#1945,#1943,#1146,.T.);
#2515=EDGE_CURVE('',#1946,#1945,#1147,.T.);
#2516=EDGE_CURVE('',#1944,#1946,#1148,.T.);
#2517=EDGE_CURVE('',#1947,#1940,#1149,.T.);
#2518=EDGE_CURVE('',#1942,#1948,#1150,.T.);
#2519=EDGE_CURVE('',#1949,#1950,#1151,.T.);
#2520=EDGE_CURVE('',#1951,#1949,#1152,.T.);
#2521=EDGE_CURVE('',#1952,#1951,#1153,.T.);
#2522=EDGE_CURVE('',#1950,#1952,#1154,.T.);
#2523=EDGE_CURVE('',#1953,#1954,#1155,.T.);
#2524=EDGE_CURVE('',#1955,#1953,#1156,.T.);
#2525=EDGE_CURVE('',#1956,#1955,#1157,.T.);
#2526=EDGE_CURVE('',#1954,#1956,#1158,.T.);
#2527=EDGE_CURVE('',#1957,#1958,#1159,.T.);
#2528=EDGE_CURVE('',#1958,#1949,#1160,.T.);
#2529=EDGE_CURVE('',#1957,#1950,#1161,.T.);
#2530=EDGE_CURVE('',#1959,#1957,#233,.T.);
#2531=EDGE_CURVE('',#1960,#1952,#1162,.T.);
#2532=EDGE_CURVE('',#1960,#1961,#234,.T.);
#2533=EDGE_CURVE('',#1959,#1961,#1163,.T.);
#2534=EDGE_CURVE('',#1962,#1960,#1164,.T.);
#2535=EDGE_CURVE('',#1962,#1951,#1165,.T.);
#2536=EDGE_CURVE('',#1963,#1962,#235,.T.);
#2537=EDGE_CURVE('',#1961,#1963,#1166,.T.);
#2538=EDGE_CURVE('',#1958,#1964,#236,.T.);
#2539=EDGE_CURVE('',#1963,#1964,#1167,.T.);
#2540=EDGE_CURVE('',#1964,#1959,#1168,.T.);
#2541=EDGE_CURVE('',#1965,#1965,#237,.T.);
#2542=EDGE_CURVE('',#1966,#1967,#1169,.T.);
#2543=EDGE_CURVE('',#1966,#1955,#1170,.F.);
#2544=EDGE_CURVE('',#1967,#1953,#1171,.T.);
#2545=EDGE_CURVE('',#1944,#1966,#238,.T.);
#2546=EDGE_CURVE('',#1968,#1946,#239,.T.);
#2547=EDGE_CURVE('',#1968,#1956,#1172,.F.);
#2548=EDGE_CURVE('',#1969,#1968,#1173,.T.);
#2549=EDGE_CURVE('',#1969,#1954,#1174,.F.);
#2550=EDGE_CURVE('',#1945,#1969,#240,.F.);
#2551=EDGE_CURVE('',#1967,#1943,#241,.T.);
#2552=EDGE_CURVE('',#1965,#1970,#87,.T.);
#2553=EDGE_CURVE('',#1970,#1970,#242,.T.);
#2554=EDGE_CURVE('',#1971,#1972,#88,.F.);
#2555=EDGE_CURVE('',#1972,#1971,#89,.T.);
#2556=EDGE_CURVE('',#1973,#1974,#90,.T.);
#2557=EDGE_CURVE('',#1974,#1973,#91,.F.);
#2558=EDGE_CURVE('',#1971,#1973,#92,.T.);
#2559=EDGE_CURVE('',#1972,#1974,#93,.F.);
#2560=EDGE_CURVE('',#1975,#1976,#1175,.T.);
#2561=EDGE_CURVE('',#1975,#1977,#1176,.T.);
#2562=EDGE_CURVE('',#1977,#1978,#243,.T.);
#2563=EDGE_CURVE('',#1979,#1978,#1177,.T.);
#2564=EDGE_CURVE('',#1979,#1980,#244,.T.);
#2565=EDGE_CURVE('',#1980,#1976,#1178,.T.);
#2566=EDGE_CURVE('',#1980,#1979,#245,.T.);
#2567=EDGE_CURVE('',#1978,#1977,#246,.T.);
#2568=ORIENTED_EDGE('',*,*,#1981,.F.);
#2569=ORIENTED_EDGE('',*,*,#1982,.F.);
#2570=ORIENTED_EDGE('',*,*,#1983,.F.);
#2571=ORIENTED_EDGE('',*,*,#1984,.T.);
#2572=ORIENTED_EDGE('',*,*,#1985,.F.);
#2573=ORIENTED_EDGE('',*,*,#1984,.F.);
#2574=ORIENTED_EDGE('',*,*,#1986,.F.);
#2575=ORIENTED_EDGE('',*,*,#1987,.T.);
#2576=ORIENTED_EDGE('',*,*,#1988,.F.);
#2577=ORIENTED_EDGE('',*,*,#1987,.F.);
#2578=ORIENTED_EDGE('',*,*,#1989,.F.);
#2579=ORIENTED_EDGE('',*,*,#1990,.T.);
#2580=ORIENTED_EDGE('',*,*,#1991,.F.);
#2581=ORIENTED_EDGE('',*,*,#1990,.F.);
#2582=ORIENTED_EDGE('',*,*,#1992,.F.);
#2583=ORIENTED_EDGE('',*,*,#1993,.T.);
#2584=ORIENTED_EDGE('',*,*,#1994,.F.);
#2585=ORIENTED_EDGE('',*,*,#1993,.F.);
#2586=ORIENTED_EDGE('',*,*,#1995,.F.);
#2587=ORIENTED_EDGE('',*,*,#1982,.T.);
#2588=ORIENTED_EDGE('',*,*,#1996,.F.);
#2589=ORIENTED_EDGE('',*,*,#1997,.T.);
#2590=ORIENTED_EDGE('',*,*,#1998,.T.);
#2591=ORIENTED_EDGE('',*,*,#1999,.F.);
#2592=ORIENTED_EDGE('',*,*,#2000,.F.);
#2593=ORIENTED_EDGE('',*,*,#2001,.T.);
#2594=ORIENTED_EDGE('',*,*,#2002,.T.);
#2595=ORIENTED_EDGE('',*,*,#1997,.F.);
#2596=ORIENTED_EDGE('',*,*,#2003,.F.);
#2597=ORIENTED_EDGE('',*,*,#2004,.T.);
#2598=ORIENTED_EDGE('',*,*,#2005,.T.);
#2599=ORIENTED_EDGE('',*,*,#2001,.F.);
#2600=ORIENTED_EDGE('',*,*,#2006,.F.);
#2601=ORIENTED_EDGE('',*,*,#1999,.T.);
#2602=ORIENTED_EDGE('',*,*,#2007,.T.);
#2603=ORIENTED_EDGE('',*,*,#2004,.F.);
#2604=ORIENTED_EDGE('',*,*,#2007,.F.);
#2605=ORIENTED_EDGE('',*,*,#1998,.F.);
#2606=ORIENTED_EDGE('',*,*,#2002,.F.);
#2607=ORIENTED_EDGE('',*,*,#2005,.F.);
#2608=ORIENTED_EDGE('',*,*,#2008,.F.);
#2609=ORIENTED_EDGE('',*,*,#2009,.F.);
#2610=ORIENTED_EDGE('',*,*,#2010,.T.);
#2611=ORIENTED_EDGE('',*,*,#2011,.T.);
#2612=ORIENTED_EDGE('',*,*,#2012,.F.);
#2613=ORIENTED_EDGE('',*,*,#2013,.F.);
#2614=ORIENTED_EDGE('',*,*,#2014,.T.);
#2615=ORIENTED_EDGE('',*,*,#2009,.T.);
#2616=ORIENTED_EDGE('',*,*,#2015,.F.);
#2617=ORIENTED_EDGE('',*,*,#2016,.F.);
#2618=ORIENTED_EDGE('',*,*,#2017,.T.);
#2619=ORIENTED_EDGE('',*,*,#2013,.T.);
#2620=ORIENTED_EDGE('',*,*,#1996,.T.);
#2621=ORIENTED_EDGE('',*,*,#2006,.T.);
#2622=ORIENTED_EDGE('',*,*,#2003,.T.);
#2623=ORIENTED_EDGE('',*,*,#2000,.T.);
#2624=ORIENTED_EDGE('',*,*,#2018,.F.);
#2625=ORIENTED_EDGE('',*,*,#2011,.F.);
#2626=ORIENTED_EDGE('',*,*,#2019,.T.);
#2627=ORIENTED_EDGE('',*,*,#2016,.T.);
#2628=ORIENTED_EDGE('',*,*,#2014,.F.);
#2629=ORIENTED_EDGE('',*,*,#2017,.F.);
#2630=ORIENTED_EDGE('',*,*,#2019,.F.);
#2631=ORIENTED_EDGE('',*,*,#2010,.F.);
#2632=ORIENTED_EDGE('',*,*,#2020,.T.);
#2633=ORIENTED_EDGE('',*,*,#2021,.T.);
#2634=ORIENTED_EDGE('',*,*,#2022,.T.);
#2635=ORIENTED_EDGE('',*,*,#2023,.T.);
#2636=ORIENTED_EDGE('',*,*,#2021,.F.);
#2637=ORIENTED_EDGE('',*,*,#2024,.F.);
#2638=ORIENTED_EDGE('',*,*,#2025,.T.);
#2639=ORIENTED_EDGE('',*,*,#2026,.T.);
#2640=ORIENTED_EDGE('',*,*,#2020,.F.);
#2641=ORIENTED_EDGE('',*,*,#2027,.T.);
#2642=ORIENTED_EDGE('',*,*,#2028,.F.);
#2643=ORIENTED_EDGE('',*,*,#2029,.T.);
#2644=ORIENTED_EDGE('',*,*,#2030,.F.);
#2645=ORIENTED_EDGE('',*,*,#2031,.T.);
#2646=ORIENTED_EDGE('',*,*,#2024,.T.);
#2647=ORIENTED_EDGE('',*,*,#2028,.T.);
#2648=ORIENTED_EDGE('',*,*,#2032,.T.);
#2649=ORIENTED_EDGE('',*,*,#2033,.T.);
#2650=ORIENTED_EDGE('',*,*,#2034,.T.);
#2651=ORIENTED_EDGE('',*,*,#2034,.F.);
#2652=ORIENTED_EDGE('',*,*,#2035,.F.);
#2653=ORIENTED_EDGE('',*,*,#2036,.F.);
#2654=ORIENTED_EDGE('',*,*,#2037,.F.);
#2655=ORIENTED_EDGE('',*,*,#2038,.F.);
#2656=ORIENTED_EDGE('',*,*,#2039,.F.);
#2657=ORIENTED_EDGE('',*,*,#2040,.F.);
#2658=ORIENTED_EDGE('',*,*,#2029,.F.);
#2659=ORIENTED_EDGE('',*,*,#2041,.T.);
#2660=ORIENTED_EDGE('',*,*,#2042,.T.);
#2661=ORIENTED_EDGE('',*,*,#2043,.T.);
#2662=ORIENTED_EDGE('',*,*,#2044,.T.);
#2663=ORIENTED_EDGE('',*,*,#2042,.F.);
#2664=ORIENTED_EDGE('',*,*,#2045,.T.);
#2665=ORIENTED_EDGE('',*,*,#2046,.F.);
#2666=ORIENTED_EDGE('',*,*,#2047,.T.);
#2667=ORIENTED_EDGE('',*,*,#2041,.F.);
#2668=ORIENTED_EDGE('',*,*,#2048,.F.);
#2669=ORIENTED_EDGE('',*,*,#2049,.T.);
#2670=ORIENTED_EDGE('',*,*,#2050,.F.);
#2671=ORIENTED_EDGE('',*,*,#2051,.T.);
#2672=ORIENTED_EDGE('',*,*,#2052,.F.);
#2673=ORIENTED_EDGE('',*,*,#2045,.F.);
#2674=ORIENTED_EDGE('',*,*,#2053,.T.);
#2675=ORIENTED_EDGE('',*,*,#2046,.T.);
#2676=ORIENTED_EDGE('',*,*,#2052,.T.);
#2677=ORIENTED_EDGE('',*,*,#2054,.T.);
#2678=ORIENTED_EDGE('',*,*,#2055,.F.);
#2679=ORIENTED_EDGE('',*,*,#2056,.F.);
#2680=ORIENTED_EDGE('',*,*,#2057,.T.);
#2681=ORIENTED_EDGE('',*,*,#2058,.T.);
#2682=ORIENTED_EDGE('',*,*,#2059,.F.);
#2683=ORIENTED_EDGE('',*,*,#2060,.F.);
#2684=ORIENTED_EDGE('',*,*,#2061,.F.);
#2685=ORIENTED_EDGE('',*,*,#2062,.F.);
#2686=ORIENTED_EDGE('',*,*,#2063,.F.);
#2687=ORIENTED_EDGE('',*,*,#2064,.T.);
#2688=ORIENTED_EDGE('',*,*,#2056,.T.);
#2689=ORIENTED_EDGE('',*,*,#2065,.F.);
#2690=ORIENTED_EDGE('',*,*,#2066,.F.);
#2691=ORIENTED_EDGE('',*,*,#2067,.F.);
#2692=ORIENTED_EDGE('',*,*,#2068,.T.);
#2693=ORIENTED_EDGE('',*,*,#2069,.T.);
#2694=ORIENTED_EDGE('',*,*,#2070,.T.);
#2695=ORIENTED_EDGE('',*,*,#2071,.T.);
#2696=ORIENTED_EDGE('',*,*,#2072,.T.);
#2697=ORIENTED_EDGE('',*,*,#2073,.T.);
#2698=ORIENTED_EDGE('',*,*,#2074,.T.);
#2699=ORIENTED_EDGE('',*,*,#2075,.T.);
#2700=ORIENTED_EDGE('',*,*,#2062,.T.);
#2701=ORIENTED_EDGE('',*,*,#2076,.F.);
#2702=ORIENTED_EDGE('',*,*,#2077,.F.);
#2703=ORIENTED_EDGE('',*,*,#2078,.F.);
#2704=ORIENTED_EDGE('',*,*,#2079,.F.);
#2705=ORIENTED_EDGE('',*,*,#2080,.F.);
#2706=ORIENTED_EDGE('',*,*,#2081,.F.);
#2707=ORIENTED_EDGE('',*,*,#2082,.F.);
#2708=ORIENTED_EDGE('',*,*,#2083,.F.);
#2709=ORIENTED_EDGE('',*,*,#2057,.F.);
#2710=ORIENTED_EDGE('',*,*,#2064,.F.);
#2711=ORIENTED_EDGE('',*,*,#2084,.F.);
#2712=ORIENTED_EDGE('',*,*,#2085,.F.);
#2713=ORIENTED_EDGE('',*,*,#2086,.F.);
#2714=ORIENTED_EDGE('',*,*,#2087,.F.);
#2715=ORIENTED_EDGE('',*,*,#2088,.F.);
#2716=ORIENTED_EDGE('',*,*,#2089,.F.);
#2717=ORIENTED_EDGE('',*,*,#2077,.T.);
#2718=ORIENTED_EDGE('',*,*,#2090,.T.);
#2719=ORIENTED_EDGE('',*,*,#2072,.F.);
#2720=ORIENTED_EDGE('',*,*,#2091,.F.);
#2721=ORIENTED_EDGE('',*,*,#2078,.T.);
#2722=ORIENTED_EDGE('',*,*,#2091,.T.);
#2723=ORIENTED_EDGE('',*,*,#2071,.F.);
#2724=ORIENTED_EDGE('',*,*,#2092,.F.);
#2725=ORIENTED_EDGE('',*,*,#2079,.T.);
#2726=ORIENTED_EDGE('',*,*,#2092,.T.);
#2727=ORIENTED_EDGE('',*,*,#2070,.F.);
#2728=ORIENTED_EDGE('',*,*,#2093,.F.);
#2729=ORIENTED_EDGE('',*,*,#2080,.T.);
#2730=ORIENTED_EDGE('',*,*,#2093,.T.);
#2731=ORIENTED_EDGE('',*,*,#2069,.F.);
#2732=ORIENTED_EDGE('',*,*,#2094,.F.);
#2733=ORIENTED_EDGE('',*,*,#2095,.F.);
#2734=ORIENTED_EDGE('',*,*,#2096,.F.);
#2735=ORIENTED_EDGE('',*,*,#2081,.T.);
#2736=ORIENTED_EDGE('',*,*,#2094,.T.);
#2737=ORIENTED_EDGE('',*,*,#2068,.F.);
#2738=ORIENTED_EDGE('',*,*,#2097,.F.);
#2739=ORIENTED_EDGE('',*,*,#2098,.F.);
#2740=ORIENTED_EDGE('',*,*,#2099,.F.);
#2741=ORIENTED_EDGE('',*,*,#2100,.F.);
#2742=ORIENTED_EDGE('',*,*,#2082,.T.);
#2743=ORIENTED_EDGE('',*,*,#2096,.T.);
#2744=ORIENTED_EDGE('',*,*,#2083,.T.);
#2745=ORIENTED_EDGE('',*,*,#2100,.T.);
#2746=ORIENTED_EDGE('',*,*,#2101,.F.);
#2747=ORIENTED_EDGE('',*,*,#2058,.F.);
#2748=ORIENTED_EDGE('',*,*,#2084,.T.);
#2749=ORIENTED_EDGE('',*,*,#2063,.T.);
#2750=ORIENTED_EDGE('',*,*,#2075,.F.);
#2751=ORIENTED_EDGE('',*,*,#2102,.F.);
#2752=ORIENTED_EDGE('',*,*,#2085,.T.);
#2753=ORIENTED_EDGE('',*,*,#2102,.T.);
#2754=ORIENTED_EDGE('',*,*,#2074,.F.);
#2755=ORIENTED_EDGE('',*,*,#2103,.F.);
#2756=ORIENTED_EDGE('',*,*,#2076,.T.);
#2757=ORIENTED_EDGE('',*,*,#2103,.T.);
#2758=ORIENTED_EDGE('',*,*,#2073,.F.);
#2759=ORIENTED_EDGE('',*,*,#2090,.F.);
#2760=ORIENTED_EDGE('',*,*,#2104,.F.);
#2761=ORIENTED_EDGE('',*,*,#2059,.T.);
#2762=ORIENTED_EDGE('',*,*,#2101,.T.);
#2763=ORIENTED_EDGE('',*,*,#2099,.T.);
#2764=ORIENTED_EDGE('',*,*,#2088,.T.);
#2765=ORIENTED_EDGE('',*,*,#2105,.F.);
#2766=ORIENTED_EDGE('',*,*,#2106,.F.);
#2767=ORIENTED_EDGE('',*,*,#2107,.F.);
#2768=ORIENTED_EDGE('',*,*,#2060,.T.);
#2769=ORIENTED_EDGE('',*,*,#2055,.T.);
#2770=ORIENTED_EDGE('',*,*,#2104,.T.);
#2771=ORIENTED_EDGE('',*,*,#2098,.T.);
#2772=ORIENTED_EDGE('',*,*,#2095,.T.);
#2773=ORIENTED_EDGE('',*,*,#2108,.F.);
#2774=ORIENTED_EDGE('',*,*,#2109,.F.);
#2775=ORIENTED_EDGE('',*,*,#2110,.F.);
#2776=ORIENTED_EDGE('',*,*,#2111,.F.);
#2777=ORIENTED_EDGE('',*,*,#2112,.T.);
#2778=ORIENTED_EDGE('',*,*,#2113,.T.);
#2779=ORIENTED_EDGE('',*,*,#2114,.F.);
#2780=ORIENTED_EDGE('',*,*,#2115,.F.);
#2781=ORIENTED_EDGE('',*,*,#2116,.F.);
#2782=ORIENTED_EDGE('',*,*,#2117,.F.);
#2783=ORIENTED_EDGE('',*,*,#2089,.T.);
#2784=ORIENTED_EDGE('',*,*,#2107,.T.);
#2785=ORIENTED_EDGE('',*,*,#2118,.T.);
#2786=ORIENTED_EDGE('',*,*,#2097,.T.);
#2787=ORIENTED_EDGE('',*,*,#2067,.T.);
#2788=ORIENTED_EDGE('',*,*,#2119,.T.);
#2789=ORIENTED_EDGE('',*,*,#2120,.F.);
#2790=ORIENTED_EDGE('',*,*,#2108,.T.);
#2791=ORIENTED_EDGE('',*,*,#2087,.T.);
#2792=ORIENTED_EDGE('',*,*,#2121,.T.);
#2793=ORIENTED_EDGE('',*,*,#2105,.T.);
#2794=ORIENTED_EDGE('',*,*,#2086,.T.);
#2795=ORIENTED_EDGE('',*,*,#2118,.F.);
#2796=ORIENTED_EDGE('',*,*,#2106,.T.);
#2797=ORIENTED_EDGE('',*,*,#2121,.F.);
#2798=ORIENTED_EDGE('',*,*,#2066,.T.);
#2799=ORIENTED_EDGE('',*,*,#2122,.F.);
#2800=ORIENTED_EDGE('',*,*,#2119,.F.);
#2801=ORIENTED_EDGE('',*,*,#2061,.T.);
#2802=ORIENTED_EDGE('',*,*,#2117,.T.);
#2803=ORIENTED_EDGE('',*,*,#2123,.F.);
#2804=ORIENTED_EDGE('',*,*,#2122,.T.);
#2805=ORIENTED_EDGE('',*,*,#2065,.T.);
#2806=ORIENTED_EDGE('',*,*,#2124,.F.);
#2807=ORIENTED_EDGE('',*,*,#2114,.T.);
#2808=ORIENTED_EDGE('',*,*,#2125,.F.);
#2809=ORIENTED_EDGE('',*,*,#2126,.F.);
#2810=ORIENTED_EDGE('',*,*,#2111,.T.);
#2811=ORIENTED_EDGE('',*,*,#2127,.F.);
#2812=ORIENTED_EDGE('',*,*,#2128,.F.);
#2813=ORIENTED_EDGE('',*,*,#2113,.F.);
#2814=ORIENTED_EDGE('',*,*,#2129,.T.);
#2815=ORIENTED_EDGE('',*,*,#2130,.T.);
#2816=ORIENTED_EDGE('',*,*,#2131,.T.);
#2817=ORIENTED_EDGE('',*,*,#2112,.F.);
#2818=ORIENTED_EDGE('',*,*,#2132,.F.);
#2819=ORIENTED_EDGE('',*,*,#2133,.T.);
#2820=ORIENTED_EDGE('',*,*,#2134,.T.);
#2821=ORIENTED_EDGE('',*,*,#2115,.T.);
#2822=ORIENTED_EDGE('',*,*,#2124,.T.);
#2823=ORIENTED_EDGE('',*,*,#2135,.T.);
#2824=ORIENTED_EDGE('',*,*,#2136,.T.);
#2825=ORIENTED_EDGE('',*,*,#2137,.T.);
#2826=ORIENTED_EDGE('',*,*,#2138,.T.);
#2827=ORIENTED_EDGE('',*,*,#2139,.T.);
#2828=ORIENTED_EDGE('',*,*,#2140,.T.);
#2829=ORIENTED_EDGE('',*,*,#2141,.T.);
#2830=ORIENTED_EDGE('',*,*,#2142,.T.);
#2831=ORIENTED_EDGE('',*,*,#2143,.T.);
#2832=ORIENTED_EDGE('',*,*,#2144,.T.);
#2833=ORIENTED_EDGE('',*,*,#2145,.T.);
#2834=ORIENTED_EDGE('',*,*,#2146,.T.);
#2835=ORIENTED_EDGE('',*,*,#2147,.T.);
#2836=ORIENTED_EDGE('',*,*,#2148,.T.);
#2837=ORIENTED_EDGE('',*,*,#2149,.T.);
#2838=ORIENTED_EDGE('',*,*,#2036,.T.);
#2839=ORIENTED_EDGE('',*,*,#2150,.T.);
#2840=ORIENTED_EDGE('',*,*,#2151,.F.);
#2841=ORIENTED_EDGE('',*,*,#2030,.T.);
#2842=ORIENTED_EDGE('',*,*,#2152,.T.);
#2843=ORIENTED_EDGE('',*,*,#2153,.T.);
#2844=ORIENTED_EDGE('',*,*,#2154,.T.);
#2845=ORIENTED_EDGE('',*,*,#2155,.T.);
#2846=ORIENTED_EDGE('',*,*,#2156,.T.);
#2847=ORIENTED_EDGE('',*,*,#2157,.T.);
#2848=ORIENTED_EDGE('',*,*,#2128,.T.);
#2849=ORIENTED_EDGE('',*,*,#2158,.T.);
#2850=ORIENTED_EDGE('',*,*,#2159,.T.);
#2851=ORIENTED_EDGE('',*,*,#2135,.F.);
#2852=ORIENTED_EDGE('',*,*,#2160,.F.);
#2853=ORIENTED_EDGE('',*,*,#2161,.T.);
#2854=ORIENTED_EDGE('',*,*,#2130,.F.);
#2855=ORIENTED_EDGE('',*,*,#2129,.F.);
#2856=ORIENTED_EDGE('',*,*,#2131,.F.);
#2857=ORIENTED_EDGE('',*,*,#2161,.F.);
#2858=ORIENTED_EDGE('',*,*,#2160,.T.);
#2859=ORIENTED_EDGE('',*,*,#2162,.F.);
#2860=ORIENTED_EDGE('',*,*,#2025,.F.);
#2861=ORIENTED_EDGE('',*,*,#2031,.F.);
#2862=ORIENTED_EDGE('',*,*,#2151,.T.);
#2863=ORIENTED_EDGE('',*,*,#2152,.F.);
#2864=ORIENTED_EDGE('',*,*,#2040,.T.);
#2865=ORIENTED_EDGE('',*,*,#2163,.T.);
#2866=ORIENTED_EDGE('',*,*,#2164,.F.);
#2867=ORIENTED_EDGE('',*,*,#2153,.F.);
#2868=ORIENTED_EDGE('',*,*,#2163,.F.);
#2869=ORIENTED_EDGE('',*,*,#2165,.T.);
#2870=ORIENTED_EDGE('',*,*,#2038,.T.);
#2871=ORIENTED_EDGE('',*,*,#2022,.F.);
#2872=ORIENTED_EDGE('',*,*,#2026,.F.);
#2873=ORIENTED_EDGE('',*,*,#2162,.T.);
#2874=ORIENTED_EDGE('',*,*,#2150,.F.);
#2875=ORIENTED_EDGE('',*,*,#2035,.T.);
#2876=ORIENTED_EDGE('',*,*,#2033,.F.);
#2877=ORIENTED_EDGE('',*,*,#2166,.T.);
#2878=ORIENTED_EDGE('',*,*,#2023,.F.);
#2879=ORIENTED_EDGE('',*,*,#2166,.F.);
#2880=ORIENTED_EDGE('',*,*,#2032,.F.);
#2881=ORIENTED_EDGE('',*,*,#2027,.F.);
#2882=ORIENTED_EDGE('',*,*,#2054,.F.);
#2883=ORIENTED_EDGE('',*,*,#2051,.F.);
#2884=ORIENTED_EDGE('',*,*,#2167,.T.);
#2885=ORIENTED_EDGE('',*,*,#2168,.F.);
#2886=ORIENTED_EDGE('',*,*,#2169,.T.);
#2887=ORIENTED_EDGE('',*,*,#2170,.F.);
#2888=ORIENTED_EDGE('',*,*,#2171,.F.);
#2889=ORIENTED_EDGE('',*,*,#2172,.F.);
#2890=ORIENTED_EDGE('',*,*,#2173,.F.);
#2891=ORIENTED_EDGE('',*,*,#2174,.F.);
#2892=ORIENTED_EDGE('',*,*,#2169,.F.);
#2893=ORIENTED_EDGE('',*,*,#2175,.T.);
#2894=ORIENTED_EDGE('',*,*,#2176,.T.);
#2895=ORIENTED_EDGE('',*,*,#2177,.F.);
#2896=ORIENTED_EDGE('',*,*,#2176,.F.);
#2897=ORIENTED_EDGE('',*,*,#2167,.F.);
#2898=ORIENTED_EDGE('',*,*,#2178,.T.);
#2899=ORIENTED_EDGE('',*,*,#2179,.T.);
#2900=ORIENTED_EDGE('',*,*,#2180,.T.);
#2901=ORIENTED_EDGE('',*,*,#2179,.F.);
#2902=ORIENTED_EDGE('',*,*,#2181,.F.);
#2903=ORIENTED_EDGE('',*,*,#2182,.T.);
#2904=ORIENTED_EDGE('',*,*,#2183,.T.);
#2905=ORIENTED_EDGE('',*,*,#2184,.F.);
#2906=ORIENTED_EDGE('',*,*,#2185,.F.);
#2907=ORIENTED_EDGE('',*,*,#2181,.T.);
#2908=ORIENTED_EDGE('',*,*,#2186,.F.);
#2909=ORIENTED_EDGE('',*,*,#2187,.F.);
#2910=ORIENTED_EDGE('',*,*,#2187,.T.);
#2911=ORIENTED_EDGE('',*,*,#2188,.T.);
#2912=ORIENTED_EDGE('',*,*,#2189,.T.);
#2913=ORIENTED_EDGE('',*,*,#2190,.T.);
#2914=ORIENTED_EDGE('',*,*,#2191,.T.);
#2915=ORIENTED_EDGE('',*,*,#2189,.F.);
#2916=ORIENTED_EDGE('',*,*,#2192,.T.);
#2917=ORIENTED_EDGE('',*,*,#2193,.T.);
#2918=ORIENTED_EDGE('',*,*,#2194,.F.);
#2919=ORIENTED_EDGE('',*,*,#2195,.F.);
#2920=ORIENTED_EDGE('',*,*,#2196,.F.);
#2921=ORIENTED_EDGE('',*,*,#2197,.F.);
#2922=ORIENTED_EDGE('',*,*,#2198,.F.);
#2923=ORIENTED_EDGE('',*,*,#2199,.F.);
#2924=ORIENTED_EDGE('',*,*,#2200,.F.);
#2925=ORIENTED_EDGE('',*,*,#2201,.F.);
#2926=ORIENTED_EDGE('',*,*,#2202,.F.);
#2927=ORIENTED_EDGE('',*,*,#2203,.F.);
#2928=ORIENTED_EDGE('',*,*,#2204,.F.);
#2929=ORIENTED_EDGE('',*,*,#2205,.T.);
#2930=ORIENTED_EDGE('',*,*,#2206,.T.);
#2931=ORIENTED_EDGE('',*,*,#2197,.T.);
#2932=ORIENTED_EDGE('',*,*,#2207,.F.);
#2933=ORIENTED_EDGE('',*,*,#2206,.F.);
#2934=ORIENTED_EDGE('',*,*,#2208,.T.);
#2935=ORIENTED_EDGE('',*,*,#2209,.T.);
#2936=ORIENTED_EDGE('',*,*,#2198,.T.);
#2937=ORIENTED_EDGE('',*,*,#2210,.T.);
#2938=ORIENTED_EDGE('',*,*,#2193,.F.);
#2939=ORIENTED_EDGE('',*,*,#2211,.T.);
#2940=ORIENTED_EDGE('',*,*,#2212,.T.);
#2941=ORIENTED_EDGE('',*,*,#2184,.T.);
#2942=ORIENTED_EDGE('',*,*,#2213,.F.);
#2943=ORIENTED_EDGE('',*,*,#2214,.F.);
#2944=ORIENTED_EDGE('',*,*,#2215,.T.);
#2945=ORIENTED_EDGE('',*,*,#2211,.F.);
#2946=ORIENTED_EDGE('',*,*,#2192,.F.);
#2947=ORIENTED_EDGE('',*,*,#2188,.F.);
#2948=ORIENTED_EDGE('',*,*,#2186,.T.);
#2949=ORIENTED_EDGE('',*,*,#2183,.F.);
#2950=ORIENTED_EDGE('',*,*,#2216,.T.);
#2951=ORIENTED_EDGE('',*,*,#2217,.F.);
#2952=ORIENTED_EDGE('',*,*,#2213,.T.);
#2953=ORIENTED_EDGE('',*,*,#2216,.F.);
#2954=ORIENTED_EDGE('',*,*,#2182,.F.);
#2955=ORIENTED_EDGE('',*,*,#2185,.T.);
#2956=ORIENTED_EDGE('',*,*,#2190,.F.);
#2957=ORIENTED_EDGE('',*,*,#2191,.F.);
#2958=ORIENTED_EDGE('',*,*,#2210,.F.);
#2959=ORIENTED_EDGE('',*,*,#2218,.T.);
#2960=ORIENTED_EDGE('',*,*,#2219,.F.);
#2961=ORIENTED_EDGE('',*,*,#2220,.F.);
#2962=ORIENTED_EDGE('',*,*,#2221,.T.);
#2963=ORIENTED_EDGE('',*,*,#2195,.T.);
#2964=ORIENTED_EDGE('',*,*,#2222,.F.);
#2965=ORIENTED_EDGE('',*,*,#2223,.F.);
#2966=ORIENTED_EDGE('',*,*,#2222,.T.);
#2967=ORIENTED_EDGE('',*,*,#2194,.T.);
#2968=ORIENTED_EDGE('',*,*,#2224,.F.);
#2969=ORIENTED_EDGE('',*,*,#2225,.F.);
#2970=ORIENTED_EDGE('',*,*,#2224,.T.);
#2971=ORIENTED_EDGE('',*,*,#2204,.T.);
#2972=ORIENTED_EDGE('',*,*,#2226,.F.);
#2973=ORIENTED_EDGE('',*,*,#2227,.F.);
#2974=ORIENTED_EDGE('',*,*,#2226,.T.);
#2975=ORIENTED_EDGE('',*,*,#2203,.T.);
#2976=ORIENTED_EDGE('',*,*,#2228,.F.);
#2977=ORIENTED_EDGE('',*,*,#2229,.F.);
#2978=ORIENTED_EDGE('',*,*,#2228,.T.);
#2979=ORIENTED_EDGE('',*,*,#2202,.T.);
#2980=ORIENTED_EDGE('',*,*,#2230,.F.);
#2981=ORIENTED_EDGE('',*,*,#2231,.F.);
#2982=ORIENTED_EDGE('',*,*,#2230,.T.);
#2983=ORIENTED_EDGE('',*,*,#2201,.T.);
#2984=ORIENTED_EDGE('',*,*,#2232,.F.);
#2985=ORIENTED_EDGE('',*,*,#2233,.F.);
#2986=ORIENTED_EDGE('',*,*,#2232,.T.);
#2987=ORIENTED_EDGE('',*,*,#2200,.T.);
#2988=ORIENTED_EDGE('',*,*,#2234,.F.);
#2989=ORIENTED_EDGE('',*,*,#2235,.F.);
#2990=ORIENTED_EDGE('',*,*,#2236,.T.);
#2991=ORIENTED_EDGE('',*,*,#2237,.F.);
#2992=ORIENTED_EDGE('',*,*,#2207,.T.);
#2993=ORIENTED_EDGE('',*,*,#2196,.T.);
#2994=ORIENTED_EDGE('',*,*,#2221,.F.);
#2995=ORIENTED_EDGE('',*,*,#2238,.T.);
#2996=ORIENTED_EDGE('',*,*,#2239,.T.);
#2997=ORIENTED_EDGE('',*,*,#2240,.T.);
#2998=ORIENTED_EDGE('',*,*,#2239,.F.);
#2999=ORIENTED_EDGE('',*,*,#2241,.F.);
#3000=ORIENTED_EDGE('',*,*,#2234,.T.);
#3001=ORIENTED_EDGE('',*,*,#2199,.T.);
#3002=ORIENTED_EDGE('',*,*,#2209,.F.);
#3003=ORIENTED_EDGE('',*,*,#2242,.F.);
#3004=ORIENTED_EDGE('',*,*,#2243,.T.);
#3005=ORIENTED_EDGE('',*,*,#2208,.F.);
#3006=ORIENTED_EDGE('',*,*,#2205,.F.);
#3007=ORIENTED_EDGE('',*,*,#2237,.T.);
#3008=ORIENTED_EDGE('',*,*,#2244,.T.);
#3009=ORIENTED_EDGE('',*,*,#2245,.F.);
#3010=ORIENTED_EDGE('',*,*,#2246,.F.);
#3011=ORIENTED_EDGE('',*,*,#2242,.T.);
#3012=ORIENTED_EDGE('',*,*,#2247,.F.);
#3013=ORIENTED_EDGE('',*,*,#2245,.T.);
#3014=ORIENTED_EDGE('',*,*,#2248,.T.);
#3015=ORIENTED_EDGE('',*,*,#2249,.F.);
#3016=ORIENTED_EDGE('',*,*,#2250,.T.);
#3017=ORIENTED_EDGE('',*,*,#2251,.F.);
#3018=ORIENTED_EDGE('',*,*,#2218,.F.);
#3019=ORIENTED_EDGE('',*,*,#2212,.F.);
#3020=ORIENTED_EDGE('',*,*,#2215,.F.);
#3021=ORIENTED_EDGE('',*,*,#2252,.F.);
#3022=ORIENTED_EDGE('',*,*,#2253,.F.);
#3023=ORIENTED_EDGE('',*,*,#2249,.T.);
#3024=ORIENTED_EDGE('',*,*,#2254,.F.);
#3025=ORIENTED_EDGE('',*,*,#2252,.T.);
#3026=ORIENTED_EDGE('',*,*,#2214,.T.);
#3027=ORIENTED_EDGE('',*,*,#2217,.T.);
#3028=ORIENTED_EDGE('',*,*,#2219,.T.);
#3029=ORIENTED_EDGE('',*,*,#2251,.T.);
#3030=ORIENTED_EDGE('',*,*,#2255,.T.);
#3031=ORIENTED_EDGE('',*,*,#2256,.F.);
#3032=ORIENTED_EDGE('',*,*,#2257,.F.);
#3033=ORIENTED_EDGE('',*,*,#2256,.T.);
#3034=ORIENTED_EDGE('',*,*,#2258,.T.);
#3035=ORIENTED_EDGE('',*,*,#2259,.F.);
#3036=ORIENTED_EDGE('',*,*,#2260,.F.);
#3037=ORIENTED_EDGE('',*,*,#2259,.T.);
#3038=ORIENTED_EDGE('',*,*,#2261,.T.);
#3039=ORIENTED_EDGE('',*,*,#2262,.F.);
#3040=ORIENTED_EDGE('',*,*,#2263,.F.);
#3041=ORIENTED_EDGE('',*,*,#2262,.T.);
#3042=ORIENTED_EDGE('',*,*,#2264,.T.);
#3043=ORIENTED_EDGE('',*,*,#2265,.F.);
#3044=ORIENTED_EDGE('',*,*,#2266,.F.);
#3045=ORIENTED_EDGE('',*,*,#2265,.T.);
#3046=ORIENTED_EDGE('',*,*,#2267,.T.);
#3047=ORIENTED_EDGE('',*,*,#2268,.F.);
#3048=ORIENTED_EDGE('',*,*,#2269,.F.);
#3049=ORIENTED_EDGE('',*,*,#2270,.T.);
#3050=ORIENTED_EDGE('',*,*,#2271,.T.);
#3051=ORIENTED_EDGE('',*,*,#2272,.F.);
#3052=ORIENTED_EDGE('',*,*,#2273,.F.);
#3053=ORIENTED_EDGE('',*,*,#2272,.T.);
#3054=ORIENTED_EDGE('',*,*,#2274,.T.);
#3055=ORIENTED_EDGE('',*,*,#2275,.F.);
#3056=ORIENTED_EDGE('',*,*,#2276,.F.);
#3057=ORIENTED_EDGE('',*,*,#2277,.F.);
#3058=ORIENTED_EDGE('',*,*,#2275,.T.);
#3059=ORIENTED_EDGE('',*,*,#2278,.T.);
#3060=ORIENTED_EDGE('',*,*,#2279,.T.);
#3061=ORIENTED_EDGE('',*,*,#2235,.T.);
#3062=ORIENTED_EDGE('',*,*,#2220,.T.);
#3063=ORIENTED_EDGE('',*,*,#2223,.T.);
#3064=ORIENTED_EDGE('',*,*,#2225,.T.);
#3065=ORIENTED_EDGE('',*,*,#2227,.T.);
#3066=ORIENTED_EDGE('',*,*,#2229,.T.);
#3067=ORIENTED_EDGE('',*,*,#2231,.T.);
#3068=ORIENTED_EDGE('',*,*,#2233,.T.);
#3069=ORIENTED_EDGE('',*,*,#2241,.T.);
#3070=ORIENTED_EDGE('',*,*,#2280,.T.);
#3071=ORIENTED_EDGE('',*,*,#2276,.T.);
#3072=ORIENTED_EDGE('',*,*,#2281,.F.);
#3073=ORIENTED_EDGE('',*,*,#2238,.F.);
#3074=ORIENTED_EDGE('',*,*,#2281,.T.);
#3075=ORIENTED_EDGE('',*,*,#2282,.T.);
#3076=ORIENTED_EDGE('',*,*,#2283,.T.);
#3077=ORIENTED_EDGE('',*,*,#2282,.F.);
#3078=ORIENTED_EDGE('',*,*,#2284,.F.);
#3079=ORIENTED_EDGE('',*,*,#2268,.T.);
#3080=ORIENTED_EDGE('',*,*,#2285,.T.);
#3081=ORIENTED_EDGE('',*,*,#2286,.T.);
#3082=ORIENTED_EDGE('',*,*,#2287,.F.);
#3083=ORIENTED_EDGE('',*,*,#2288,.F.);
#3084=ORIENTED_EDGE('',*,*,#2236,.F.);
#3085=ORIENTED_EDGE('',*,*,#2279,.F.);
#3086=ORIENTED_EDGE('',*,*,#2278,.F.);
#3087=ORIENTED_EDGE('',*,*,#2274,.F.);
#3088=ORIENTED_EDGE('',*,*,#2271,.F.);
#3089=ORIENTED_EDGE('',*,*,#2289,.F.);
#3090=ORIENTED_EDGE('',*,*,#2134,.F.);
#3091=ORIENTED_EDGE('',*,*,#2290,.F.);
#3092=ORIENTED_EDGE('',*,*,#2286,.F.);
#3093=ORIENTED_EDGE('',*,*,#2165,.F.);
#3094=ORIENTED_EDGE('',*,*,#2039,.T.);
#3095=ORIENTED_EDGE('',*,*,#2285,.F.);
#3096=ORIENTED_EDGE('',*,*,#2267,.F.);
#3097=ORIENTED_EDGE('',*,*,#2264,.F.);
#3098=ORIENTED_EDGE('',*,*,#2261,.F.);
#3099=ORIENTED_EDGE('',*,*,#2258,.F.);
#3100=ORIENTED_EDGE('',*,*,#2255,.F.);
#3101=ORIENTED_EDGE('',*,*,#2250,.F.);
#3102=ORIENTED_EDGE('',*,*,#2248,.F.);
#3103=ORIENTED_EDGE('',*,*,#2244,.F.);
#3104=ORIENTED_EDGE('',*,*,#2240,.F.);
#3105=ORIENTED_EDGE('',*,*,#2125,.T.);
#3106=ORIENTED_EDGE('',*,*,#2289,.T.);
#3107=ORIENTED_EDGE('',*,*,#2270,.F.);
#3108=ORIENTED_EDGE('',*,*,#2291,.F.);
#3109=ORIENTED_EDGE('',*,*,#2126,.T.);
#3110=ORIENTED_EDGE('',*,*,#2280,.F.);
#3111=ORIENTED_EDGE('',*,*,#2243,.F.);
#3112=ORIENTED_EDGE('',*,*,#2246,.T.);
#3113=ORIENTED_EDGE('',*,*,#2247,.T.);
#3114=ORIENTED_EDGE('',*,*,#2253,.T.);
#3115=ORIENTED_EDGE('',*,*,#2254,.T.);
#3116=ORIENTED_EDGE('',*,*,#2257,.T.);
#3117=ORIENTED_EDGE('',*,*,#2260,.T.);
#3118=ORIENTED_EDGE('',*,*,#2263,.T.);
#3119=ORIENTED_EDGE('',*,*,#2266,.T.);
#3120=ORIENTED_EDGE('',*,*,#2284,.T.);
#3121=ORIENTED_EDGE('',*,*,#2168,.T.);
#3122=ORIENTED_EDGE('',*,*,#2175,.F.);
#3123=ORIENTED_EDGE('',*,*,#2288,.T.);
#3124=ORIENTED_EDGE('',*,*,#2292,.T.);
#3125=ORIENTED_EDGE('',*,*,#2132,.T.);
#3126=ORIENTED_EDGE('',*,*,#2291,.T.);
#3127=ORIENTED_EDGE('',*,*,#2269,.T.);
#3128=ORIENTED_EDGE('',*,*,#2273,.T.);
#3129=ORIENTED_EDGE('',*,*,#2277,.T.);
#3130=ORIENTED_EDGE('',*,*,#1988,.T.);
#3131=ORIENTED_EDGE('',*,*,#1991,.T.);
#3132=ORIENTED_EDGE('',*,*,#1994,.T.);
#3133=ORIENTED_EDGE('',*,*,#1981,.T.);
#3134=ORIENTED_EDGE('',*,*,#1985,.T.);
#3135=ORIENTED_EDGE('',*,*,#2283,.F.);
#3136=ORIENTED_EDGE('',*,*,#2292,.F.);
#3137=ORIENTED_EDGE('',*,*,#2287,.T.);
#3138=ORIENTED_EDGE('',*,*,#2290,.T.);
#3139=ORIENTED_EDGE('',*,*,#2133,.F.);
#3140=ORIENTED_EDGE('',*,*,#2178,.F.);
#3141=ORIENTED_EDGE('',*,*,#2180,.F.);
#3142=ORIENTED_EDGE('',*,*,#2037,.T.);
#3143=ORIENTED_EDGE('',*,*,#2149,.F.);
#3144=ORIENTED_EDGE('',*,*,#2293,.F.);
#3145=ORIENTED_EDGE('',*,*,#2294,.T.);
#3146=ORIENTED_EDGE('',*,*,#2170,.T.);
#3147=ORIENTED_EDGE('',*,*,#2174,.T.);
#3148=ORIENTED_EDGE('',*,*,#2295,.T.);
#3149=ORIENTED_EDGE('',*,*,#2296,.T.);
#3150=ORIENTED_EDGE('',*,*,#2154,.F.);
#3151=ORIENTED_EDGE('',*,*,#2164,.T.);
#3152=ORIENTED_EDGE('',*,*,#2110,.T.);
#3153=ORIENTED_EDGE('',*,*,#2297,.F.);
#3154=ORIENTED_EDGE('',*,*,#2298,.F.);
#3155=ORIENTED_EDGE('',*,*,#2295,.F.);
#3156=ORIENTED_EDGE('',*,*,#2173,.T.);
#3157=ORIENTED_EDGE('',*,*,#2177,.T.);
#3158=ORIENTED_EDGE('',*,*,#2050,.T.);
#3159=ORIENTED_EDGE('',*,*,#2299,.T.);
#3160=ORIENTED_EDGE('',*,*,#2300,.T.);
#3161=ORIENTED_EDGE('',*,*,#2171,.T.);
#3162=ORIENTED_EDGE('',*,*,#2294,.F.);
#3163=ORIENTED_EDGE('',*,*,#2301,.F.);
#3164=ORIENTED_EDGE('',*,*,#2302,.F.);
#3165=ORIENTED_EDGE('',*,*,#2303,.F.);
#3166=ORIENTED_EDGE('',*,*,#2304,.F.);
#3167=ORIENTED_EDGE('',*,*,#2305,.F.);
#3168=ORIENTED_EDGE('',*,*,#2306,.F.);
#3169=ORIENTED_EDGE('',*,*,#2307,.F.);
#3170=ORIENTED_EDGE('',*,*,#2308,.F.);
#3171=ORIENTED_EDGE('',*,*,#2309,.T.);
#3172=ORIENTED_EDGE('',*,*,#2310,.T.);
#3173=ORIENTED_EDGE('',*,*,#2311,.F.);
#3174=ORIENTED_EDGE('',*,*,#2312,.F.);
#3175=ORIENTED_EDGE('',*,*,#2313,.F.);
#3176=ORIENTED_EDGE('',*,*,#2158,.F.);
#3177=ORIENTED_EDGE('',*,*,#2127,.T.);
#3178=ORIENTED_EDGE('',*,*,#1989,.T.);
#3179=ORIENTED_EDGE('',*,*,#1986,.T.);
#3180=ORIENTED_EDGE('',*,*,#1983,.T.);
#3181=ORIENTED_EDGE('',*,*,#1995,.T.);
#3182=ORIENTED_EDGE('',*,*,#1992,.T.);
#3183=ORIENTED_EDGE('',*,*,#2314,.T.);
#3184=ORIENTED_EDGE('',*,*,#2315,.F.);
#3185=ORIENTED_EDGE('',*,*,#2299,.F.);
#3186=ORIENTED_EDGE('',*,*,#2049,.F.);
#3187=ORIENTED_EDGE('',*,*,#2316,.F.);
#3188=ORIENTED_EDGE('',*,*,#2044,.F.);
#3189=ORIENTED_EDGE('',*,*,#2317,.F.);
#3190=ORIENTED_EDGE('',*,*,#2316,.T.);
#3191=ORIENTED_EDGE('',*,*,#2048,.T.);
#3192=ORIENTED_EDGE('',*,*,#2043,.F.);
#3193=ORIENTED_EDGE('',*,*,#2047,.F.);
#3194=ORIENTED_EDGE('',*,*,#2053,.F.);
#3195=ORIENTED_EDGE('',*,*,#2172,.T.);
#3196=ORIENTED_EDGE('',*,*,#2300,.F.);
#3197=ORIENTED_EDGE('',*,*,#2315,.T.);
#3198=ORIENTED_EDGE('',*,*,#2317,.T.);
#3199=ORIENTED_EDGE('',*,*,#2318,.F.);
#3200=ORIENTED_EDGE('',*,*,#2319,.T.);
#3201=ORIENTED_EDGE('',*,*,#2320,.F.);
#3202=ORIENTED_EDGE('',*,*,#2319,.F.);
#3203=ORIENTED_EDGE('',*,*,#2318,.T.);
#3204=ORIENTED_EDGE('',*,*,#2321,.F.);
#3205=ORIENTED_EDGE('',*,*,#2322,.T.);
#3206=ORIENTED_EDGE('',*,*,#2314,.F.);
#3207=ORIENTED_EDGE('',*,*,#2322,.F.);
#3208=ORIENTED_EDGE('',*,*,#2323,.F.);
#3209=ORIENTED_EDGE('',*,*,#2324,.T.);
#3210=ORIENTED_EDGE('',*,*,#2157,.F.);
#3211=ORIENTED_EDGE('',*,*,#2324,.F.);
#3212=ORIENTED_EDGE('',*,*,#2325,.F.);
#3213=ORIENTED_EDGE('',*,*,#2326,.T.);
#3214=ORIENTED_EDGE('',*,*,#2327,.F.);
#3215=ORIENTED_EDGE('',*,*,#2328,.F.);
#3216=ORIENTED_EDGE('',*,*,#2139,.F.);
#3217=ORIENTED_EDGE('',*,*,#2329,.F.);
#3218=ORIENTED_EDGE('',*,*,#2310,.F.);
#3219=ORIENTED_EDGE('',*,*,#2330,.F.);
#3220=ORIENTED_EDGE('',*,*,#2331,.F.);
#3221=ORIENTED_EDGE('',*,*,#2332,.F.);
#3222=ORIENTED_EDGE('',*,*,#2333,.F.);
#3223=ORIENTED_EDGE('',*,*,#2334,.F.);
#3224=ORIENTED_EDGE('',*,*,#2335,.F.);
#3225=ORIENTED_EDGE('',*,*,#2336,.F.);
#3226=ORIENTED_EDGE('',*,*,#2337,.F.);
#3227=ORIENTED_EDGE('',*,*,#2338,.F.);
#3228=ORIENTED_EDGE('',*,*,#2321,.T.);
#3229=ORIENTED_EDGE('',*,*,#2323,.T.);
#3230=ORIENTED_EDGE('',*,*,#2337,.T.);
#3231=ORIENTED_EDGE('',*,*,#2339,.T.);
#3232=ORIENTED_EDGE('',*,*,#2340,.F.);
#3233=ORIENTED_EDGE('',*,*,#2341,.F.);
#3234=ORIENTED_EDGE('',*,*,#2338,.T.);
#3235=ORIENTED_EDGE('',*,*,#2341,.T.);
#3236=ORIENTED_EDGE('',*,*,#2342,.F.);
#3237=ORIENTED_EDGE('',*,*,#2326,.F.);
#3238=ORIENTED_EDGE('',*,*,#2140,.F.);
#3239=ORIENTED_EDGE('',*,*,#2343,.F.);
#3240=ORIENTED_EDGE('',*,*,#2328,.T.);
#3241=ORIENTED_EDGE('',*,*,#2344,.F.);
#3242=ORIENTED_EDGE('',*,*,#2345,.F.);
#3243=ORIENTED_EDGE('',*,*,#2330,.T.);
#3244=ORIENTED_EDGE('',*,*,#2309,.F.);
#3245=ORIENTED_EDGE('',*,*,#2345,.T.);
#3246=ORIENTED_EDGE('',*,*,#2346,.F.);
#3247=ORIENTED_EDGE('',*,*,#2347,.F.);
#3248=ORIENTED_EDGE('',*,*,#2331,.T.);
#3249=ORIENTED_EDGE('',*,*,#2347,.T.);
#3250=ORIENTED_EDGE('',*,*,#2348,.F.);
#3251=ORIENTED_EDGE('',*,*,#2349,.F.);
#3252=ORIENTED_EDGE('',*,*,#2332,.T.);
#3253=ORIENTED_EDGE('',*,*,#2349,.T.);
#3254=ORIENTED_EDGE('',*,*,#2350,.F.);
#3255=ORIENTED_EDGE('',*,*,#2351,.F.);
#3256=ORIENTED_EDGE('',*,*,#2333,.T.);
#3257=ORIENTED_EDGE('',*,*,#2351,.T.);
#3258=ORIENTED_EDGE('',*,*,#2352,.F.);
#3259=ORIENTED_EDGE('',*,*,#2353,.F.);
#3260=ORIENTED_EDGE('',*,*,#2334,.T.);
#3261=ORIENTED_EDGE('',*,*,#2353,.T.);
#3262=ORIENTED_EDGE('',*,*,#2354,.F.);
#3263=ORIENTED_EDGE('',*,*,#2355,.F.);
#3264=ORIENTED_EDGE('',*,*,#2335,.T.);
#3265=ORIENTED_EDGE('',*,*,#2355,.T.);
#3266=ORIENTED_EDGE('',*,*,#2356,.F.);
#3267=ORIENTED_EDGE('',*,*,#2357,.F.);
#3268=ORIENTED_EDGE('',*,*,#2336,.T.);
#3269=ORIENTED_EDGE('',*,*,#2357,.T.);
#3270=ORIENTED_EDGE('',*,*,#2358,.F.);
#3271=ORIENTED_EDGE('',*,*,#2339,.F.);
#3272=ORIENTED_EDGE('',*,*,#2358,.T.);
#3273=ORIENTED_EDGE('',*,*,#2356,.T.);
#3274=ORIENTED_EDGE('',*,*,#2354,.T.);
#3275=ORIENTED_EDGE('',*,*,#2352,.T.);
#3276=ORIENTED_EDGE('',*,*,#2350,.T.);
#3277=ORIENTED_EDGE('',*,*,#2348,.T.);
#3278=ORIENTED_EDGE('',*,*,#2346,.T.);
#3279=ORIENTED_EDGE('',*,*,#2344,.T.);
#3280=ORIENTED_EDGE('',*,*,#2327,.T.);
#3281=ORIENTED_EDGE('',*,*,#2342,.T.);
#3282=ORIENTED_EDGE('',*,*,#2340,.T.);
#3283=ORIENTED_EDGE('',*,*,#2329,.T.);
#3284=ORIENTED_EDGE('',*,*,#2138,.F.);
#3285=ORIENTED_EDGE('',*,*,#2359,.F.);
#3286=ORIENTED_EDGE('',*,*,#2311,.T.);
#3287=ORIENTED_EDGE('',*,*,#2325,.T.);
#3288=ORIENTED_EDGE('',*,*,#2343,.T.);
#3289=ORIENTED_EDGE('',*,*,#2308,.T.);
#3290=ORIENTED_EDGE('',*,*,#2360,.T.);
#3291=ORIENTED_EDGE('',*,*,#2141,.F.);
#3292=ORIENTED_EDGE('',*,*,#2361,.F.);
#3293=ORIENTED_EDGE('',*,*,#2362,.T.);
#3294=ORIENTED_EDGE('',*,*,#2363,.F.);
#3295=ORIENTED_EDGE('',*,*,#2364,.T.);
#3296=ORIENTED_EDGE('',*,*,#2361,.T.);
#3297=ORIENTED_EDGE('',*,*,#2365,.F.);
#3298=ORIENTED_EDGE('',*,*,#2366,.T.);
#3299=ORIENTED_EDGE('',*,*,#2367,.T.);
#3300=ORIENTED_EDGE('',*,*,#2368,.T.);
#3301=ORIENTED_EDGE('',*,*,#2369,.F.);
#3302=ORIENTED_EDGE('',*,*,#2370,.T.);
#3303=ORIENTED_EDGE('',*,*,#2371,.T.);
#3304=ORIENTED_EDGE('',*,*,#2372,.T.);
#3305=ORIENTED_EDGE('',*,*,#2362,.F.);
#3306=ORIENTED_EDGE('',*,*,#2370,.F.);
#3307=ORIENTED_EDGE('',*,*,#2369,.T.);
#3308=ORIENTED_EDGE('',*,*,#2373,.T.);
#3309=ORIENTED_EDGE('',*,*,#2374,.T.);
#3310=ORIENTED_EDGE('',*,*,#2371,.F.);
#3311=ORIENTED_EDGE('',*,*,#2373,.F.);
#3312=ORIENTED_EDGE('',*,*,#2368,.F.);
#3313=ORIENTED_EDGE('',*,*,#2375,.F.);
#3314=ORIENTED_EDGE('',*,*,#2376,.F.);
#3315=ORIENTED_EDGE('',*,*,#2367,.F.);
#3316=ORIENTED_EDGE('',*,*,#2377,.F.);
#3317=ORIENTED_EDGE('',*,*,#2378,.F.);
#3318=ORIENTED_EDGE('',*,*,#2375,.T.);
#3319=ORIENTED_EDGE('',*,*,#2366,.F.);
#3320=ORIENTED_EDGE('',*,*,#2379,.F.);
#3321=ORIENTED_EDGE('',*,*,#2380,.F.);
#3322=ORIENTED_EDGE('',*,*,#2377,.T.);
#3323=ORIENTED_EDGE('',*,*,#2363,.T.);
#3324=ORIENTED_EDGE('',*,*,#2372,.F.);
#3325=ORIENTED_EDGE('',*,*,#2374,.F.);
#3326=ORIENTED_EDGE('',*,*,#2376,.T.);
#3327=ORIENTED_EDGE('',*,*,#2378,.T.);
#3328=ORIENTED_EDGE('',*,*,#2380,.T.);
#3329=ORIENTED_EDGE('',*,*,#2381,.F.);
#3330=ORIENTED_EDGE('',*,*,#2143,.F.);
#3331=ORIENTED_EDGE('',*,*,#2382,.F.);
#3332=ORIENTED_EDGE('',*,*,#2306,.T.);
#3333=ORIENTED_EDGE('',*,*,#2383,.T.);
#3334=ORIENTED_EDGE('',*,*,#2381,.T.);
#3335=ORIENTED_EDGE('',*,*,#2379,.T.);
#3336=ORIENTED_EDGE('',*,*,#2365,.T.);
#3337=ORIENTED_EDGE('',*,*,#2384,.T.);
#3338=ORIENTED_EDGE('',*,*,#2298,.T.);
#3339=ORIENTED_EDGE('',*,*,#2385,.T.);
#3340=ORIENTED_EDGE('',*,*,#2155,.F.);
#3341=ORIENTED_EDGE('',*,*,#2296,.F.);
#3342=ORIENTED_EDGE('',*,*,#2012,.T.);
#3343=ORIENTED_EDGE('',*,*,#2008,.T.);
#3344=ORIENTED_EDGE('',*,*,#2018,.T.);
#3345=ORIENTED_EDGE('',*,*,#2015,.T.);
#3346=ORIENTED_EDGE('',*,*,#2320,.T.);
#3347=ORIENTED_EDGE('',*,*,#2301,.T.);
#3348=ORIENTED_EDGE('',*,*,#2293,.T.);
#3349=ORIENTED_EDGE('',*,*,#2148,.F.);
#3350=ORIENTED_EDGE('',*,*,#2386,.F.);
#3351=ORIENTED_EDGE('',*,*,#2302,.T.);
#3352=ORIENTED_EDGE('',*,*,#2386,.T.);
#3353=ORIENTED_EDGE('',*,*,#2147,.F.);
#3354=ORIENTED_EDGE('',*,*,#2387,.F.);
#3355=ORIENTED_EDGE('',*,*,#2303,.T.);
#3356=ORIENTED_EDGE('',*,*,#2387,.T.);
#3357=ORIENTED_EDGE('',*,*,#2146,.F.);
#3358=ORIENTED_EDGE('',*,*,#2388,.F.);
#3359=ORIENTED_EDGE('',*,*,#2304,.T.);
#3360=ORIENTED_EDGE('',*,*,#2388,.T.);
#3361=ORIENTED_EDGE('',*,*,#2145,.F.);
#3362=ORIENTED_EDGE('',*,*,#2389,.F.);
#3363=ORIENTED_EDGE('',*,*,#2305,.T.);
#3364=ORIENTED_EDGE('',*,*,#2389,.T.);
#3365=ORIENTED_EDGE('',*,*,#2144,.F.);
#3366=ORIENTED_EDGE('',*,*,#2384,.F.);
#3367=ORIENTED_EDGE('',*,*,#2364,.F.);
#3368=ORIENTED_EDGE('',*,*,#2383,.F.);
#3369=ORIENTED_EDGE('',*,*,#2307,.T.);
#3370=ORIENTED_EDGE('',*,*,#2382,.T.);
#3371=ORIENTED_EDGE('',*,*,#2142,.F.);
#3372=ORIENTED_EDGE('',*,*,#2360,.F.);
#3373=ORIENTED_EDGE('',*,*,#2312,.T.);
#3374=ORIENTED_EDGE('',*,*,#2359,.T.);
#3375=ORIENTED_EDGE('',*,*,#2137,.F.);
#3376=ORIENTED_EDGE('',*,*,#2390,.F.);
#3377=ORIENTED_EDGE('',*,*,#2313,.T.);
#3378=ORIENTED_EDGE('',*,*,#2390,.T.);
#3379=ORIENTED_EDGE('',*,*,#2136,.F.);
#3380=ORIENTED_EDGE('',*,*,#2159,.F.);
#3381=ORIENTED_EDGE('',*,*,#2297,.T.);
#3382=ORIENTED_EDGE('',*,*,#2109,.T.);
#3383=ORIENTED_EDGE('',*,*,#2120,.T.);
#3384=ORIENTED_EDGE('',*,*,#2123,.T.);
#3385=ORIENTED_EDGE('',*,*,#2116,.T.);
#3386=ORIENTED_EDGE('',*,*,#2156,.F.);
#3387=ORIENTED_EDGE('',*,*,#2385,.F.);
#3388=ORIENTED_EDGE('',*,*,#2391,.F.);
#3389=ORIENTED_EDGE('',*,*,#2392,.F.);
#3390=ORIENTED_EDGE('',*,*,#2393,.F.);
#3391=ORIENTED_EDGE('',*,*,#2394,.T.);
#3392=ORIENTED_EDGE('',*,*,#2395,.F.);
#3393=ORIENTED_EDGE('',*,*,#2396,.F.);
#3394=ORIENTED_EDGE('',*,*,#2391,.T.);
#3395=ORIENTED_EDGE('',*,*,#2396,.T.);
#3396=ORIENTED_EDGE('',*,*,#2397,.F.);
#3397=ORIENTED_EDGE('',*,*,#2394,.F.);
#3398=ORIENTED_EDGE('',*,*,#2398,.F.);
#3399=ORIENTED_EDGE('',*,*,#2392,.T.);
#3400=ORIENTED_EDGE('',*,*,#2395,.T.);
#3401=ORIENTED_EDGE('',*,*,#2397,.T.);
#3402=ORIENTED_EDGE('',*,*,#2398,.T.);
#3403=ORIENTED_EDGE('',*,*,#2393,.T.);
#3404=ORIENTED_EDGE('',*,*,#2399,.F.);
#3405=ORIENTED_EDGE('',*,*,#2400,.F.);
#3406=ORIENTED_EDGE('',*,*,#2401,.F.);
#3407=ORIENTED_EDGE('',*,*,#2402,.F.);
#3408=ORIENTED_EDGE('',*,*,#2403,.T.);
#3409=ORIENTED_EDGE('',*,*,#2404,.T.);
#3410=ORIENTED_EDGE('',*,*,#2405,.T.);
#3411=ORIENTED_EDGE('',*,*,#2406,.T.);
#3412=ORIENTED_EDGE('',*,*,#2407,.T.);
#3413=ORIENTED_EDGE('',*,*,#2408,.T.);
#3414=ORIENTED_EDGE('',*,*,#2409,.T.);
#3415=ORIENTED_EDGE('',*,*,#2410,.T.);
#3416=ORIENTED_EDGE('',*,*,#2411,.T.);
#3417=ORIENTED_EDGE('',*,*,#2412,.T.);
#3418=ORIENTED_EDGE('',*,*,#2413,.T.);
#3419=ORIENTED_EDGE('',*,*,#2403,.F.);
#3420=ORIENTED_EDGE('',*,*,#2413,.F.);
#3421=ORIENTED_EDGE('',*,*,#2414,.T.);
#3422=ORIENTED_EDGE('',*,*,#2415,.T.);
#3423=ORIENTED_EDGE('',*,*,#2416,.F.);
#3424=ORIENTED_EDGE('',*,*,#2417,.T.);
#3425=ORIENTED_EDGE('',*,*,#2407,.F.);
#3426=ORIENTED_EDGE('',*,*,#2418,.F.);
#3427=ORIENTED_EDGE('',*,*,#2419,.F.);
#3428=ORIENTED_EDGE('',*,*,#2400,.T.);
#3429=ORIENTED_EDGE('',*,*,#2420,.F.);
#3430=ORIENTED_EDGE('',*,*,#2418,.T.);
#3431=ORIENTED_EDGE('',*,*,#2406,.F.);
#3432=ORIENTED_EDGE('',*,*,#2421,.F.);
#3433=ORIENTED_EDGE('',*,*,#2419,.T.);
#3434=ORIENTED_EDGE('',*,*,#2420,.T.);
#3435=ORIENTED_EDGE('',*,*,#2422,.T.);
#3436=ORIENTED_EDGE('',*,*,#2401,.T.);
#3437=ORIENTED_EDGE('',*,*,#2423,.F.);
#3438=ORIENTED_EDGE('',*,*,#2402,.T.);
#3439=ORIENTED_EDGE('',*,*,#2422,.F.);
#3440=ORIENTED_EDGE('',*,*,#2421,.T.);
#3441=ORIENTED_EDGE('',*,*,#2405,.F.);
#3442=ORIENTED_EDGE('',*,*,#2424,.F.);
#3443=ORIENTED_EDGE('',*,*,#2425,.F.);
#3444=ORIENTED_EDGE('',*,*,#2424,.T.);
#3445=ORIENTED_EDGE('',*,*,#2404,.F.);
#3446=ORIENTED_EDGE('',*,*,#2417,.F.);
#3447=ORIENTED_EDGE('',*,*,#2423,.T.);
#3448=ORIENTED_EDGE('',*,*,#2425,.T.);
#3449=ORIENTED_EDGE('',*,*,#2416,.T.);
#3450=ORIENTED_EDGE('',*,*,#2399,.T.);
#3451=ORIENTED_EDGE('',*,*,#2426,.T.);
#3452=ORIENTED_EDGE('',*,*,#2427,.F.);
#3453=ORIENTED_EDGE('',*,*,#2428,.T.);
#3454=ORIENTED_EDGE('',*,*,#2429,.T.);
#3455=ORIENTED_EDGE('',*,*,#2409,.F.);
#3456=ORIENTED_EDGE('',*,*,#2430,.F.);
#3457=ORIENTED_EDGE('',*,*,#2431,.T.);
#3458=ORIENTED_EDGE('',*,*,#2432,.T.);
#3459=ORIENTED_EDGE('',*,*,#2410,.F.);
#3460=ORIENTED_EDGE('',*,*,#2429,.F.);
#3461=ORIENTED_EDGE('',*,*,#2428,.F.);
#3462=ORIENTED_EDGE('',*,*,#2433,.F.);
#3463=ORIENTED_EDGE('',*,*,#2434,.F.);
#3464=ORIENTED_EDGE('',*,*,#2431,.F.);
#3465=ORIENTED_EDGE('',*,*,#2435,.T.);
#3466=ORIENTED_EDGE('',*,*,#2436,.T.);
#3467=ORIENTED_EDGE('',*,*,#2411,.F.);
#3468=ORIENTED_EDGE('',*,*,#2432,.F.);
#3469=ORIENTED_EDGE('',*,*,#2434,.T.);
#3470=ORIENTED_EDGE('',*,*,#2437,.F.);
#3471=ORIENTED_EDGE('',*,*,#2438,.T.);
#3472=ORIENTED_EDGE('',*,*,#2430,.T.);
#3473=ORIENTED_EDGE('',*,*,#2408,.F.);
#3474=ORIENTED_EDGE('',*,*,#2436,.F.);
#3475=ORIENTED_EDGE('',*,*,#2435,.F.);
#3476=ORIENTED_EDGE('',*,*,#2439,.F.);
#3477=ORIENTED_EDGE('',*,*,#2426,.F.);
#3478=ORIENTED_EDGE('',*,*,#2438,.F.);
#3479=ORIENTED_EDGE('',*,*,#2439,.T.);
#3480=ORIENTED_EDGE('',*,*,#2437,.T.);
#3481=ORIENTED_EDGE('',*,*,#2433,.T.);
#3482=ORIENTED_EDGE('',*,*,#2427,.T.);
#3483=ORIENTED_EDGE('',*,*,#2440,.F.);
#3484=ORIENTED_EDGE('',*,*,#2414,.F.);
#3485=ORIENTED_EDGE('',*,*,#2412,.F.);
#3486=ORIENTED_EDGE('',*,*,#2441,.F.);
#3487=ORIENTED_EDGE('',*,*,#2441,.T.);
#3488=ORIENTED_EDGE('',*,*,#2415,.F.);
#3489=ORIENTED_EDGE('',*,*,#2440,.T.);
#3490=ORIENTED_EDGE('',*,*,#2442,.F.);
#3491=ORIENTED_EDGE('',*,*,#2443,.F.);
#3492=ORIENTED_EDGE('',*,*,#2444,.F.);
#3493=ORIENTED_EDGE('',*,*,#2445,.T.);
#3494=ORIENTED_EDGE('',*,*,#2446,.F.);
#3495=ORIENTED_EDGE('',*,*,#2447,.F.);
#3496=ORIENTED_EDGE('',*,*,#2448,.T.);
#3497=ORIENTED_EDGE('',*,*,#2444,.T.);
#3498=ORIENTED_EDGE('',*,*,#2446,.T.);
#3499=ORIENTED_EDGE('',*,*,#2449,.T.);
#3500=ORIENTED_EDGE('',*,*,#2442,.T.);
#3501=ORIENTED_EDGE('',*,*,#2447,.T.);
#3502=ORIENTED_EDGE('',*,*,#2449,.F.);
#3503=ORIENTED_EDGE('',*,*,#2445,.F.);
#3504=ORIENTED_EDGE('',*,*,#2448,.F.);
#3505=ORIENTED_EDGE('',*,*,#2443,.T.);
#3506=ORIENTED_EDGE('',*,*,#2450,.F.);
#3507=ORIENTED_EDGE('',*,*,#2451,.F.);
#3508=ORIENTED_EDGE('',*,*,#2451,.T.);
#3509=ORIENTED_EDGE('',*,*,#2452,.F.);
#3510=ORIENTED_EDGE('',*,*,#2453,.T.);
#3511=ORIENTED_EDGE('',*,*,#2454,.T.);
#3512=ORIENTED_EDGE('',*,*,#2455,.T.);
#3513=ORIENTED_EDGE('',*,*,#2450,.T.);
#3514=ORIENTED_EDGE('',*,*,#2455,.F.);
#3515=ORIENTED_EDGE('',*,*,#2456,.T.);
#3516=ORIENTED_EDGE('',*,*,#2457,.T.);
#3517=ORIENTED_EDGE('',*,*,#2452,.T.);
#3518=ORIENTED_EDGE('',*,*,#2458,.T.);
#3519=ORIENTED_EDGE('',*,*,#2459,.T.);
#3520=ORIENTED_EDGE('',*,*,#2460,.T.);
#3521=ORIENTED_EDGE('',*,*,#2461,.T.);
#3522=ORIENTED_EDGE('',*,*,#2462,.T.);
#3523=ORIENTED_EDGE('',*,*,#2453,.F.);
#3524=ORIENTED_EDGE('',*,*,#2457,.F.);
#3525=ORIENTED_EDGE('',*,*,#2463,.T.);
#3526=ORIENTED_EDGE('',*,*,#2463,.F.);
#3527=ORIENTED_EDGE('',*,*,#2456,.F.);
#3528=ORIENTED_EDGE('',*,*,#2454,.F.);
#3529=ORIENTED_EDGE('',*,*,#2462,.F.);
#3530=ORIENTED_EDGE('',*,*,#2464,.T.);
#3531=ORIENTED_EDGE('',*,*,#2465,.F.);
#3532=ORIENTED_EDGE('',*,*,#2466,.T.);
#3533=ORIENTED_EDGE('',*,*,#2464,.F.);
#3534=ORIENTED_EDGE('',*,*,#2466,.F.);
#3535=ORIENTED_EDGE('',*,*,#2467,.T.);
#3536=ORIENTED_EDGE('',*,*,#2468,.T.);
#3537=ORIENTED_EDGE('',*,*,#2469,.T.);
#3538=ORIENTED_EDGE('',*,*,#2470,.T.);
#3539=ORIENTED_EDGE('',*,*,#2471,.T.);
#3540=ORIENTED_EDGE('',*,*,#2472,.T.);
#3541=ORIENTED_EDGE('',*,*,#2473,.T.);
#3542=ORIENTED_EDGE('',*,*,#2474,.T.);
#3543=ORIENTED_EDGE('',*,*,#2475,.F.);
#3544=ORIENTED_EDGE('',*,*,#2476,.T.);
#3545=ORIENTED_EDGE('',*,*,#2467,.F.);
#3546=ORIENTED_EDGE('',*,*,#2477,.F.);
#3547=ORIENTED_EDGE('',*,*,#2478,.F.);
#3548=ORIENTED_EDGE('',*,*,#2479,.T.);
#3549=ORIENTED_EDGE('',*,*,#2480,.F.);
#3550=ORIENTED_EDGE('',*,*,#2481,.T.);
#3551=ORIENTED_EDGE('',*,*,#2468,.F.);
#3552=ORIENTED_EDGE('',*,*,#2476,.F.);
#3553=ORIENTED_EDGE('',*,*,#2482,.F.);
#3554=ORIENTED_EDGE('',*,*,#2483,.T.);
#3555=ORIENTED_EDGE('',*,*,#2469,.F.);
#3556=ORIENTED_EDGE('',*,*,#2481,.F.);
#3557=ORIENTED_EDGE('',*,*,#2484,.T.);
#3558=ORIENTED_EDGE('',*,*,#2482,.T.);
#3559=ORIENTED_EDGE('',*,*,#2480,.T.);
#3560=ORIENTED_EDGE('',*,*,#2485,.T.);
#3561=ORIENTED_EDGE('',*,*,#2486,.F.);
#3562=ORIENTED_EDGE('',*,*,#2477,.T.);
#3563=ORIENTED_EDGE('',*,*,#2470,.F.);
#3564=ORIENTED_EDGE('',*,*,#2483,.F.);
#3565=ORIENTED_EDGE('',*,*,#2484,.F.);
#3566=ORIENTED_EDGE('',*,*,#2487,.T.);
#3567=ORIENTED_EDGE('',*,*,#2488,.F.);
#3568=ORIENTED_EDGE('',*,*,#2487,.F.);
#3569=ORIENTED_EDGE('',*,*,#2485,.F.);
#3570=ORIENTED_EDGE('',*,*,#2479,.F.);
#3571=ORIENTED_EDGE('',*,*,#2465,.T.);
#3572=ORIENTED_EDGE('',*,*,#2478,.T.);
#3573=ORIENTED_EDGE('',*,*,#2475,.T.);
#3574=ORIENTED_EDGE('',*,*,#2486,.T.);
#3575=ORIENTED_EDGE('',*,*,#2488,.T.);
#3576=ORIENTED_EDGE('',*,*,#2489,.T.);
#3577=ORIENTED_EDGE('',*,*,#2490,.T.);
#3578=ORIENTED_EDGE('',*,*,#2474,.F.);
#3579=ORIENTED_EDGE('',*,*,#2491,.F.);
#3580=ORIENTED_EDGE('',*,*,#2492,.T.);
#3581=ORIENTED_EDGE('',*,*,#2491,.T.);
#3582=ORIENTED_EDGE('',*,*,#2473,.F.);
#3583=ORIENTED_EDGE('',*,*,#2493,.F.);
#3584=ORIENTED_EDGE('',*,*,#2494,.T.);
#3585=ORIENTED_EDGE('',*,*,#2459,.F.);
#3586=ORIENTED_EDGE('',*,*,#2495,.T.);
#3587=ORIENTED_EDGE('',*,*,#2493,.T.);
#3588=ORIENTED_EDGE('',*,*,#2472,.F.);
#3589=ORIENTED_EDGE('',*,*,#2496,.F.);
#3590=ORIENTED_EDGE('',*,*,#2497,.F.);
#3591=ORIENTED_EDGE('',*,*,#2460,.F.);
#3592=ORIENTED_EDGE('',*,*,#2494,.F.);
#3593=ORIENTED_EDGE('',*,*,#2495,.F.);
#3594=ORIENTED_EDGE('',*,*,#2498,.T.);
#3595=ORIENTED_EDGE('',*,*,#2461,.F.);
#3596=ORIENTED_EDGE('',*,*,#2497,.T.);
#3597=ORIENTED_EDGE('',*,*,#2496,.T.);
#3598=ORIENTED_EDGE('',*,*,#2471,.F.);
#3599=ORIENTED_EDGE('',*,*,#2490,.F.);
#3600=ORIENTED_EDGE('',*,*,#2492,.F.);
#3601=ORIENTED_EDGE('',*,*,#2458,.F.);
#3602=ORIENTED_EDGE('',*,*,#2498,.F.);
#3603=ORIENTED_EDGE('',*,*,#2489,.F.);
#3604=ORIENTED_EDGE('',*,*,#2499,.F.);
#3605=ORIENTED_EDGE('',*,*,#2500,.F.);
#3606=ORIENTED_EDGE('',*,*,#2499,.T.);
#3607=ORIENTED_EDGE('',*,*,#2501,.T.);
#3608=ORIENTED_EDGE('',*,*,#2502,.T.);
#3609=ORIENTED_EDGE('',*,*,#2503,.F.);
#3610=ORIENTED_EDGE('',*,*,#2500,.T.);
#3611=ORIENTED_EDGE('',*,*,#2503,.T.);
#3612=ORIENTED_EDGE('',*,*,#2504,.T.);
#3613=ORIENTED_EDGE('',*,*,#2501,.F.);
#3614=ORIENTED_EDGE('',*,*,#2504,.F.);
#3615=ORIENTED_EDGE('',*,*,#2502,.F.);
#3616=ORIENTED_EDGE('',*,*,#2505,.F.);
#3617=ORIENTED_EDGE('',*,*,#2506,.F.);
#3618=ORIENTED_EDGE('',*,*,#2507,.F.);
#3619=ORIENTED_EDGE('',*,*,#2508,.F.);
#3620=ORIENTED_EDGE('',*,*,#2509,.T.);
#3621=ORIENTED_EDGE('',*,*,#2510,.F.);
#3622=ORIENTED_EDGE('',*,*,#2509,.F.);
#3623=ORIENTED_EDGE('',*,*,#2511,.F.);
#3624=ORIENTED_EDGE('',*,*,#2512,.F.);
#3625=ORIENTED_EDGE('',*,*,#2506,.T.);
#3626=ORIENTED_EDGE('',*,*,#2513,.F.);
#3627=ORIENTED_EDGE('',*,*,#2514,.F.);
#3628=ORIENTED_EDGE('',*,*,#2515,.F.);
#3629=ORIENTED_EDGE('',*,*,#2516,.F.);
#3630=ORIENTED_EDGE('',*,*,#2517,.F.);
#3631=ORIENTED_EDGE('',*,*,#2517,.T.);
#3632=ORIENTED_EDGE('',*,*,#2507,.T.);
#3633=ORIENTED_EDGE('',*,*,#2512,.T.);
#3634=ORIENTED_EDGE('',*,*,#2518,.T.);
#3635=ORIENTED_EDGE('',*,*,#2518,.F.);
#3636=ORIENTED_EDGE('',*,*,#2511,.T.);
#3637=ORIENTED_EDGE('',*,*,#2508,.T.);
#3638=ORIENTED_EDGE('',*,*,#2519,.F.);
#3639=ORIENTED_EDGE('',*,*,#2520,.F.);
#3640=ORIENTED_EDGE('',*,*,#2521,.F.);
#3641=ORIENTED_EDGE('',*,*,#2522,.F.);
#3642=ORIENTED_EDGE('',*,*,#2523,.F.);
#3643=ORIENTED_EDGE('',*,*,#2524,.F.);
#3644=ORIENTED_EDGE('',*,*,#2525,.F.);
#3645=ORIENTED_EDGE('',*,*,#2526,.F.);
#3646=ORIENTED_EDGE('',*,*,#2527,.T.);
#3647=ORIENTED_EDGE('',*,*,#2528,.T.);
#3648=ORIENTED_EDGE('',*,*,#2519,.T.);
#3649=ORIENTED_EDGE('',*,*,#2529,.F.);
#3650=ORIENTED_EDGE('',*,*,#2530,.T.);
#3651=ORIENTED_EDGE('',*,*,#2529,.T.);
#3652=ORIENTED_EDGE('',*,*,#2522,.T.);
#3653=ORIENTED_EDGE('',*,*,#2531,.F.);
#3654=ORIENTED_EDGE('',*,*,#2532,.T.);
#3655=ORIENTED_EDGE('',*,*,#2533,.F.);
#3656=ORIENTED_EDGE('',*,*,#2534,.T.);
#3657=ORIENTED_EDGE('',*,*,#2531,.T.);
#3658=ORIENTED_EDGE('',*,*,#2521,.T.);
#3659=ORIENTED_EDGE('',*,*,#2535,.F.);
#3660=ORIENTED_EDGE('',*,*,#2536,.F.);
#3661=ORIENTED_EDGE('',*,*,#2537,.F.);
#3662=ORIENTED_EDGE('',*,*,#2532,.F.);
#3663=ORIENTED_EDGE('',*,*,#2534,.F.);
#3664=ORIENTED_EDGE('',*,*,#2538,.T.);
#3665=ORIENTED_EDGE('',*,*,#2539,.F.);
#3666=ORIENTED_EDGE('',*,*,#2536,.T.);
#3667=ORIENTED_EDGE('',*,*,#2535,.T.);
#3668=ORIENTED_EDGE('',*,*,#2520,.T.);
#3669=ORIENTED_EDGE('',*,*,#2528,.F.);
#3670=ORIENTED_EDGE('',*,*,#2540,.T.);
#3671=ORIENTED_EDGE('',*,*,#2533,.T.);
#3672=ORIENTED_EDGE('',*,*,#2537,.T.);
#3673=ORIENTED_EDGE('',*,*,#2539,.T.);
#3674=ORIENTED_EDGE('',*,*,#2541,.F.);
#3675=ORIENTED_EDGE('',*,*,#2530,.F.);
#3676=ORIENTED_EDGE('',*,*,#2540,.F.);
#3677=ORIENTED_EDGE('',*,*,#2538,.F.);
#3678=ORIENTED_EDGE('',*,*,#2527,.F.);
#3679=ORIENTED_EDGE('',*,*,#2542,.F.);
#3680=ORIENTED_EDGE('',*,*,#2543,.T.);
#3681=ORIENTED_EDGE('',*,*,#2524,.T.);
#3682=ORIENTED_EDGE('',*,*,#2544,.F.);
#3683=ORIENTED_EDGE('',*,*,#2545,.F.);
#3684=ORIENTED_EDGE('',*,*,#2516,.T.);
#3685=ORIENTED_EDGE('',*,*,#2546,.F.);
#3686=ORIENTED_EDGE('',*,*,#2547,.T.);
#3687=ORIENTED_EDGE('',*,*,#2525,.T.);
#3688=ORIENTED_EDGE('',*,*,#2543,.F.);
#3689=ORIENTED_EDGE('',*,*,#2548,.F.);
#3690=ORIENTED_EDGE('',*,*,#2549,.T.);
#3691=ORIENTED_EDGE('',*,*,#2526,.T.);
#3692=ORIENTED_EDGE('',*,*,#2547,.F.);
#3693=ORIENTED_EDGE('',*,*,#2550,.T.);
#3694=ORIENTED_EDGE('',*,*,#2548,.T.);
#3695=ORIENTED_EDGE('',*,*,#2546,.T.);
#3696=ORIENTED_EDGE('',*,*,#2515,.T.);
#3697=ORIENTED_EDGE('',*,*,#2551,.F.);
#3698=ORIENTED_EDGE('',*,*,#2544,.T.);
#3699=ORIENTED_EDGE('',*,*,#2523,.T.);
#3700=ORIENTED_EDGE('',*,*,#2549,.F.);
#3701=ORIENTED_EDGE('',*,*,#2550,.F.);
#3702=ORIENTED_EDGE('',*,*,#2514,.T.);
#3703=ORIENTED_EDGE('',*,*,#2545,.T.);
#3704=ORIENTED_EDGE('',*,*,#2542,.T.);
#3705=ORIENTED_EDGE('',*,*,#2551,.T.);
#3706=ORIENTED_EDGE('',*,*,#2513,.T.);
#3707=ORIENTED_EDGE('',*,*,#2541,.T.);
#3708=ORIENTED_EDGE('',*,*,#2552,.T.);
#3709=ORIENTED_EDGE('',*,*,#2553,.T.);
#3710=ORIENTED_EDGE('',*,*,#2552,.F.);
#3711=ORIENTED_EDGE('',*,*,#2553,.F.);
#3712=ORIENTED_EDGE('',*,*,#2510,.T.);
#3713=ORIENTED_EDGE('',*,*,#2505,.T.);
#3714=ORIENTED_EDGE('',*,*,#2554,.T.);
#3715=ORIENTED_EDGE('',*,*,#2555,.T.);
#3716=ORIENTED_EDGE('',*,*,#2556,.T.);
#3717=ORIENTED_EDGE('',*,*,#2557,.T.);
#3718=ORIENTED_EDGE('',*,*,#2558,.F.);
#3719=ORIENTED_EDGE('',*,*,#2555,.F.);
#3720=ORIENTED_EDGE('',*,*,#2559,.T.);
#3721=ORIENTED_EDGE('',*,*,#2556,.F.);
#3722=ORIENTED_EDGE('',*,*,#2558,.T.);
#3723=ORIENTED_EDGE('',*,*,#2557,.F.);
#3724=ORIENTED_EDGE('',*,*,#2559,.F.);
#3725=ORIENTED_EDGE('',*,*,#2554,.F.);
#3726=ORIENTED_EDGE('',*,*,#2560,.F.);
#3727=ORIENTED_EDGE('',*,*,#2561,.T.);
#3728=ORIENTED_EDGE('',*,*,#2562,.T.);
#3729=ORIENTED_EDGE('',*,*,#2563,.F.);
#3730=ORIENTED_EDGE('',*,*,#2564,.T.);
#3731=ORIENTED_EDGE('',*,*,#2565,.T.);
#3732=ORIENTED_EDGE('',*,*,#2566,.F.);
#3733=ORIENTED_EDGE('',*,*,#2564,.F.);
#3734=ORIENTED_EDGE('',*,*,#2562,.F.);
#3735=ORIENTED_EDGE('',*,*,#2567,.F.);
#3736=ORIENTED_EDGE('',*,*,#2560,.T.);
#3737=ORIENTED_EDGE('',*,*,#2565,.F.);
#3738=ORIENTED_EDGE('',*,*,#2566,.T.);
#3739=ORIENTED_EDGE('',*,*,#2563,.T.);
#3740=ORIENTED_EDGE('',*,*,#2567,.T.);
#3741=ORIENTED_EDGE('',*,*,#2561,.F.);
#3742=PLANE('',#4145);
#3743=PLANE('',#4146);
#3744=PLANE('',#4147);
#3745=PLANE('',#4148);
#3746=PLANE('',#4152);
#3747=PLANE('',#4153);
#3748=PLANE('',#4154);
#3749=PLANE('',#4155);
#3750=PLANE('',#4156);
#3751=PLANE('',#4157);
#3752=PLANE('',#4159);
#3753=PLANE('',#4160);
#3754=PLANE('',#4162);
#3755=PLANE('',#4163);
#3756=PLANE('',#4167);
#3757=PLANE('',#4168);
#3758=PLANE('',#4172);
#3759=PLANE('',#4177);
#3760=PLANE('',#4178);
#3761=PLANE('',#4182);
#3762=PLANE('',#4183);
#3763=PLANE('',#4184);
#3764=PLANE('',#4187);
#3765=PLANE('',#4190);
#3766=PLANE('',#4191);
#3767=PLANE('',#4192);
#3768=PLANE('',#4193);
#3769=PLANE('',#4194);
#3770=PLANE('',#4195);
#3771=PLANE('',#4196);
#3772=PLANE('',#4197);
#3773=PLANE('',#4198);
#3774=PLANE('',#4199);
#3775=PLANE('',#4200);
#3776=PLANE('',#4201);
#3777=PLANE('',#4204);
#3778=PLANE('',#4213);
#3779=PLANE('',#4214);
#3780=PLANE('',#4217);
#3781=PLANE('',#4221);
#3782=PLANE('',#4235);
#3783=PLANE('',#4236);
#3784=PLANE('',#4237);
#3785=PLANE('',#4238);
#3786=PLANE('',#4239);
#3787=PLANE('',#4240);
#3788=PLANE('',#4241);
#3789=PLANE('',#4243);
#3790=PLANE('',#4244);
#3791=PLANE('',#4247);
#3792=PLANE('',#4251);
#3793=PLANE('',#4255);
#3794=PLANE('',#4258);
#3795=PLANE('',#4260);
#3796=PLANE('',#4262);
#3797=PLANE('',#4263);
#3798=PLANE('',#4264);
#3799=PLANE('',#4265);
#3800=PLANE('',#4266);
#3801=PLANE('',#4267);
#3802=PLANE('',#4270);
#3803=PLANE('',#4273);
#3804=PLANE('',#4274);
#3805=PLANE('',#4275);
#3806=PLANE('',#4276);
#3807=PLANE('',#4283);
#3808=PLANE('',#4284);
#3809=PLANE('',#4285);
#3810=PLANE('',#4286);
#3811=PLANE('',#4287);
#3812=PLANE('',#4288);
#3813=PLANE('',#4292);
#3814=PLANE('',#4296);
#3815=PLANE('',#4302);
#3816=PLANE('',#4307);
#3817=PLANE('',#4310);
#3818=PLANE('',#4314);
#3819=PLANE('',#4321);
#3820=PLANE('',#4322);
#3821=PLANE('',#4323);
#3822=PLANE('',#4326);
#3823=PLANE('',#4327);
#3824=PLANE('',#4329);
#3825=PLANE('',#4332);
#3826=PLANE('',#4333);
#3827=PLANE('',#4334);
#3828=PLANE('',#4336);
#3829=PLANE('',#4337);
#3830=PLANE('',#4338);
#3831=PLANE('',#4341);
#3832=PLANE('',#4344);
#3833=PLANE('',#4345);
#3834=PLANE('',#4348);
#3835=PLANE('',#4349);
#3836=PLANE('',#4352);
#3837=PLANE('',#4355);
#3838=PLANE('',#4358);
#3839=PLANE('',#4359);
#3840=PLANE('',#4360);
#3841=PLANE('',#4362);
#3842=PLANE('',#4363);
#3843=PLANE('',#4364);
#3844=PLANE('',#4365);
#3845=PLANE('',#4366);
#3846=PLANE('',#4368);
#3847=PLANE('',#4377);
#3848=PLANE('',#4378);
#3849=PLANE('',#4379);
#3850=PLANE('',#4381);
#3851=PLANE('',#4386);
#3852=PLANE('',#4389);
#3853=PLANE('',#4392);
#3854=PLANE('',#4394);
#3855=PLANE('',#4396);
#3856=PLANE('',#4399);
#3857=PLANE('',#4402);
#3858=PLANE('',#4404);
#3859=PLANE('',#4406);
#3860=PLANE('',#4410);
#3861=PLANE('',#4412);
#3862=PLANE('',#4415);
#3863=PLANE('',#4416);
#3864=PLANE('',#4417);
#3865=PLANE('',#4420);
#3866=PLANE('',#4421);
#3867=PLANE('',#4422);
#3868=PLANE('',#4425);
#3869=PLANE('',#4428);
#3870=PLANE('',#4430);
#3871=PLANE('',#4432);
#3872=PLANE('',#4433);
#3873=PLANE('',#4436);
#3874=PLANE('',#4439);
#3875=PLANE('',#4442);
#3876=PLANE('',#4443);
#3877=PLANE('',#4444);
#3878=PLANE('',#4445);
#3879=PLANE('',#4446);
#3880=PLANE('',#4447);
#3881=PLANE('',#4450);
#3882=PLANE('',#4453);
#3883=PLANE('',#4455);
#3884=PLANE('',#4458);
#3885=PLANE('',#4459);
#3886=PLANE('',#4462);
#3887=PLANE('',#4465);
#3888=PLANE('',#4469);
#3889=PLANE('',#4470);
#3890=PLANE('',#4471);
#3891=PLANE('',#4472);
#3892=PLANE('',#4476);
#3893=PLANE('',#4478);
#3894=ADVANCED_FACE('',(#302),#3742,.F.);
#3895=ADVANCED_FACE('',(#303),#3743,.F.);
#3896=ADVANCED_FACE('',(#304),#3744,.F.);
#3897=ADVANCED_FACE('',(#305),#3745,.F.);
#3898=ADVANCED_FACE('',(#306),#247,.T.);
#3899=ADVANCED_FACE('',(#307),#3746,.F.);
#3900=ADVANCED_FACE('',(#308),#3747,.F.);
#3901=ADVANCED_FACE('',(#309),#3748,.F.);
#3902=ADVANCED_FACE('',(#310),#3749,.F.);
#3903=ADVANCED_FACE('',(#311),#3750,.F.);
#3904=ADVANCED_FACE('',(#312),#3751,.T.);
#3905=ADVANCED_FACE('',(#313),#3752,.T.);
#3906=ADVANCED_FACE('',(#314,#108),#3753,.T.);
#3907=ADVANCED_FACE('',(#315),#3754,.T.);
#3908=ADVANCED_FACE('',(#316),#3755,.F.);
#3909=ADVANCED_FACE('',(#317),#248,.T.);
#3910=ADVANCED_FACE('',(#318),#3756,.F.);
#3911=ADVANCED_FACE('',(#319),#3757,.F.);
#3912=ADVANCED_FACE('',(#320),#249,.T.);
#3913=ADVANCED_FACE('',(#321),#3758,.T.);
#3914=ADVANCED_FACE('',(#322),#250,.T.);
#3915=ADVANCED_FACE('',(#323),#3759,.T.);
#3916=ADVANCED_FACE('',(#324),#3760,.T.);
#3917=ADVANCED_FACE('',(#325),#251,.T.);
#3918=ADVANCED_FACE('',(#326),#3761,.T.);
#3919=ADVANCED_FACE('',(#327),#3762,.T.);
#3920=ADVANCED_FACE('',(#328),#3763,.T.);
#3921=ADVANCED_FACE('',(#329,#109),#3764,.F.);
#3922=ADVANCED_FACE('',(#330),#3765,.T.);
#3923=ADVANCED_FACE('',(#331),#3766,.T.);
#3924=ADVANCED_FACE('',(#332),#3767,.T.);
#3925=ADVANCED_FACE('',(#333),#3768,.T.);
#3926=ADVANCED_FACE('',(#334),#3769,.T.);
#3927=ADVANCED_FACE('',(#335),#3770,.T.);
#3928=ADVANCED_FACE('',(#336),#3771,.T.);
#3929=ADVANCED_FACE('',(#337),#3772,.T.);
#3930=ADVANCED_FACE('',(#338),#3773,.T.);
#3931=ADVANCED_FACE('',(#339),#3774,.T.);
#3932=ADVANCED_FACE('',(#340),#3775,.T.);
#3933=ADVANCED_FACE('',(#341),#3776,.F.);
#3934=ADVANCED_FACE('',(#342),#3777,.F.);
#3935=ADVANCED_FACE('',(#343),#252,.T.);
#3936=ADVANCED_FACE('',(#344),#253,.T.);
#3937=ADVANCED_FACE('',(#345),#254,.T.);
#3938=ADVANCED_FACE('',(#346),#3778,.F.);
#3939=ADVANCED_FACE('',(#347),#3779,.F.);
#3940=ADVANCED_FACE('',(#348),#255,.T.);
#3941=ADVANCED_FACE('',(#349),#3780,.F.);
#3942=ADVANCED_FACE('',(#350),#256,.F.);
#3943=ADVANCED_FACE('',(#351,#110),#3781,.T.);
#3944=ADVANCED_FACE('',(#352),#257,.T.);
#3945=ADVANCED_FACE('',(#353),#258,.T.);
#3946=ADVANCED_FACE('',(#354),#3782,.T.);
#3947=ADVANCED_FACE('',(#355),#3783,.T.);
#3948=ADVANCED_FACE('',(#356),#3784,.T.);
#3949=ADVANCED_FACE('',(#357),#3785,.T.);
#3950=ADVANCED_FACE('',(#358),#3786,.F.);
#3951=ADVANCED_FACE('',(#359),#3787,.F.);
#3952=ADVANCED_FACE('',(#360),#3788,.F.);
#3953=ADVANCED_FACE('',(#361),#3789,.F.);
#3954=ADVANCED_FACE('',(#362),#3790,.F.);
#3955=ADVANCED_FACE('',(#363),#259,.F.);
#3956=ADVANCED_FACE('',(#364),#3791,.F.);
#3957=ADVANCED_FACE('',(#365),#260,.F.);
#3958=ADVANCED_FACE('',(#366),#3792,.T.);
#3959=ADVANCED_FACE('',(#367),#261,.T.);
#3960=ADVANCED_FACE('',(#368),#3793,.F.);
#3961=ADVANCED_FACE('',(#369),#3794,.F.);
#3962=ADVANCED_FACE('',(#370),#3795,.F.);
#3963=ADVANCED_FACE('',(#371),#3796,.T.);
#3964=ADVANCED_FACE('',(#372),#3797,.F.);
#3965=ADVANCED_FACE('',(#373),#3798,.T.);
#3966=ADVANCED_FACE('',(#374),#3799,.F.);
#3967=ADVANCED_FACE('',(#375),#3800,.F.);
#3968=ADVANCED_FACE('',(#376),#3801,.F.);
#3969=ADVANCED_FACE('',(#377),#262,.F.);
#3970=ADVANCED_FACE('',(#378),#3802,.F.);
#3971=ADVANCED_FACE('',(#379),#263,.F.);
#3972=ADVANCED_FACE('',(#380),#3803,.F.);
#3973=ADVANCED_FACE('',(#381),#3804,.F.);
#3974=ADVANCED_FACE('',(#382),#3805,.F.);
#3975=ADVANCED_FACE('',(#383),#35,.T.);
#3976=ADVANCED_FACE('',(#384),#3806,.F.);
#3977=ADVANCED_FACE('',(#385),#264,.F.);
#3978=ADVANCED_FACE('',(#386),#265,.T.);
#3979=ADVANCED_FACE('',(#387),#3807,.F.);
#3980=ADVANCED_FACE('',(#388),#3808,.F.);
#3981=ADVANCED_FACE('',(#389),#3809,.F.);
#3982=ADVANCED_FACE('',(#390),#3810,.F.);
#3983=ADVANCED_FACE('',(#391),#3811,.F.);
#3984=ADVANCED_FACE('',(#392),#3812,.F.);
#3985=ADVANCED_FACE('',(#393),#266,.F.);
#3986=ADVANCED_FACE('',(#394),#3813,.F.);
#3987=ADVANCED_FACE('',(#395),#267,.F.);
#3988=ADVANCED_FACE('',(#396,#111,#112),#3814,.T.);
#3989=ADVANCED_FACE('',(#397),#36,.F.);
#3990=ADVANCED_FACE('',(#398),#268,.F.);
#3991=ADVANCED_FACE('',(#399,#113),#3815,.F.);
#3992=ADVANCED_FACE('',(#400),#269,.F.);
#3993=ADVANCED_FACE('',(#401,#114,#115),#3816,.T.);
#3994=ADVANCED_FACE('',(#402,#116),#270,.F.);
#3995=ADVANCED_FACE('',(#403),#3817,.T.);
#3996=ADVANCED_FACE('',(#404),#271,.T.);
#3997=ADVANCED_FACE('',(#405,#117,#118),#3818,.F.);
#3998=ADVANCED_FACE('',(#406),#3819,.F.);
#3999=ADVANCED_FACE('',(#407),#3820,.T.);
#4000=ADVANCED_FACE('',(#408),#3821,.T.);
#4001=ADVANCED_FACE('',(#409),#272,.T.);
#4002=ADVANCED_FACE('',(#410),#3822,.F.);
#4003=ADVANCED_FACE('',(#411),#37,.T.);
#4004=ADVANCED_FACE('',(#412),#38,.F.);
#4005=ADVANCED_FACE('',(#413),#3823,.T.);
#4006=ADVANCED_FACE('',(#414,#119,#120),#3824,.F.);
#4007=ADVANCED_FACE('',(#415),#3825,.T.);
#4008=ADVANCED_FACE('',(#416),#3826,.T.);
#4009=ADVANCED_FACE('',(#417),#3827,.T.);
#4010=ADVANCED_FACE('',(#418),#3828,.T.);
#4011=ADVANCED_FACE('',(#419),#3829,.T.);
#4012=ADVANCED_FACE('',(#420),#3830,.T.);
#4013=ADVANCED_FACE('',(#421),#273,.T.);
#4014=ADVANCED_FACE('',(#422),#3831,.T.);
#4015=ADVANCED_FACE('',(#423),#274,.T.);
#4016=ADVANCED_FACE('',(#424),#3832,.T.);
#4017=ADVANCED_FACE('',(#425),#3833,.T.);
#4018=ADVANCED_FACE('',(#426),#275,.T.);
#4019=ADVANCED_FACE('',(#427),#276,.T.);
#4020=ADVANCED_FACE('',(#428),#3834,.F.);
#4021=ADVANCED_FACE('',(#429),#3835,.T.);
#4022=ADVANCED_FACE('',(#430),#3836,.T.);
#4023=ADVANCED_FACE('',(#431),#277,.T.);
#4024=ADVANCED_FACE('',(#432),#3837,.F.);
#4025=ADVANCED_FACE('',(#433),#278,.F.);
#4026=ADVANCED_FACE('',(#434),#3838,.F.);
#4027=ADVANCED_FACE('',(#435),#3839,.T.);
#4028=ADVANCED_FACE('',(#436),#3840,.T.);
#4029=ADVANCED_FACE('',(#437,#121,#122),#279,.T.);
#4030=ADVANCED_FACE('',(#438),#3841,.T.);
#4031=ADVANCED_FACE('',(#439),#3842,.T.);
#4032=ADVANCED_FACE('',(#440),#3843,.T.);
#4033=ADVANCED_FACE('',(#441),#3844,.T.);
#4034=ADVANCED_FACE('',(#442),#3845,.T.);
#4035=ADVANCED_FACE('',(#443),#280,.F.);
#4036=ADVANCED_FACE('',(#444),#3846,.T.);
#4037=ADVANCED_FACE('',(#445),#281,.T.);
#4038=ADVANCED_FACE('',(#446),#282,.T.);
#4039=ADVANCED_FACE('',(#447),#283,.T.);
#4040=ADVANCED_FACE('',(#448),#284,.T.);
#4041=ADVANCED_FACE('',(#449),#3847,.T.);
#4042=ADVANCED_FACE('',(#450),#3848,.T.);
#4043=ADVANCED_FACE('',(#451,#123),#3849,.F.);
#4044=ADVANCED_FACE('',(#452,#124),#3850,.T.);
#4045=ADVANCED_FACE('',(#453),#285,.F.);
#4046=ADVANCED_FACE('',(#454),#3851,.T.);
#4047=ADVANCED_FACE('',(#455),#3852,.T.);
#4048=ADVANCED_FACE('',(#456),#286,.T.);
#4049=ADVANCED_FACE('',(#457),#3853,.T.);
#4050=ADVANCED_FACE('',(#458),#3854,.T.);
#4051=ADVANCED_FACE('',(#459),#287,.T.);
#4052=ADVANCED_FACE('',(#460),#3855,.F.);
#4053=ADVANCED_FACE('',(#461),#3856,.F.);
#4054=ADVANCED_FACE('',(#462),#288,.F.);
#4055=ADVANCED_FACE('',(#463),#3857,.F.);
#4056=ADVANCED_FACE('',(#464),#3858,.F.);
#4057=ADVANCED_FACE('',(#465),#289,.F.);
#4058=ADVANCED_FACE('',(#466,#125),#3859,.T.);
#4059=ADVANCED_FACE('',(#467),#290,.T.);
#4060=ADVANCED_FACE('',(#468),#3860,.T.);
#4061=ADVANCED_FACE('',(#469),#3861,.T.);
#4062=ADVANCED_FACE('',(#470),#291,.T.);
#4063=ADVANCED_FACE('',(#471),#3862,.F.);
#4064=ADVANCED_FACE('',(#472),#39,.T.);
#4065=ADVANCED_FACE('',(#473),#40,.T.);
#4066=ADVANCED_FACE('',(#474,#126),#3863,.T.);
#4067=ADVANCED_FACE('',(#475),#3864,.T.);
#4068=ADVANCED_FACE('',(#476),#19,.F.);
#4069=ADVANCED_FACE('',(#477,#127),#3865,.T.);
#4070=ADVANCED_FACE('',(#478),#3866,.T.);
#4071=ADVANCED_FACE('',(#479),#3867,.T.);
#4072=ADVANCED_FACE('',(#480),#3868,.T.);
#4073=ADVANCED_FACE('',(#481),#292,.T.);
#4074=ADVANCED_FACE('',(#482),#3869,.T.);
#4075=ADVANCED_FACE('',(#483,#128),#3870,.F.);
#4076=ADVANCED_FACE('',(#484),#293,.T.);
#4077=ADVANCED_FACE('',(#485),#3871,.F.);
#4078=ADVANCED_FACE('',(#486),#3872,.F.);
#4079=ADVANCED_FACE('',(#487),#3873,.F.);
#4080=ADVANCED_FACE('',(#488),#294,.F.);
#4081=ADVANCED_FACE('',(#489),#3874,.F.);
#4082=ADVANCED_FACE('',(#490),#295,.F.);
#4083=ADVANCED_FACE('',(#491),#3875,.T.);
#4084=ADVANCED_FACE('',(#492),#41,.T.);
#4085=ADVANCED_FACE('',(#493),#42,.T.);
#4086=ADVANCED_FACE('',(#494),#3876,.F.);
#4087=ADVANCED_FACE('',(#495),#43,.F.);
#4088=ADVANCED_FACE('',(#496),#44,.F.);
#4089=ADVANCED_FACE('',(#497,#129),#3877,.F.);
#4090=ADVANCED_FACE('',(#498,#130),#3878,.F.);
#4091=ADVANCED_FACE('',(#499),#3879,.F.);
#4092=ADVANCED_FACE('',(#500),#3880,.F.);
#4093=ADVANCED_FACE('',(#501),#3881,.F.);
#4094=ADVANCED_FACE('',(#502),#296,.T.);
#4095=ADVANCED_FACE('',(#503),#3882,.F.);
#4096=ADVANCED_FACE('',(#504,#131),#3883,.T.);
#4097=ADVANCED_FACE('',(#505),#297,.T.);
#4098=ADVANCED_FACE('',(#506),#3884,.T.);
#4099=ADVANCED_FACE('',(#507),#3885,.T.);
#4100=ADVANCED_FACE('',(#508),#3886,.T.);
#4101=ADVANCED_FACE('',(#509),#298,.F.);
#4102=ADVANCED_FACE('',(#510),#3887,.T.);
#4103=ADVANCED_FACE('',(#511),#299,.F.);
#4104=ADVANCED_FACE('',(#512),#20,.T.);
#4105=ADVANCED_FACE('',(#513),#3888,.F.);
#4106=ADVANCED_FACE('',(#514),#3889,.T.);
#4107=ADVANCED_FACE('',(#515),#3890,.F.);
#4108=ADVANCED_FACE('',(#516),#3891,.T.);
#4109=ADVANCED_FACE('',(#517),#45,.F.);
#4110=ADVANCED_FACE('',(#518),#46,.F.);
#4111=ADVANCED_FACE('',(#519),#300,.T.);
#4112=ADVANCED_FACE('',(#520),#3892,.F.);
#4113=ADVANCED_FACE('',(#521),#3893,.F.);
#4114=ADVANCED_FACE('',(#522),#301,.T.);
#4115=CLOSED_SHELL('',(#3894,#3895,#3896,#3897,#3898,#3899,#3900,#3901,
#3902,#3903,#3904,#3905,#3906,#3907,#3908,#3909,#3910,#3911,#3912,#3913,
#3914,#3915,#3916,#3917,#3918,#3919,#3920,#3921,#3922,#3923,#3924,#3925,
#3926,#3927,#3928,#3929,#3930,#3931,#3932,#3933,#3934,#3935,#3936,#3937,
#3938,#3939,#3940,#3941,#3942,#3943,#3944,#3945,#3946,#3947,#3948,#3949,
#3950,#3951,#3952,#3953,#3954,#3955,#3956,#3957,#3958,#3959,#3960,#3961,
#3962,#3963,#3964,#3965,#3966,#3967,#3968,#3969,#3970,#3971,#3972,#3973,
#3974,#3975,#3976,#3977,#3978,#3979,#3980,#3981,#3982,#3983,#3984,#3985,
#3986,#3987,#3988,#3989,#3990,#3991,#3992,#3993,#3994,#3995,#3996,#3997,
#3998,#3999,#4000,#4001,#4002,#4003,#4004,#4005,#4006,#4007,#4008,#4009,
#4010,#4011,#4012,#4013,#4014,#4015,#4016,#4017,#4018,#4019,#4020,#4021,
#4022,#4023,#4024,#4025,#4026,#4027,#4028,#4029,#4030,#4031,#4032,#4033,
#4034,#4035,#4036,#4037,#4038));
#4116=CLOSED_SHELL('',(#4039,#4040,#4041,#4042));
#4117=CLOSED_SHELL('',(#4043,#4044,#4045,#4046,#4047,#4048,#4049,#4050,
#4051,#4052,#4053,#4054,#4055,#4056,#4057,#4058));
#4118=CLOSED_SHELL('',(#4059,#4060,#4061,#4062));
#4119=CLOSED_SHELL('',(#4063,#4064,#4065,#4066,#4067,#4068,#4069,#4070,
#4071,#4072,#4073,#4074,#4075,#4076,#4077,#4078,#4079,#4080,#4081,#4082));
#4120=CLOSED_SHELL('',(#4083,#4084,#4085,#4086));
#4121=CLOSED_SHELL('',(#4087,#4088,#4089,#4090,#4091,#4092,#4093,#4094,
#4095,#4096,#4097,#4098,#4099,#4100,#4101,#4102,#4103,#4104,#4105,#4106));
#4122=CLOSED_SHELL('',(#4107,#4108,#4109,#4110));
#4123=CLOSED_SHELL('',(#4111,#4112,#4113,#4114));
#4124=DERIVED_UNIT_ELEMENT(#4126,1.);
#4125=DERIVED_UNIT_ELEMENT(#8429,-3.);
#4126=(
CONVERSION_BASED_UNIT('gram',#4128)
MASS_UNIT()
NAMED_UNIT(#8426)
);
#4127=(
MASS_UNIT()
NAMED_UNIT(*)
SI_UNIT(.KILO.,.GRAM.)
);
#4128=MASS_MEASURE_WITH_UNIT(MASS_MEASURE(0.001),#4127);
#4129=DERIVED_UNIT((#4124,#4125));
#4130=MEASURE_REPRESENTATION_ITEM('density measure',
POSITIVE_RATIO_MEASURE(1.),#4129);
#4131=PROPERTY_DEFINITION_REPRESENTATION(#4136,#4133);
#4132=PROPERTY_DEFINITION_REPRESENTATION(#4137,#4134);
#4133=REPRESENTATION('material name',(#4135),#8423);
#4134=REPRESENTATION('density',(#4130),#8423);
#4135=DESCRIPTIVE_REPRESENTATION_ITEM('Generic','Generic');
#4136=PROPERTY_DEFINITION('material property','material name',#8437);
#4137=PROPERTY_DEFINITION('material property','density of part',#8437);
#4138=DATE_TIME_ROLE('creation_date');
#4139=APPLIED_DATE_AND_TIME_ASSIGNMENT(#4140,#4138,(#8437));
#4140=DATE_AND_TIME(#4141,#4142);
#4141=CALENDAR_DATE(2026,24,6);
#4142=LOCAL_TIME(0,0,0.,#4143);
#4143=COORDINATED_UNIVERSAL_TIME_OFFSET(0,0,.BEHIND.);
#4144=AXIS2_PLACEMENT_3D('',#5566,#4481,#4482);
#4145=AXIS2_PLACEMENT_3D('',#5567,#4483,#4484);
#4146=AXIS2_PLACEMENT_3D('',#5576,#4489,#4490);
#4147=AXIS2_PLACEMENT_3D('',#5582,#4494,#4495);
#4148=AXIS2_PLACEMENT_3D('',#5588,#4499,#4500);
#4149=AXIS2_PLACEMENT_3D('',#5594,#4504,#4505);
#4150=AXIS2_PLACEMENT_3D('',#5595,#4506,#4507);
#4151=AXIS2_PLACEMENT_3D('',#5596,#4508,#4509);
#4152=AXIS2_PLACEMENT_3D('',#5597,#4510,#4511);
#4153=AXIS2_PLACEMENT_3D('',#5606,#4516,#4517);
#4154=AXIS2_PLACEMENT_3D('',#5612,#4521,#4522);
#4155=AXIS2_PLACEMENT_3D('',#5618,#4526,#4527);
#4156=AXIS2_PLACEMENT_3D('',#5621,#4530,#4531);
#4157=AXIS2_PLACEMENT_3D('',#5622,#4532,#4533);
#4158=AXIS2_PLACEMENT_3D('',#5625,#4534,#4535);
#4159=AXIS2_PLACEMENT_3D('',#5631,#4539,#4540);
#4160=AXIS2_PLACEMENT_3D('',#5637,#4544,#4545);
#4161=AXIS2_PLACEMENT_3D('',#5639,#4546,#4547);
#4162=AXIS2_PLACEMENT_3D('',#5643,#4550,#4551);
#4163=AXIS2_PLACEMENT_3D('',#5646,#4554,#4555);
#4164=AXIS2_PLACEMENT_3D('',#5647,#4556,#4557);
#4165=AXIS2_PLACEMENT_3D('',#5650,#4558,#4559);
#4166=AXIS2_PLACEMENT_3D('',#5654,#4561,#4562);
#4167=AXIS2_PLACEMENT_3D('',#5656,#4564,#4565);
#4168=AXIS2_PLACEMENT_3D('',#5662,#4569,#4570);
#4169=AXIS2_PLACEMENT_3D('',#5666,#4572,#4573);
#4170=AXIS2_PLACEMENT_3D('',#5672,#4577,#4578);
#4171=AXIS2_PLACEMENT_3D('',#5676,#4580,#4581);
#4172=AXIS2_PLACEMENT_3D('',#5678,#4583,#4584);
#4173=AXIS2_PLACEMENT_3D('',#5684,#4587,#4588);
#4174=AXIS2_PLACEMENT_3D('',#5690,#4592,#4593);
#4175=AXIS2_PLACEMENT_3D('',#5693,#4594,#4595);
#4176=AXIS2_PLACEMENT_3D('',#5697,#4597,#4598);
#4177=AXIS2_PLACEMENT_3D('',#5699,#4600,#4601);
#4178=AXIS2_PLACEMENT_3D('',#5705,#4605,#4606);
#4179=AXIS2_PLACEMENT_3D('',#5714,#4611,#4612);
#4180=AXIS2_PLACEMENT_3D('',#5715,#4613,#4614);
#4181=AXIS2_PLACEMENT_3D('',#5717,#4615,#4616);
#4182=AXIS2_PLACEMENT_3D('',#5719,#4618,#4619);
#4183=AXIS2_PLACEMENT_3D('',#5730,#4625,#4626);
#4184=AXIS2_PLACEMENT_3D('',#5740,#4632,#4633);
#4185=AXIS2_PLACEMENT_3D('',#5742,#4634,#4635);
#4186=AXIS2_PLACEMENT_3D('',#5746,#4637,#4638);
#4187=AXIS2_PLACEMENT_3D('',#5762,#4647,#4648);
#4188=AXIS2_PLACEMENT_3D('',#5786,#4660,#4661);
#4189=AXIS2_PLACEMENT_3D('',#5789,#4663,#4664);
#4190=AXIS2_PLACEMENT_3D('',#5790,#4665,#4666);
#4191=AXIS2_PLACEMENT_3D('',#5793,#4669,#4670);
#4192=AXIS2_PLACEMENT_3D('',#5795,#4672,#4673);
#4193=AXIS2_PLACEMENT_3D('',#5797,#4675,#4676);
#4194=AXIS2_PLACEMENT_3D('',#5799,#4678,#4679);
#4195=AXIS2_PLACEMENT_3D('',#5805,#4683,#4684);
#4196=AXIS2_PLACEMENT_3D('',#5811,#4688,#4689);
#4197=AXIS2_PLACEMENT_3D('',#5813,#4691,#4692);
#4198=AXIS2_PLACEMENT_3D('',#5815,#4694,#4695);
#4199=AXIS2_PLACEMENT_3D('',#5817,#4697,#4698);
#4200=AXIS2_PLACEMENT_3D('',#5818,#4699,#4700);
#4201=AXIS2_PLACEMENT_3D('',#5820,#4702,#4703);
#4202=AXIS2_PLACEMENT_3D('',#5822,#4704,#4705);
#4203=AXIS2_PLACEMENT_3D('',#5825,#4707,#4708);
#4204=AXIS2_PLACEMENT_3D('',#5826,#4709,#4710);
#4205=AXIS2_PLACEMENT_3D('',#5828,#4711,#4712);
#4206=AXIS2_PLACEMENT_3D('',#5845,#4721,#4722);
#4207=AXIS2_PLACEMENT_3D('',#5846,#4723,#4724);
#4208=AXIS2_PLACEMENT_3D('',#5847,#4725,#4726);
#4209=AXIS2_PLACEMENT_3D('',#5848,#4727,#4728);
#4210=AXIS2_PLACEMENT_3D('',#5850,#4729,#4730);
#4211=AXIS2_PLACEMENT_3D('',#5915,#4731,#4732);
#4212=AXIS2_PLACEMENT_3D('',#5916,#4733,#4734);
#4213=AXIS2_PLACEMENT_3D('',#5917,#4735,#4736);
#4214=AXIS2_PLACEMENT_3D('',#5918,#4737,#4738);
#4215=AXIS2_PLACEMENT_3D('',#5919,#4739,#4740);
#4216=AXIS2_PLACEMENT_3D('',#5920,#4741,#4742);
#4217=AXIS2_PLACEMENT_3D('',#5985,#4743,#4744);
#4218=AXIS2_PLACEMENT_3D('',#5993,#4750,#4751);
#4219=AXIS2_PLACEMENT_3D('',#6131,#4752,#4753);
#4220=AXIS2_PLACEMENT_3D('',#6134,#4755,#4756);
#4221=AXIS2_PLACEMENT_3D('',#6135,#4757,#4758);
#4222=AXIS2_PLACEMENT_3D('',#6137,#4759,#4760);
#4223=AXIS2_PLACEMENT_3D('',#6139,#4761,#4762);
#4224=AXIS2_PLACEMENT_3D('',#6143,#4764,#4765);
#4225=AXIS2_PLACEMENT_3D('',#6149,#4768,#4769);
#4226=AXIS2_PLACEMENT_3D('',#6151,#4770,#4771);
#4227=AXIS2_PLACEMENT_3D('',#6164,#4778,#4779);
#4228=AXIS2_PLACEMENT_3D('',#6173,#4784,#4785);
#4229=AXIS2_PLACEMENT_3D('',#6175,#4786,#4787);
#4230=AXIS2_PLACEMENT_3D('',#6176,#4788,#4789);
#4231=AXIS2_PLACEMENT_3D('',#6204,#4790,#4791);
#4232=AXIS2_PLACEMENT_3D('',#6206,#4792,#4793);
#4233=AXIS2_PLACEMENT_3D('',#6208,#4795,#4796);
#4234=AXIS2_PLACEMENT_3D('',#6210,#4797,#4798);
#4235=AXIS2_PLACEMENT_3D('',#6212,#4800,#4801);
#4236=AXIS2_PLACEMENT_3D('',#6213,#4802,#4803);
#4237=AXIS2_PLACEMENT_3D('',#6215,#4805,#4806);
#4238=AXIS2_PLACEMENT_3D('',#6217,#4808,#4809);
#4239=AXIS2_PLACEMENT_3D('',#6220,#4812,#4813);
#4240=AXIS2_PLACEMENT_3D('',#6222,#4815,#4816);
#4241=AXIS2_PLACEMENT_3D('',#6223,#4817,#4818);
#4242=AXIS2_PLACEMENT_3D('',#6231,#4822,#4823);
#4243=AXIS2_PLACEMENT_3D('',#6235,#4826,#4827);
#4244=AXIS2_PLACEMENT_3D('',#6242,#4832,#4833);
#4245=AXIS2_PLACEMENT_3D('',#6244,#4835,#4836);
#4246=AXIS2_PLACEMENT_3D('',#6314,#4838,#4839);
#4247=AXIS2_PLACEMENT_3D('',#6315,#4840,#4841);
#4248=AXIS2_PLACEMENT_3D('',#6324,#4846,#4847);
#4249=AXIS2_PLACEMENT_3D('',#6326,#4848,#4849);
#4250=AXIS2_PLACEMENT_3D('',#6328,#4850,#4851);
#4251=AXIS2_PLACEMENT_3D('',#6330,#4853,#4854);
#4252=AXIS2_PLACEMENT_3D('',#6336,#4858,#4859);
#4253=AXIS2_PLACEMENT_3D('',#6338,#4860,#4861);
#4254=AXIS2_PLACEMENT_3D('',#6340,#4862,#4863);
#4255=AXIS2_PLACEMENT_3D('',#6342,#4865,#4866);
#4256=AXIS2_PLACEMENT_3D('',#6361,#4875,#4876);
#4257=AXIS2_PLACEMENT_3D('',#6364,#4878,#4879);
#4258=AXIS2_PLACEMENT_3D('',#6365,#4880,#4881);
#4259=AXIS2_PLACEMENT_3D('',#6368,#4882,#4883);
#4260=AXIS2_PLACEMENT_3D('',#6371,#4886,#4887);
#4261=AXIS2_PLACEMENT_3D('',#6373,#4888,#4889);
#4262=AXIS2_PLACEMENT_3D('',#6375,#4891,#4892);
#4263=AXIS2_PLACEMENT_3D('',#6381,#4896,#4897);
#4264=AXIS2_PLACEMENT_3D('',#6387,#4901,#4902);
#4265=AXIS2_PLACEMENT_3D('',#6391,#4905,#4906);
#4266=AXIS2_PLACEMENT_3D('',#6395,#4909,#4910);
#4267=AXIS2_PLACEMENT_3D('',#6401,#4914,#4915);
#4268=AXIS2_PLACEMENT_3D('',#6405,#4918,#4919);
#4269=AXIS2_PLACEMENT_3D('',#6407,#4920,#4921);
#4270=AXIS2_PLACEMENT_3D('',#6409,#4923,#4924);
#4271=AXIS2_PLACEMENT_3D('',#6413,#4927,#4928);
#4272=AXIS2_PLACEMENT_3D('',#6415,#4929,#4930);
#4273=AXIS2_PLACEMENT_3D('',#6417,#4932,#4933);
#4274=AXIS2_PLACEMENT_3D('',#6421,#4936,#4937);
#4275=AXIS2_PLACEMENT_3D('',#6425,#4940,#4941);
#4276=AXIS2_PLACEMENT_3D('',#6643,#4945,#4946);
#4277=AXIS2_PLACEMENT_3D('',#6649,#4950,#4951);
#4278=AXIS2_PLACEMENT_3D('',#6651,#4952,#4953);
#4279=AXIS2_PLACEMENT_3D('',#6654,#4955,#4956);
#4280=AXIS2_PLACEMENT_3D('',#6655,#4957,#4958);
#4281=AXIS2_PLACEMENT_3D('',#6657,#4959,#4960);
#4282=AXIS2_PLACEMENT_3D('',#6659,#4961,#4962);
#4283=AXIS2_PLACEMENT_3D('',#6661,#4964,#4965);
#4284=AXIS2_PLACEMENT_3D('',#6668,#4970,#4971);
#4285=AXIS2_PLACEMENT_3D('',#6674,#4975,#4976);
#4286=AXIS2_PLACEMENT_3D('',#6680,#4980,#4981);
#4287=AXIS2_PLACEMENT_3D('',#6686,#4985,#4986);
#4288=AXIS2_PLACEMENT_3D('',#6692,#4990,#4991);
#4289=AXIS2_PLACEMENT_3D('',#6698,#4995,#4996);
#4290=AXIS2_PLACEMENT_3D('',#6701,#4997,#4998);
#4291=AXIS2_PLACEMENT_3D('',#6705,#5000,#5001);
#4292=AXIS2_PLACEMENT_3D('',#6707,#5003,#5004);
#4293=AXIS2_PLACEMENT_3D('',#6713,#5008,#5009);
#4294=AXIS2_PLACEMENT_3D('',#6717,#5011,#5012);
#4295=AXIS2_PLACEMENT_3D('',#6718,#5013,#5014);
#4296=AXIS2_PLACEMENT_3D('',#6719,#5015,#5016);
#4297=AXIS2_PLACEMENT_3D('',#6934,#5019,#5020);
#4298=AXIS2_PLACEMENT_3D('',#6935,#5021,#5022);
#4299=AXIS2_PLACEMENT_3D('',#6936,#5023,#5024);
#4300=AXIS2_PLACEMENT_3D('',#6938,#5025,#5026);
#4301=AXIS2_PLACEMENT_3D('',#6941,#5028,#5029);
#4302=AXIS2_PLACEMENT_3D('',#6942,#5030,#5031);
#4303=AXIS2_PLACEMENT_3D('',#6943,#5032,#5033);
#4304=AXIS2_PLACEMENT_3D('',#6944,#5034,#5035);
#4305=AXIS2_PLACEMENT_3D('',#6945,#5036,#5037);
#4306=AXIS2_PLACEMENT_3D('',#6946,#5038,#5039);
#4307=AXIS2_PLACEMENT_3D('',#6947,#5040,#5041);
#4308=AXIS2_PLACEMENT_3D('',#6948,#5042,#5043);
#4309=AXIS2_PLACEMENT_3D('',#6949,#5044,#5045);
#4310=AXIS2_PLACEMENT_3D('',#6950,#5046,#5047);
#4311=AXIS2_PLACEMENT_3D('',#6951,#5048,#5049);
#4312=AXIS2_PLACEMENT_3D('',#6954,#5051,#5052);
#4313=AXIS2_PLACEMENT_3D('',#6956,#5053,#5054);
#4314=AXIS2_PLACEMENT_3D('',#6958,#5056,#5057);
#4315=AXIS2_PLACEMENT_3D('',#6960,#5058,#5059);
#4316=AXIS2_PLACEMENT_3D('',#6961,#5060,#5061);
#4317=AXIS2_PLACEMENT_3D('',#6978,#5070,#5071);
#4318=AXIS2_PLACEMENT_3D('',#6980,#5072,#5073);
#4319=AXIS2_PLACEMENT_3D('',#6986,#5076,#5077);
#4320=AXIS2_PLACEMENT_3D('',#6989,#5079,#5080);
#4321=AXIS2_PLACEMENT_3D('',#7017,#5081,#5082);
#4322=AXIS2_PLACEMENT_3D('',#7021,#5085,#5086);
#4323=AXIS2_PLACEMENT_3D('',#7023,#5088,#5089);
#4324=AXIS2_PLACEMENT_3D('',#7024,#5090,#5091);
#4325=AXIS2_PLACEMENT_3D('',#7026,#5092,#5093);
#4326=AXIS2_PLACEMENT_3D('',#7095,#5095,#5096);
#4327=AXIS2_PLACEMENT_3D('',#7360,#5099,#5100);
#4328=AXIS2_PLACEMENT_3D('',#7362,#5101,#5102);
#4329=AXIS2_PLACEMENT_3D('',#7368,#5106,#5107);
#4330=AXIS2_PLACEMENT_3D('',#7377,#5112,#5113);
#4331=AXIS2_PLACEMENT_3D('',#7381,#5115,#5116);
#4332=AXIS2_PLACEMENT_3D('',#7387,#5120,#5121);
#4333=AXIS2_PLACEMENT_3D('',#7393,#5125,#5126);
#4334=AXIS2_PLACEMENT_3D('',#7395,#5128,#5129);
#4335=AXIS2_PLACEMENT_3D('',#7396,#5130,#5131);
#4336=AXIS2_PLACEMENT_3D('',#7400,#5134,#5135);
#4337=AXIS2_PLACEMENT_3D('',#7404,#5138,#5139);
#4338=AXIS2_PLACEMENT_3D('',#7408,#5142,#5143);
#4339=AXIS2_PLACEMENT_3D('',#7412,#5146,#5147);
#4340=AXIS2_PLACEMENT_3D('',#7414,#5148,#5149);
#4341=AXIS2_PLACEMENT_3D('',#7416,#5151,#5152);
#4342=AXIS2_PLACEMENT_3D('',#7420,#5155,#5156);
#4343=AXIS2_PLACEMENT_3D('',#7422,#5157,#5158);
#4344=AXIS2_PLACEMENT_3D('',#7424,#5160,#5161);
#4345=AXIS2_PLACEMENT_3D('',#7426,#5163,#5164);
#4346=AXIS2_PLACEMENT_3D('',#7427,#5165,#5166);
#4347=AXIS2_PLACEMENT_3D('',#7429,#5168,#5169);
#4348=AXIS2_PLACEMENT_3D('',#7431,#5171,#5172);
#4349=AXIS2_PLACEMENT_3D('',#7440,#5177,#5178);
#4350=AXIS2_PLACEMENT_3D('',#7446,#5181,#5182);
#4351=AXIS2_PLACEMENT_3D('',#7450,#5184,#5185);
#4352=AXIS2_PLACEMENT_3D('',#7452,#5187,#5188);
#4353=AXIS2_PLACEMENT_3D('',#7456,#5191,#5192);
#4354=AXIS2_PLACEMENT_3D('',#7459,#5194,#5195);
#4355=AXIS2_PLACEMENT_3D('',#7460,#5196,#5197);
#4356=AXIS2_PLACEMENT_3D('',#7464,#5200,#5201);
#4357=AXIS2_PLACEMENT_3D('',#7467,#5203,#5204);
#4358=AXIS2_PLACEMENT_3D('',#7468,#5205,#5206);
#4359=AXIS2_PLACEMENT_3D('',#7472,#5209,#5210);
#4360=AXIS2_PLACEMENT_3D('',#7474,#5212,#5213);
#4361=AXIS2_PLACEMENT_3D('',#7478,#5217,#5218);
#4362=AXIS2_PLACEMENT_3D('',#7480,#5220,#5221);
#4363=AXIS2_PLACEMENT_3D('',#7482,#5223,#5224);
#4364=AXIS2_PLACEMENT_3D('',#7484,#5226,#5227);
#4365=AXIS2_PLACEMENT_3D('',#7486,#5229,#5230);
#4366=AXIS2_PLACEMENT_3D('',#7488,#5232,#5233);
#4367=AXIS2_PLACEMENT_3D('',#7489,#5234,#5235);
#4368=AXIS2_PLACEMENT_3D('',#7490,#5236,#5237);
#4369=AXIS2_PLACEMENT_3D('',#7492,#5239,#5240);
#4370=AXIS2_PLACEMENT_3D('',#7493,#5241,#5242);
#4371=AXIS2_PLACEMENT_3D('',#7494,#5243,#5244);
#4372=AXIS2_PLACEMENT_3D('',#7501,#5247,#5248);
#4373=AXIS2_PLACEMENT_3D('',#7505,#5250,#5251);
#4374=AXIS2_PLACEMENT_3D('',#7507,#5253,#5254);
#4375=AXIS2_PLACEMENT_3D('',#7508,#5255,#5256);
#4376=AXIS2_PLACEMENT_3D('',#7509,#5257,#5258);
#4377=AXIS2_PLACEMENT_3D('',#7510,#5259,#5260);
#4378=AXIS2_PLACEMENT_3D('',#7511,#5261,#5262);
#4379=AXIS2_PLACEMENT_3D('',#7512,#5263,#5264);
#4380=AXIS2_PLACEMENT_3D('',#7522,#5269,#5270);
#4381=AXIS2_PLACEMENT_3D('',#7523,#5271,#5272);
#4382=AXIS2_PLACEMENT_3D('',#7540,#5281,#5282);
#4383=AXIS2_PLACEMENT_3D('',#7543,#5283,#5284);
#4384=AXIS2_PLACEMENT_3D('',#7546,#5286,#5287);
#4385=AXIS2_PLACEMENT_3D('',#7547,#5288,#5289);
#4386=AXIS2_PLACEMENT_3D('',#7548,#5290,#5291);
#4387=AXIS2_PLACEMENT_3D('',#7550,#5292,#5293);
#4388=AXIS2_PLACEMENT_3D('',#7554,#5296,#5297);
#4389=AXIS2_PLACEMENT_3D('',#7555,#5298,#5299);
#4390=AXIS2_PLACEMENT_3D('',#7559,#5302,#5303);
#4391=AXIS2_PLACEMENT_3D('',#7560,#5304,#5305);
#4392=AXIS2_PLACEMENT_3D('',#7561,#5306,#5307);
#4393=AXIS2_PLACEMENT_3D('',#7563,#5308,#5309);
#4394=AXIS2_PLACEMENT_3D('',#7565,#5311,#5312);
#4395=AXIS2_PLACEMENT_3D('',#7567,#5314,#5315);
#4396=AXIS2_PLACEMENT_3D('',#7568,#5316,#5317);
#4397=AXIS2_PLACEMENT_3D('',#7571,#5318,#5319);
#4398=AXIS2_PLACEMENT_3D('',#7575,#5321,#5322);
#4399=AXIS2_PLACEMENT_3D('',#7578,#5325,#5326);
#4400=AXIS2_PLACEMENT_3D('',#7582,#5329,#5330);
#4401=AXIS2_PLACEMENT_3D('',#7585,#5332,#5333);
#4402=AXIS2_PLACEMENT_3D('',#7586,#5334,#5335);
#4403=AXIS2_PLACEMENT_3D('',#7589,#5336,#5337);
#4404=AXIS2_PLACEMENT_3D('',#7592,#5340,#5341);
#4405=AXIS2_PLACEMENT_3D('',#7594,#5343,#5344);
#4406=AXIS2_PLACEMENT_3D('',#7596,#5346,#5347);
#4407=AXIS2_PLACEMENT_3D('',#7601,#5350,#5351);
#4408=AXIS2_PLACEMENT_3D('',#7608,#5354,#5355);
#4409=AXIS2_PLACEMENT_3D('',#7612,#5357,#5358);
#4410=AXIS2_PLACEMENT_3D('',#7614,#5360,#5361);
#4411=AXIS2_PLACEMENT_3D('',#7615,#5362,#5363);
#4412=AXIS2_PLACEMENT_3D('',#7616,#5364,#5365);
#4413=AXIS2_PLACEMENT_3D('',#7617,#5366,#5367);
#4414=AXIS2_PLACEMENT_3D('',#7618,#5368,#5369);
#4415=AXIS2_PLACEMENT_3D('',#7619,#5370,#5371);
#4416=AXIS2_PLACEMENT_3D('',#7764,#5372,#5373);
#4417=AXIS2_PLACEMENT_3D('',#7777,#5380,#5381);
#4418=AXIS2_PLACEMENT_3D('',#7779,#5382,#5383);
#4419=AXIS2_PLACEMENT_3D('',#7799,#5384,#5385);
#4420=AXIS2_PLACEMENT_3D('',#7802,#5386,#5387);
#4421=AXIS2_PLACEMENT_3D('',#7819,#5396,#5397);
#4422=AXIS2_PLACEMENT_3D('',#7825,#5401,#5402);
#4423=AXIS2_PLACEMENT_3D('',#7827,#5403,#5404);
#4424=AXIS2_PLACEMENT_3D('',#7831,#5406,#5407);
#4425=AXIS2_PLACEMENT_3D('',#7833,#5409,#5410);
#4426=AXIS2_PLACEMENT_3D('',#7837,#5413,#5414);
#4427=AXIS2_PLACEMENT_3D('',#7839,#5415,#5416);
#4428=AXIS2_PLACEMENT_3D('',#7841,#5418,#5419);
#4429=AXIS2_PLACEMENT_3D('',#7843,#5420,#5421);
#4430=AXIS2_PLACEMENT_3D('',#7845,#5423,#5424);
#4431=AXIS2_PLACEMENT_3D('',#7847,#5426,#5427);
#4432=AXIS2_PLACEMENT_3D('',#7848,#5428,#5429);
#4433=AXIS2_PLACEMENT_3D('',#7854,#5433,#5434);
#4434=AXIS2_PLACEMENT_3D('',#7855,#5435,#5436);
#4435=AXIS2_PLACEMENT_3D('',#7858,#5438,#5439);
#4436=AXIS2_PLACEMENT_3D('',#7859,#5440,#5441);
#4437=AXIS2_PLACEMENT_3D('',#7863,#5444,#5445);
#4438=AXIS2_PLACEMENT_3D('',#7864,#5446,#5447);
#4439=AXIS2_PLACEMENT_3D('',#7865,#5448,#5449);
#4440=AXIS2_PLACEMENT_3D('',#7866,#5450,#5451);
#4441=AXIS2_PLACEMENT_3D('',#7867,#5452,#5453);
#4442=AXIS2_PLACEMENT_3D('',#7868,#5454,#5455);
#4443=AXIS2_PLACEMENT_3D('',#8007,#5456,#5457);
#4444=AXIS2_PLACEMENT_3D('',#8150,#5458,#5459);
#4445=AXIS2_PLACEMENT_3D('',#8163,#5466,#5467);
#4446=AXIS2_PLACEMENT_3D('',#8180,#5476,#5477);
#4447=AXIS2_PLACEMENT_3D('',#8186,#5481,#5482);
#4448=AXIS2_PLACEMENT_3D('',#8188,#5483,#5484);
#4449=AXIS2_PLACEMENT_3D('',#8192,#5486,#5487);
#4450=AXIS2_PLACEMENT_3D('',#8194,#5489,#5490);
#4451=AXIS2_PLACEMENT_3D('',#8198,#5493,#5494);
#4452=AXIS2_PLACEMENT_3D('',#8200,#5495,#5496);
#4453=AXIS2_PLACEMENT_3D('',#8202,#5498,#5499);
#4454=AXIS2_PLACEMENT_3D('',#8204,#5500,#5501);
#4455=AXIS2_PLACEMENT_3D('',#8206,#5503,#5504);
#4456=AXIS2_PLACEMENT_3D('',#8209,#5506,#5507);
#4457=AXIS2_PLACEMENT_3D('',#8210,#5508,#5509);
#4458=AXIS2_PLACEMENT_3D('',#8211,#5510,#5511);
#4459=AXIS2_PLACEMENT_3D('',#8217,#5515,#5516);
#4460=AXIS2_PLACEMENT_3D('',#8218,#5517,#5518);
#4461=AXIS2_PLACEMENT_3D('',#8220,#5519,#5520);
#4462=AXIS2_PLACEMENT_3D('',#8222,#5522,#5523);
#4463=AXIS2_PLACEMENT_3D('',#8226,#5526,#5527);
#4464=AXIS2_PLACEMENT_3D('',#8227,#5528,#5529);
#4465=AXIS2_PLACEMENT_3D('',#8228,#5530,#5531);
#4466=AXIS2_PLACEMENT_3D('',#8229,#5532,#5533);
#4467=AXIS2_PLACEMENT_3D('',#8230,#5534,#5535);
#4468=AXIS2_PLACEMENT_3D('',#8252,#5536,#5537);
#4469=AXIS2_PLACEMENT_3D('',#8253,#5538,#5539);
#4470=AXIS2_PLACEMENT_3D('',#8254,#5540,#5541);
#4471=AXIS2_PLACEMENT_3D('',#8255,#5542,#5543);
#4472=AXIS2_PLACEMENT_3D('',#8298,#5544,#5545);
#4473=AXIS2_PLACEMENT_3D('',#8401,#5546,#5547);
#4474=AXIS2_PLACEMENT_3D('',#8408,#5550,#5551);
#4475=AXIS2_PLACEMENT_3D('',#8412,#5553,#5554);
#4476=AXIS2_PLACEMENT_3D('',#8414,#5556,#5557);
#4477=AXIS2_PLACEMENT_3D('',#8415,#5558,#5559);
#4478=AXIS2_PLACEMENT_3D('',#8416,#5560,#5561);
#4479=AXIS2_PLACEMENT_3D('',#8417,#5562,#5563);
#4480=AXIS2_PLACEMENT_3D('',#8418,#5564,#5565);
#4481=DIRECTION('axis',(0.,0.,1.));
#4482=DIRECTION('refdir',(1.,0.,0.));
#4483=DIRECTION('center_axis',(0.215914255734653,0.,0.97641232794888));
#4484=DIRECTION('ref_axis',(0.97641232794888,0.,-0.215914255734653));
#4485=DIRECTION('',(-0.97641232794888,0.,0.215914255734653));
#4486=DIRECTION('',(0.,1.,0.));
#4487=DIRECTION('',(0.97641232794888,0.,-0.215914255734653));
#4488=DIRECTION('',(0.,1.,0.));
#4489=DIRECTION('center_axis',(-1.,0.,0.));
#4490=DIRECTION('ref_axis',(0.,0.,1.));
#4491=DIRECTION('',(0.,0.,-1.));
#4492=DIRECTION('',(0.,0.,1.));
#4493=DIRECTION('',(0.,1.,0.));
#4494=DIRECTION('center_axis',(0.,0.,-1.));
#4495=DIRECTION('ref_axis',(-1.,0.,0.));
#4496=DIRECTION('',(1.,0.,0.));
#4497=DIRECTION('',(-1.,0.,0.));
#4498=DIRECTION('',(0.,1.,0.));
#4499=DIRECTION('center_axis',(1.,0.,1.7203350512595E-16));
#4500=DIRECTION('ref_axis',(1.7203350512595E-16,0.,-1.));
#4501=DIRECTION('',(-1.7203350512595E-16,0.,1.));
#4502=DIRECTION('',(1.7203350512595E-16,0.,-1.));
#4503=DIRECTION('',(0.,1.,0.));
#4504=DIRECTION('center_axis',(0.,1.,0.));
#4505=DIRECTION('ref_axis',(0.778314422474775,0.,0.6278747166177));
#4506=DIRECTION('center_axis',(0.,1.,0.));
#4507=DIRECTION('ref_axis',(0.778314422474775,0.,0.6278747166177));
#4508=DIRECTION('center_axis',(0.,-1.,0.));
#4509=DIRECTION('ref_axis',(0.778314422474775,0.,0.6278747166177));
#4510=DIRECTION('center_axis',(1.,0.,0.));
#4511=DIRECTION('ref_axis',(0.,0.,-1.));
#4512=DIRECTION('',(0.,0.,-1.));
#4513=DIRECTION('',(0.,1.,0.));
#4514=DIRECTION('',(0.,0.,-1.));
#4515=DIRECTION('',(0.,1.,0.));
#4516=DIRECTION('center_axis',(0.,0.,1.));
#4517=DIRECTION('ref_axis',(1.,0.,0.));
#4518=DIRECTION('',(1.,0.,0.));
#4519=DIRECTION('',(0.,1.,0.));
#4520=DIRECTION('',(1.,0.,0.));
#4521=DIRECTION('center_axis',(-1.,0.,-7.25320543291977E-16));
#4522=DIRECTION('ref_axis',(-7.25320543291977E-16,0.,1.));
#4523=DIRECTION('',(-7.25320543291977E-16,0.,1.));
#4524=DIRECTION('',(0.,1.,0.));
#4525=DIRECTION('',(-7.25320543291977E-16,0.,1.));
#4526=DIRECTION('center_axis',(1.22835662991025E-16,0.,-1.));
#4527=DIRECTION('ref_axis',(-1.,0.,-1.22835662991025E-16));
#4528=DIRECTION('',(-1.,0.,-1.22835662991025E-16));
#4529=DIRECTION('',(-1.,0.,-1.22835662991025E-16));
#4530=DIRECTION('center_axis',(0.,1.,0.));
#4531=DIRECTION('ref_axis',(0.,0.,1.));
#4532=DIRECTION('center_axis',(0.,1.,0.));
#4533=DIRECTION('ref_axis',(-1.,0.,0.));
#4534=DIRECTION('center_axis',(0.,1.,0.));
#4535=DIRECTION('ref_axis',(0.029576468879056,0.,-0.999562520550189));
#4536=DIRECTION('',(0.,0.,1.));
#4537=DIRECTION('',(-1.,0.,0.));
#4538=DIRECTION('',(0.,0.,1.));
#4539=DIRECTION('center_axis',(1.,0.,0.));
#4540=DIRECTION('ref_axis',(0.,1.,0.));
#4541=DIRECTION('',(0.,1.,0.));
#4542=DIRECTION('',(0.,0.,1.));
#4543=DIRECTION('',(0.,1.,0.));
#4544=DIRECTION('center_axis',(0.,-1.,0.));
#4545=DIRECTION('ref_axis',(1.,0.,0.));
#4546=DIRECTION('center_axis',(0.,-1.,0.));
#4547=DIRECTION('ref_axis',(0.029576468879056,0.,-0.999562520550189));
#4548=DIRECTION('',(0.,0.,1.));
#4549=DIRECTION('',(1.,0.,0.));
#4550=DIRECTION('center_axis',(-1.,0.,0.));
#4551=DIRECTION('ref_axis',(0.,-1.,0.));
#4552=DIRECTION('',(0.,-1.,0.));
#4553=DIRECTION('',(0.,-1.,0.));
#4554=DIRECTION('center_axis',(0.,0.,1.));
#4555=DIRECTION('ref_axis',(1.,0.,0.));
#4556=DIRECTION('center_axis',(0.,0.,1.));
#4557=DIRECTION('ref_axis',(0.707106781186548,0.707106781186547,0.));
#4558=DIRECTION('center_axis',(-2.52930591818463E-16,0.,-1.));
#4559=DIRECTION('ref_axis',(0.707106781186548,0.707106781186547,0.));
#4560=DIRECTION('',(0.,0.,-1.));
#4561=DIRECTION('center_axis',(2.74008141136668E-16,0.,1.));
#4562=DIRECTION('ref_axis',(0.707106781186548,0.707106781186547,0.));
#4563=DIRECTION('',(0.,0.,1.));
#4564=DIRECTION('center_axis',(-1.,0.,0.));
#4565=DIRECTION('ref_axis',(0.,0.,1.));
#4566=DIRECTION('',(0.,1.,0.));
#4567=DIRECTION('',(0.,1.49617255512219E-16,-1.));
#4568=DIRECTION('',(0.,1.,0.));
#4569=DIRECTION('center_axis',(-2.52930591818463E-16,0.,-1.));
#4570=DIRECTION('ref_axis',(-1.,0.,2.52930591818463E-16));
#4571=DIRECTION('',(-1.,0.,2.52930591818463E-16));
#4572=DIRECTION('center_axis',(-2.52930591818463E-16,0.,-1.));
#4573=DIRECTION('ref_axis',(-0.635985037666663,0.771701387755739,1.84126642841764E-16));
#4574=DIRECTION('',(-0.191046063728269,-0.981581072318499,4.8321393963379E-17));
#4575=DIRECTION('',(-1.,0.,2.52930591818463E-16));
#4576=DIRECTION('',(0.870527531160072,0.492119718658325,-2.20183043650583E-16));
#4577=DIRECTION('center_axis',(2.64663119809727E-16,0.,1.));
#4578=DIRECTION('ref_axis',(-0.635985037666663,0.771701387755739,1.84126642841764E-16));
#4579=DIRECTION('',(-2.64663119809727E-16,0.,-1.));
#4580=DIRECTION('center_axis',(2.74008141136668E-16,0.,1.));
#4581=DIRECTION('ref_axis',(-0.635985037666663,0.771701387755739,1.84126642841764E-16));
#4582=DIRECTION('',(2.64663119809727E-16,0.,1.));
#4583=DIRECTION('center_axis',(-0.981581072318499,0.191046063728269,2.59788308945991E-16));
#4584=DIRECTION('ref_axis',(0.191046063728269,0.981581072318499,-4.8321393963379E-17));
#4585=DIRECTION('',(0.191046063728269,0.981581072318499,-5.23481767936605E-17));
#4586=DIRECTION('',(2.64663119809727E-16,0.,1.));
#4587=DIRECTION('center_axis',(0.981581072318499,-0.191046063728269,-2.59788308945991E-16));
#4588=DIRECTION('ref_axis',(0.191046063728269,0.981581072318499,-3.6485736248391E-17));
#4589=DIRECTION('',(-2.64663119809727E-16,0.,-1.));
#4590=DIRECTION('',(-2.64663119809727E-16,0.,-1.));
#4591=DIRECTION('',(-0.191046063728269,-0.981581072318499,4.8321393963379E-17));
#4592=DIRECTION('center_axis',(0.,0.,1.));
#4593=DIRECTION('ref_axis',(0.707106781186545,-0.70710678118655,0.));
#4594=DIRECTION('center_axis',(-2.52930591818463E-16,0.,-1.));
#4595=DIRECTION('ref_axis',(0.707106781186545,-0.70710678118655,0.));
#4596=DIRECTION('',(0.,0.,-1.));
#4597=DIRECTION('center_axis',(2.74008141136668E-16,0.,1.));
#4598=DIRECTION('ref_axis',(0.707106781186545,-0.70710678118655,0.));
#4599=DIRECTION('',(0.,0.,1.));
#4600=DIRECTION('center_axis',(0.,-1.,0.));
#4601=DIRECTION('ref_axis',(0.,0.,-1.));
#4602=DIRECTION('',(-1.,0.,2.52930591818463E-16));
#4603=DIRECTION('',(2.64663119809727E-16,0.,1.));
#4604=DIRECTION('',(1.,0.,-2.74008141136668E-16));
#4605=DIRECTION('center_axis',(2.52930591818463E-16,0.,1.));
#4606=DIRECTION('ref_axis',(-1.,0.,2.52930591818463E-16));
#4607=DIRECTION('',(0.,-1.,0.));
#4608=DIRECTION('',(-0.870527531160072,0.492119718658325,2.20183043650583E-16));
#4609=DIRECTION('',(1.,0.,-2.52930591818463E-16));
#4610=DIRECTION('',(0.191046063728269,-0.981581072318499,-4.8321393963379E-17));
#4611=DIRECTION('center_axis',(-2.52930591818463E-16,0.,-1.));
#4612=DIRECTION('ref_axis',(-0.635985037666663,-0.771701387755739,1.84126642841764E-16));
#4613=DIRECTION('center_axis',(-2.64663119809727E-16,0.,-1.));
#4614=DIRECTION('ref_axis',(-0.635985037666663,-0.771701387755739,1.84126642841764E-16));
#4615=DIRECTION('center_axis',(2.74008141136668E-16,0.,1.));
#4616=DIRECTION('ref_axis',(-0.635985037666663,-0.771701387755739,1.84126642841764E-16));
#4617=DIRECTION('',(-2.64663119809727E-16,0.,-1.));
#4618=DIRECTION('center_axis',(0.,1.,0.));
#4619=DIRECTION('ref_axis',(0.,0.,1.));
#4620=DIRECTION('',(0.832834238553331,0.,0.553522475689374));
#4621=DIRECTION('',(1.,0.,0.));
#4622=DIRECTION('',(0.,0.,1.));
#4623=DIRECTION('',(1.,0.,0.));
#4624=DIRECTION('',(0.,0.,1.));
#4625=DIRECTION('center_axis',(0.,2.3557156593787E-16,1.));
#4626=DIRECTION('ref_axis',(0.,-1.,2.3557156593787E-16));
#4627=DIRECTION('',(3.5444281733698E-16,-1.,2.3557156593787E-16));
#4628=DIRECTION('',(-1.,0.,0.));
#4629=DIRECTION('',(0.,-1.,2.3557156593787E-16));
#4630=DIRECTION('',(1.,0.,0.));
#4631=DIRECTION('',(0.,-1.,2.3557156593787E-16));
#4632=DIRECTION('center_axis',(1.,0.,0.));
#4633=DIRECTION('ref_axis',(0.,0.,-1.));
#4634=DIRECTION('center_axis',(1.,0.,0.));
#4635=DIRECTION('ref_axis',(0.,1.,0.));
#4636=DIRECTION('',(0.,1.,0.));
#4637=DIRECTION('center_axis',(1.,0.,0.));
#4638=DIRECTION('ref_axis',(0.,1.,0.));
#4639=DIRECTION('',(0.,-1.,2.3557156593787E-16));
#4640=DIRECTION('',(0.,0.,-1.));
#4641=DIRECTION('',(0.,1.,0.));
#4642=DIRECTION('',(0.,0.,-1.));
#4643=DIRECTION('',(0.,1.,0.));
#4644=DIRECTION('',(0.,0.,1.));
#4645=DIRECTION('',(0.,1.,0.));
#4646=DIRECTION('',(0.,0.,1.));
#4647=DIRECTION('center_axis',(1.,0.,0.));
#4648=DIRECTION('ref_axis',(0.,0.,-1.));
#4649=DIRECTION('',(0.,0.,1.));
#4650=DIRECTION('',(0.,1.,0.));
#4651=DIRECTION('',(0.,0.,-1.));
#4652=DIRECTION('',(0.,1.,0.));
#4653=DIRECTION('',(0.,0.,-1.));
#4654=DIRECTION('',(0.,-1.,2.3557156593787E-16));
#4655=DIRECTION('',(0.,0.,-1.));
#4656=DIRECTION('',(0.,-1.,0.));
#4657=DIRECTION('',(0.,0.,1.));
#4658=DIRECTION('',(0.,1.,0.));
#4659=DIRECTION('',(0.,-1.,0.));
#4660=DIRECTION('center_axis',(-1.,0.,0.));
#4661=DIRECTION('ref_axis',(0.,1.,0.));
#4662=DIRECTION('',(0.,1.,0.));
#4663=DIRECTION('center_axis',(-1.,0.,0.));
#4664=DIRECTION('ref_axis',(0.,1.,0.));
#4665=DIRECTION('center_axis',(0.,0.,-1.));
#4666=DIRECTION('ref_axis',(0.,1.,0.));
#4667=DIRECTION('',(1.,0.,0.));
#4668=DIRECTION('',(1.,0.,0.));
#4669=DIRECTION('center_axis',(0.,-1.,0.));
#4670=DIRECTION('ref_axis',(0.,0.,-1.));
#4671=DIRECTION('',(1.,0.,0.));
#4672=DIRECTION('center_axis',(0.,0.,-1.));
#4673=DIRECTION('ref_axis',(0.,1.,0.));
#4674=DIRECTION('',(1.,0.,0.));
#4675=DIRECTION('center_axis',(0.,-1.,0.));
#4676=DIRECTION('ref_axis',(0.,0.,-1.));
#4677=DIRECTION('',(1.,0.,0.));
#4678=DIRECTION('center_axis',(0.,2.3557156593787E-16,1.));
#4679=DIRECTION('ref_axis',(0.,-1.,2.3557156593787E-16));
#4680=DIRECTION('',(3.5444281733698E-16,-1.,2.3557156593787E-16));
#4681=DIRECTION('',(1.,0.,0.));
#4682=DIRECTION('',(1.,0.,0.));
#4683=DIRECTION('center_axis',(0.,-1.,0.));
#4684=DIRECTION('ref_axis',(0.,0.,-1.));
#4685=DIRECTION('',(-0.832834238553331,0.,-0.553522475689374));
#4686=DIRECTION('',(0.,0.,-1.));
#4687=DIRECTION('',(1.,0.,0.));
#4688=DIRECTION('center_axis',(0.,0.,1.));
#4689=DIRECTION('ref_axis',(0.,-1.,0.));
#4690=DIRECTION('',(0.,-1.,0.));
#4691=DIRECTION('center_axis',(0.,1.,0.));
#4692=DIRECTION('ref_axis',(0.,0.,1.));
#4693=DIRECTION('',(1.,0.,0.));
#4694=DIRECTION('center_axis',(0.,0.,-1.));
#4695=DIRECTION('ref_axis',(0.,1.,0.));
#4696=DIRECTION('',(1.,0.,0.));
#4697=DIRECTION('center_axis',(0.,1.,0.));
#4698=DIRECTION('ref_axis',(0.,0.,1.));
#4699=DIRECTION('center_axis',(1.,0.,0.));
#4700=DIRECTION('ref_axis',(0.,0.,-1.));
#4701=DIRECTION('',(0.,-1.,0.));
#4702=DIRECTION('center_axis',(0.553522475689374,0.,-0.832834238553331));
#4703=DIRECTION('ref_axis',(-0.832834238553331,0.,-0.553522475689374));
#4704=DIRECTION('center_axis',(0.553522475689374,0.,-0.832834238553331));
#4705=DIRECTION('ref_axis',(0.832834238553331,0.,0.553522475689374));
#4706=DIRECTION('',(0.,1.,0.));
#4707=DIRECTION('center_axis',(0.553522475689374,0.,-0.832834238553331));
#4708=DIRECTION('ref_axis',(0.832834238553331,0.,0.553522475689374));
#4709=DIRECTION('center_axis',(0.553522475689374,0.,-0.832834238553331));
#4710=DIRECTION('ref_axis',(-0.832834238553331,0.,-0.553522475689374));
#4711=DIRECTION('center_axis',(0.553522475689374,0.,-0.832834238553331));
#4712=DIRECTION('ref_axis',(0.832834238553331,0.,0.553522475689374));
#4713=DIRECTION('',(0.,1.,0.));
#4714=DIRECTION('',(-0.832834238553331,0.,-0.553522475689374));
#4715=DIRECTION('',(0.,-1.,0.));
#4716=DIRECTION('',(0.,1.,0.));
#4717=DIRECTION('',(0.,1.,0.));
#4718=DIRECTION('',(0.,-1.,0.));
#4719=DIRECTION('',(0.832834238553331,0.,0.553522475689374));
#4720=DIRECTION('',(0.,1.,0.));
#4721=DIRECTION('center_axis',(0.553522475689374,0.,-0.832834238553331));
#4722=DIRECTION('ref_axis',(0.832834238553331,0.,0.553522475689374));
#4723=DIRECTION('center_axis',(1.,0.,0.));
#4724=DIRECTION('ref_axis',(0.,-0.999817391623171,0.0191097725742358));
#4725=DIRECTION('center_axis',(0.490694725061126,0.,0.871331559624226));
#4726=DIRECTION('ref_axis',(-0.871331559624226,0.,0.490694725061126));
#4727=DIRECTION('center_axis',(1.,0.,0.));
#4728=DIRECTION('ref_axis',(0.,-0.998354096778194,-0.0573506534068754));
#4729=DIRECTION('center_axis',(0.490694725061126,0.,0.871331559624226));
#4730=DIRECTION('ref_axis',(-0.871331559624226,0.,0.490694725061126));
#4731=DIRECTION('center_axis',(1.,0.,0.));
#4732=DIRECTION('ref_axis',(0.,1.,0.));
#4733=DIRECTION('center_axis',(0.490694725061126,0.,0.871331559624226));
#4734=DIRECTION('ref_axis',(-0.871331559624226,0.,0.490694725061126));
#4735=DIRECTION('center_axis',(0.490694725061126,0.,0.871331559624226));
#4736=DIRECTION('ref_axis',(0.871331559624226,0.,-0.490694725061126));
#4737=DIRECTION('center_axis',(0.490694725061126,0.,0.871331559624226));
#4738=DIRECTION('ref_axis',(0.871331559624226,0.,-0.490694725061126));
#4739=DIRECTION('center_axis',(0.490694725061126,0.,0.871331559624226));
#4740=DIRECTION('ref_axis',(-0.871331559624226,0.,0.490694725061126));
#4741=DIRECTION('center_axis',(1.,0.,0.));
#4742=DIRECTION('ref_axis',(0.,1.,0.));
#4743=DIRECTION('center_axis',(-2.72914531662034E-16,0.,1.));
#4744=DIRECTION('ref_axis',(1.,0.,2.72914531662034E-16));
#4745=DIRECTION('',(-1.,0.,-2.72914531662034E-16));
#4746=DIRECTION('',(0.,1.,0.));
#4747=DIRECTION('',(0.,1.,0.));
#4748=DIRECTION('',(1.,0.,2.72914531662034E-16));
#4749=DIRECTION('',(0.,-1.,0.));
#4750=DIRECTION('center_axis',(0.,1.,0.));
#4751=DIRECTION('ref_axis',(-0.20086031221408,0.,-0.979619893110211));
#4752=DIRECTION('center_axis',(0.,1.,0.));
#4753=DIRECTION('ref_axis',(-0.20086031221408,0.,-0.979619893110211));
#4754=DIRECTION('',(0.,1.,0.));
#4755=DIRECTION('center_axis',(0.,-1.,0.));
#4756=DIRECTION('ref_axis',(-0.20086031221408,0.,-0.979619893110211));
#4757=DIRECTION('center_axis',(0.,1.,0.));
#4758=DIRECTION('ref_axis',(0.,0.,1.));
#4759=DIRECTION('center_axis',(0.,1.,0.));
#4760=DIRECTION('ref_axis',(-0.20086031221408,0.,-0.979619893110211));
#4761=DIRECTION('center_axis',(0.,1.,0.));
#4762=DIRECTION('ref_axis',(-0.0819398689550405,0.,0.996637274978029));
#4763=DIRECTION('',(0.950108680758224,0.,0.31191905159491));
#4764=DIRECTION('center_axis',(0.,1.,0.));
#4765=DIRECTION('ref_axis',(-0.0530332136087293,0.,0.998592748949406));
#4766=DIRECTION('',(0.983705408798188,0.,-0.179787843585685));
#4767=DIRECTION('',(0.179787843585685,0.,0.983705408798187));
#4768=DIRECTION('center_axis',(0.,1.,0.));
#4769=DIRECTION('ref_axis',(-0.0530332136087293,0.,0.998592748949406));
#4770=DIRECTION('center_axis',(0.,-1.,0.));
#4771=DIRECTION('ref_axis',(0.371889168196411,0.,0.928277138885894));
#4772=DIRECTION('',(0.983705408798188,0.,-0.179787843585685));
#4773=DIRECTION('',(-0.626343215445704,0.,-0.779547417714366));
#4774=DIRECTION('',(-0.904583577945716,0.,-0.426296317730902));
#4775=DIRECTION('',(-0.974837227923668,0.,-0.222917875133641));
#4776=DIRECTION('',(-0.991424909598804,0.,-0.130677651597368));
#4777=DIRECTION('',(-0.999240975574146,0.,-0.0389547523882447));
#4778=DIRECTION('center_axis',(0.,1.,0.));
#4779=DIRECTION('ref_axis',(0.109475710781799,0.,-0.993989471145857));
#4780=DIRECTION('',(1.,0.,-2.74008141136668E-16));
#4781=DIRECTION('',(-2.64663119809727E-16,0.,-1.));
#4782=DIRECTION('',(-1.,0.,2.52930591818463E-16));
#4783=DIRECTION('',(0.,0.,-1.));
#4784=DIRECTION('center_axis',(0.,1.,0.));
#4785=DIRECTION('ref_axis',(0.109475710781799,0.,-0.993989471145857));
#4786=DIRECTION('center_axis',(0.,1.,0.));
#4787=DIRECTION('ref_axis',(0.029576468879056,0.,-0.999562520550189));
#4788=DIRECTION('center_axis',(0.,1.,0.));
#4789=DIRECTION('ref_axis',(-0.20086031221408,0.,-0.979619893110211));
#4790=DIRECTION('center_axis',(0.,1.,0.));
#4791=DIRECTION('ref_axis',(-0.20086031221408,0.,-0.979619893110211));
#4792=DIRECTION('center_axis',(0.,1.,0.));
#4793=DIRECTION('ref_axis',(-0.20086031221408,0.,-0.979619893110211));
#4794=DIRECTION('',(0.,1.,0.));
#4795=DIRECTION('center_axis',(1.,0.,0.));
#4796=DIRECTION('ref_axis',(0.,1.,0.));
#4797=DIRECTION('center_axis',(1.,0.,0.));
#4798=DIRECTION('ref_axis',(0.,1.,0.));
#4799=DIRECTION('',(-1.,0.,0.));
#4800=DIRECTION('center_axis',(1.,0.,0.));
#4801=DIRECTION('ref_axis',(0.,0.,-1.));
#4802=DIRECTION('center_axis',(0.492119718658325,-0.870527531160072,-1.30245940059998E-16));
#4803=DIRECTION('ref_axis',(-0.870527531160072,-0.492119718658325,2.20183043650583E-16));
#4804=DIRECTION('',(-0.870527531160072,-0.492119718658325,2.38531630621465E-16));
#4805=DIRECTION('center_axis',(-2.52930591818463E-16,0.,-1.));
#4806=DIRECTION('ref_axis',(1.,0.,-2.52930591818463E-16));
#4807=DIRECTION('',(0.,1.,0.));
#4808=DIRECTION('center_axis',(1.,0.,-2.64663119809727E-16));
#4809=DIRECTION('ref_axis',(0.,-1.,0.));
#4810=DIRECTION('',(0.,-1.,0.));
#4811=DIRECTION('',(-2.64663119809727E-16,0.,-1.));
#4812=DIRECTION('center_axis',(2.74008141136668E-16,0.,1.));
#4813=DIRECTION('ref_axis',(1.,0.,-2.74008141136668E-16));
#4814=DIRECTION('',(1.,0.,-2.74008141136668E-16));
#4815=DIRECTION('center_axis',(0.,-1.,0.));
#4816=DIRECTION('ref_axis',(0.,0.,-1.));
#4817=DIRECTION('center_axis',(0.981581072318499,0.191046063728269,-2.59788308945991E-16));
#4818=DIRECTION('ref_axis',(0.191046063728269,-0.981581072318499,-4.8321393963379E-17));
#4819=DIRECTION('',(-0.191046063728269,0.981581072318499,4.8321393963379E-17));
#4820=DIRECTION('',(2.64663119809727E-16,0.,1.));
#4821=DIRECTION('',(-2.64663119809727E-16,0.,-1.));
#4822=DIRECTION('center_axis',(0.981581072318499,0.191046063728269,-2.59788308945991E-16));
#4823=DIRECTION('ref_axis',(0.191046063728269,-0.981581072318499,-3.6485736248391E-17));
#4824=DIRECTION('',(-2.64663119809727E-16,0.,-1.));
#4825=DIRECTION('',(-0.191046063728269,0.981581072318499,5.23481767936605E-17));
#4826=DIRECTION('center_axis',(-1.,0.,2.64663119809727E-16));
#4827=DIRECTION('ref_axis',(0.,1.,0.));
#4828=DIRECTION('',(0.,0.,1.));
#4829=DIRECTION('',(0.,-1.,0.));
#4830=DIRECTION('',(2.64663119809727E-16,0.,1.));
#4831=DIRECTION('',(0.,-1.,0.));
#4832=DIRECTION('center_axis',(2.52930591818463E-16,0.,1.));
#4833=DIRECTION('ref_axis',(1.,0.,-2.52930591818463E-16));
#4834=DIRECTION('',(1.,0.,-2.52930591818463E-16));
#4835=DIRECTION('center_axis',(0.,0.,-1.));
#4836=DIRECTION('ref_axis',(1.,0.,0.));
#4837=DIRECTION('',(0.,0.,-1.));
#4838=DIRECTION('center_axis',(0.,0.,-1.));
#4839=DIRECTION('ref_axis',(1.,0.,0.));
#4840=DIRECTION('center_axis',(0.179787843585685,-6.9133410694436E-17,0.983705408798187));
#4841=DIRECTION('ref_axis',(1.45909784404707E-14,-1.,-2.73701245945294E-15));
#4842=DIRECTION('',(4.61119966928567E-15,-1.,5.45944362451774E-15));
#4843=DIRECTION('',(0.983705408798188,2.04108740688935E-16,-0.179787843585685));
#4844=DIRECTION('',(3.78486095469443E-17,1.,6.336113458746E-17));
#4845=DIRECTION('',(0.983705408798188,2.04108740688935E-16,-0.179787843585685));
#4846=DIRECTION('center_axis',(4.61119966928567E-15,-1.,5.45944362451775E-15));
#4847=DIRECTION('ref_axis',(0.121101597604007,6.88593808126081E-15,0.992640117594366));
#4848=DIRECTION('center_axis',(-2.00782872198692E-16,1.,3.66962703454535E-17));
#4849=DIRECTION('ref_axis',(0.121101597604007,6.88593808126081E-15,0.992640117594366));
#4850=DIRECTION('center_axis',(-2.00782872198692E-16,1.,3.66962703454535E-17));
#4851=DIRECTION('ref_axis',(0.121101597604007,6.88593808126081E-15,0.992640117594366));
#4852=DIRECTION('',(4.61119966928567E-15,-1.,5.45944362451775E-15));
#4853=DIRECTION('center_axis',(0.777218831043189,1.48663354059814E-16,-0.629230393951102));
#4854=DIRECTION('ref_axis',(-0.629230393951102,-9.78176534306787E-17,-0.777218831043189));
#4855=DIRECTION('',(-0.629230393951102,-9.78176534306787E-17,-0.777218831043189));
#4856=DIRECTION('',(-1.912760578128E-16,1.,0.));
#4857=DIRECTION('',(-0.629230393951102,-9.78176534306788E-17,-0.777218831043189));
#4858=DIRECTION('center_axis',(-1.912760578128E-16,1.,0.));
#4859=DIRECTION('ref_axis',(0.101969553788606,1.95043342656149E-17,-0.9947875200766));
#4860=DIRECTION('center_axis',(-2.00782872198692E-16,1.,3.66962703454535E-17));
#4861=DIRECTION('ref_axis',(0.101969553788606,1.95043342656149E-17,-0.9947875200766));
#4862=DIRECTION('center_axis',(-2.00782872198692E-16,1.,3.66962703454535E-17));
#4863=DIRECTION('ref_axis',(0.101969553788606,1.95043342656149E-17,-0.9947875200766));
#4864=DIRECTION('',(-1.912760578128E-16,1.,0.));
#4865=DIRECTION('center_axis',(0.179787843585685,0.,0.983705408798187));
#4866=DIRECTION('ref_axis',(0.983705408798188,0.,-0.179787843585685));
#4867=DIRECTION('',(0.983705408798188,0.,-0.179787843585685));
#4868=DIRECTION('',(0.262188147084476,-0.963826301217123,-0.0479190631223977));
#4869=DIRECTION('',(1.22065401201307E-16,-1.,-2.23093977751085E-17));
#4870=DIRECTION('',(-0.329497666517795,-0.942233901351318,0.0602209507032434));
#4871=DIRECTION('',(0.329497666517795,-0.942233901351318,-0.0602209507032434));
#4872=DIRECTION('',(-1.22065401201307E-16,-1.,2.23093977751085E-17));
#4873=DIRECTION('',(-0.262188147084476,-0.963826301217123,0.0479190631223977));
#4874=DIRECTION('',(-0.983705408798188,0.,0.179787843585685));
#4875=DIRECTION('center_axis',(-0.179787843585685,0.,-0.983705408798187));
#4876=DIRECTION('ref_axis',(-0.983705408798187,0.,0.179787843585685));
#4877=DIRECTION('',(6.3199915519675E-16,1.,-1.15507919591107E-16));
#4878=DIRECTION('center_axis',(-0.179787843585685,0.,-0.983705408798187));
#4879=DIRECTION('ref_axis',(-7.33821241311781E-16,1.,1.34117528858564E-16));
#4880=DIRECTION('center_axis',(0.92688058511231,-0.334955631605552,-0.169402201277281));
#4881=DIRECTION('ref_axis',(0.329497666517795,0.942233901351318,-0.0602209507032434));
#4882=DIRECTION('center_axis',(0.92688058511231,-0.334955631605552,-0.169402201277281));
#4883=DIRECTION('ref_axis',(-0.329497666517795,-0.942233901351318,0.0602209507032435));
#4884=DIRECTION('',(0.179787843585685,0.,0.983705408798187));
#4885=DIRECTION('',(0.179787843585685,-8.28634392041338E-17,0.983705408798187));
#4886=DIRECTION('center_axis',(0.92688058511231,0.334955631605552,-0.169402201277281));
#4887=DIRECTION('ref_axis',(-0.329497666517795,0.942233901351318,0.0602209507032434));
#4888=DIRECTION('center_axis',(0.92688058511231,0.334955631605552,-0.169402201277281));
#4889=DIRECTION('ref_axis',(-0.329497666517795,0.942233901351318,0.0602209507032435));
#4890=DIRECTION('',(-0.179787843585685,-8.28634392041338E-17,-0.983705408798187));
#4891=DIRECTION('center_axis',(0.101969553788606,1.95043342656148E-17,-0.9947875200766));
#4892=DIRECTION('ref_axis',(-0.9947875200766,-1.95994393195562E-16,-0.101969553788606));
#4893=DIRECTION('',(-0.9947875200766,-1.95994393195562E-16,-0.101969553788606));
#4894=DIRECTION('',(-0.9947875200766,-1.95994393195562E-16,-0.101969553788606));
#4895=DIRECTION('',(6.87297898727432E-17,-1.,-1.25614646425644E-17));
#4896=DIRECTION('center_axis',(2.00782872198692E-16,-1.,-3.66962703454535E-17));
#4897=DIRECTION('ref_axis',(0.983705408798188,2.04108740688935E-16,-0.179787843585685));
#4898=DIRECTION('',(0.512820334034234,7.14619399287923E-17,0.858495955145402));
#4899=DIRECTION('',(0.626343215445704,9.71525069918061E-17,0.779547417714366));
#4900=DIRECTION('',(-0.983705408798188,-2.04108740688935E-16,0.179787843585685));
#4901=DIRECTION('center_axis',(-0.858495955145402,0.,0.512820334034234));
#4902=DIRECTION('ref_axis',(0.512820334034234,7.14619399287923E-17,0.858495955145402));
#4903=DIRECTION('',(-0.512820334034234,-7.14619399287924E-17,-0.858495955145402));
#4904=DIRECTION('',(0.,-1.,0.));
#4905=DIRECTION('center_axis',(-2.00782872198692E-16,1.,3.66962703454535E-17));
#4906=DIRECTION('ref_axis',(-0.983705408798188,-2.04108740688935E-16,0.179787843585685));
#4907=DIRECTION('',(0.983705408798188,2.04108740688935E-16,-0.179787843585685));
#4908=DIRECTION('',(-0.626343215445704,-9.71525069918063E-17,-0.779547417714366));
#4909=DIRECTION('center_axis',(0.948121145649235,0.266531163435196,-0.173284252286994));
#4910=DIRECTION('ref_axis',(-0.262188147084476,0.963826301217123,0.0479190631223977));
#4911=DIRECTION('',(-0.262188147084476,0.963826301217123,0.0479190631223977));
#4912=DIRECTION('',(-0.179787843585685,1.04136324090212E-16,-0.983705408798187));
#4913=DIRECTION('',(0.179787843585685,0.,0.983705408798187));
#4914=DIRECTION('center_axis',(0.,1.,0.));
#4915=DIRECTION('ref_axis',(-0.983705408798188,0.,0.179787843585685));
#4916=DIRECTION('',(-0.983705408798188,0.,0.179787843585685));
#4917=DIRECTION('',(0.179787843585685,0.,0.983705408798187));
#4918=DIRECTION('center_axis',(0.179787843585685,0.,0.983705408798188));
#4919=DIRECTION('ref_axis',(-7.33821241311781E-16,1.,1.34117528858564E-16));
#4920=DIRECTION('center_axis',(0.179787843585685,0.,0.983705408798187));
#4921=DIRECTION('ref_axis',(-7.33821241311781E-16,1.,1.34117528858564E-16));
#4922=DIRECTION('',(0.179787843585685,0.,0.983705408798187));
#4923=DIRECTION('center_axis',(-0.983705408798188,6.42467907103282E-16,
0.179787843585685));
#4924=DIRECTION('ref_axis',(-6.3199915519675E-16,-1.,1.15507919591107E-16));
#4925=DIRECTION('',(-6.3199915519675E-16,-1.,1.15507919591107E-16));
#4926=DIRECTION('',(0.179787843585685,0.,0.983705408798187));
#4927=DIRECTION('center_axis',(0.179787843585685,0.,0.983705408798188));
#4928=DIRECTION('ref_axis',(-0.983705408798187,0.,0.179787843585685));
#4929=DIRECTION('center_axis',(0.179787843585685,0.,0.983705408798187));
#4930=DIRECTION('ref_axis',(-0.983705408798187,0.,0.179787843585685));
#4931=DIRECTION('',(0.179787843585685,0.,0.983705408798187));
#4932=DIRECTION('center_axis',(0.,-1.,0.));
#4933=DIRECTION('ref_axis',(0.983705408798188,0.,-0.179787843585685));
#4934=DIRECTION('',(0.983705408798188,0.,-0.179787843585685));
#4935=DIRECTION('',(-0.179787843585685,0.,-0.983705408798187));
#4936=DIRECTION('center_axis',(0.948121145649235,-0.266531163435196,-0.173284252286994));
#4937=DIRECTION('ref_axis',(0.262188147084476,0.963826301217123,-0.0479190631223977));
#4938=DIRECTION('',(0.262188147084476,0.963826301217123,-0.0479190631223977));
#4939=DIRECTION('',(-0.179787843585685,-1.04136324090212E-16,-0.983705408798187));
#4940=DIRECTION('center_axis',(0.983705408798188,1.24087353906529E-16,-0.179787843585685));
#4941=DIRECTION('ref_axis',(-1.22065401201307E-16,1.,2.23093977751085E-17));
#4942=DIRECTION('',(-1.22065401201307E-16,1.,2.23093977751085E-17));
#4943=DIRECTION('',(0.179787843585685,0.,0.983705408798187));
#4944=DIRECTION('',(0.,-1.,0.));
#4945=DIRECTION('center_axis',(0.983705408798188,-1.24087353906529E-16,
-0.179787843585685));
#4946=DIRECTION('ref_axis',(1.22065401201307E-16,1.,-2.23093977751085E-17));
#4947=DIRECTION('',(1.22065401201307E-16,1.,-2.23093977751085E-17));
#4948=DIRECTION('',(0.,-1.,0.));
#4949=DIRECTION('',(0.179787843585685,0.,0.983705408798187));
#4950=DIRECTION('center_axis',(0.,1.,0.));
#4951=DIRECTION('ref_axis',(-0.0530332136087294,0.,0.998592748949406));
#4952=DIRECTION('center_axis',(0.,-1.,0.));
#4953=DIRECTION('ref_axis',(-0.0530332136087294,0.,0.998592748949406));
#4954=DIRECTION('',(0.,1.,0.));
#4955=DIRECTION('center_axis',(0.,1.,0.));
#4956=DIRECTION('ref_axis',(-0.0530332136087294,0.,0.998592748949406));
#4957=DIRECTION('center_axis',(0.,1.,0.));
#4958=DIRECTION('ref_axis',(-0.530017764608951,0.,-0.847986538335917));
#4959=DIRECTION('center_axis',(0.,-1.,0.));
#4960=DIRECTION('ref_axis',(0.371889168196411,0.,0.928277138885894));
#4961=DIRECTION('center_axis',(0.,1.,0.));
#4962=DIRECTION('ref_axis',(0.371889168196411,0.,0.928277138885894));
#4963=DIRECTION('',(0.,1.,0.));
#4964=DIRECTION('center_axis',(0.179787843585685,0.,0.983705408798187));
#4965=DIRECTION('ref_axis',(0.983705408798188,0.,-0.179787843585685));
#4966=DIRECTION('',(-0.983705408798188,0.,0.179787843585685));
#4967=DIRECTION('',(0.,1.,0.));
#4968=DIRECTION('',(0.,1.,0.));
#4969=DIRECTION('',(0.983705408798188,0.,-0.179787843585685));
#4970=DIRECTION('center_axis',(0.779547417714366,0.,-0.626343215445704));
#4971=DIRECTION('ref_axis',(-0.626343215445704,0.,-0.779547417714366));
#4972=DIRECTION('',(-0.626343215445704,0.,-0.779547417714366));
#4973=DIRECTION('',(0.626343215445704,0.,0.779547417714366));
#4974=DIRECTION('',(0.,-1.,0.));
#4975=DIRECTION('center_axis',(0.426296317730902,0.,-0.904583577945716));
#4976=DIRECTION('ref_axis',(-0.904583577945716,0.,-0.426296317730902));
#4977=DIRECTION('',(-0.904583577945716,0.,-0.426296317730902));
#4978=DIRECTION('',(0.904583577945716,0.,0.426296317730902));
#4979=DIRECTION('',(0.,-1.,0.));
#4980=DIRECTION('center_axis',(0.222917875133641,0.,-0.974837227923669));
#4981=DIRECTION('ref_axis',(-0.974837227923668,0.,-0.222917875133641));
#4982=DIRECTION('',(-0.974837227923668,0.,-0.222917875133641));
#4983=DIRECTION('',(0.974837227923668,0.,0.222917875133641));
#4984=DIRECTION('',(0.,-1.,0.));
#4985=DIRECTION('center_axis',(0.130677651597368,0.,-0.991424909598804));
#4986=DIRECTION('ref_axis',(-0.991424909598804,0.,-0.130677651597368));
#4987=DIRECTION('',(-0.991424909598804,0.,-0.130677651597368));
#4988=DIRECTION('',(0.991424909598804,0.,0.130677651597368));
#4989=DIRECTION('',(0.,-1.,0.));
#4990=DIRECTION('center_axis',(0.0389547523882447,0.,-0.999240975574146));
#4991=DIRECTION('ref_axis',(-0.999240975574146,0.,-0.0389547523882447));
#4992=DIRECTION('',(-0.999240975574146,0.,-0.0389547523882447));
#4993=DIRECTION('',(0.999240975574146,0.,0.0389547523882447));
#4994=DIRECTION('',(0.,1.,0.));
#4995=DIRECTION('center_axis',(0.,1.,0.));
#4996=DIRECTION('ref_axis',(-0.0819398689550405,0.,0.996637274978029));
#4997=DIRECTION('center_axis',(0.,1.,0.));
#4998=DIRECTION('ref_axis',(-0.0819398689550405,0.,0.996637274978029));
#4999=DIRECTION('',(0.,-1.,0.));
#5000=DIRECTION('center_axis',(0.,-1.,0.));
#5001=DIRECTION('ref_axis',(-0.0819398689550405,0.,0.996637274978029));
#5002=DIRECTION('',(0.,1.,0.));
#5003=DIRECTION('center_axis',(-0.31191905159491,0.,0.950108680758224));
#5004=DIRECTION('ref_axis',(0.950108680758224,0.,0.31191905159491));
#5005=DIRECTION('',(0.950108680758224,0.,0.31191905159491));
#5006=DIRECTION('',(-0.950108680758224,0.,-0.31191905159491));
#5007=DIRECTION('',(0.,-1.,0.));
#5008=DIRECTION('center_axis',(0.,1.,0.));
#5009=DIRECTION('ref_axis',(-0.0530332136087294,0.,0.998592748949406));
#5010=DIRECTION('',(0.,-1.,0.));
#5011=DIRECTION('center_axis',(0.,1.,0.));
#5012=DIRECTION('ref_axis',(-0.0530332136087294,0.,0.998592748949406));
#5013=DIRECTION('center_axis',(0.,-1.,0.));
#5014=DIRECTION('ref_axis',(-0.0530332136087294,0.,0.998592748949406));
#5015=DIRECTION('center_axis',(0.179787843585685,0.,0.983705408798187));
#5016=DIRECTION('ref_axis',(0.983705408798188,0.,-0.179787843585685));
#5017=DIRECTION('',(-0.983705408798188,0.,0.179787843585685));
#5018=DIRECTION('',(-0.983705408798188,0.,0.179787843585685));
#5019=DIRECTION('center_axis',(0.,1.,0.));
#5020=DIRECTION('ref_axis',(0.109475710781799,0.,-0.993989471145857));
#5021=DIRECTION('center_axis',(0.,1.,0.));
#5022=DIRECTION('ref_axis',(0.109475710781799,0.,-0.993989471145857));
#5023=DIRECTION('center_axis',(0.,-1.,0.));
#5024=DIRECTION('ref_axis',(0.109475710781799,0.,-0.993989471145857));
#5025=DIRECTION('center_axis',(0.,-1.,0.));
#5026=DIRECTION('ref_axis',(0.109475710781799,0.,-0.993989471145857));
#5027=DIRECTION('',(0.,1.,0.));
#5028=DIRECTION('center_axis',(0.,1.,0.));
#5029=DIRECTION('ref_axis',(0.109475710781799,0.,-0.993989471145857));
#5030=DIRECTION('center_axis',(0.,1.,0.));
#5031=DIRECTION('ref_axis',(0.,0.,1.));
#5032=DIRECTION('center_axis',(0.,-1.,0.));
#5033=DIRECTION('ref_axis',(-0.20086031221408,0.,-0.979619893110211));
#5034=DIRECTION('center_axis',(0.,-1.,0.));
#5035=DIRECTION('ref_axis',(0.029576468879056,0.,-0.999562520550189));
#5036=DIRECTION('center_axis',(0.,1.,0.));
#5037=DIRECTION('ref_axis',(-0.20086031221408,0.,-0.979619893110211));
#5038=DIRECTION('center_axis',(0.,1.,0.));
#5039=DIRECTION('ref_axis',(-0.20086031221408,0.,-0.979619893110211));
#5040=DIRECTION('center_axis',(0.,1.,0.));
#5041=DIRECTION('ref_axis',(0.,0.,1.));
#5042=DIRECTION('center_axis',(0.,1.,0.));
#5043=DIRECTION('ref_axis',(0.029576468879056,0.,-0.999562520550189));
#5044=DIRECTION('center_axis',(0.,1.,0.));
#5045=DIRECTION('ref_axis',(0.029576468879056,0.,-0.999562520550189));
#5046=DIRECTION('center_axis',(0.,0.,1.));
#5047=DIRECTION('ref_axis',(1.,0.,0.));
#5048=DIRECTION('center_axis',(0.,1.,0.));
#5049=DIRECTION('ref_axis',(0.109475710781799,0.,-0.993989471145857));
#5050=DIRECTION('',(0.,1.,0.));
#5051=DIRECTION('center_axis',(0.,1.,0.));
#5052=DIRECTION('ref_axis',(0.109475710781799,0.,-0.993989471145857));
#5053=DIRECTION('center_axis',(0.,1.,0.));
#5054=DIRECTION('ref_axis',(0.109475710781799,0.,-0.993989471145857));
#5055=DIRECTION('',(0.,1.,0.));
#5056=DIRECTION('center_axis',(0.,1.,0.));
#5057=DIRECTION('ref_axis',(0.,0.,1.));
#5058=DIRECTION('center_axis',(0.,1.,0.));
#5059=DIRECTION('ref_axis',(-0.20086031221408,0.,-0.979619893110211));
#5060=DIRECTION('center_axis',(0.,1.,0.));
#5061=DIRECTION('ref_axis',(0.029576468879056,0.,-0.999562520550189));
#5062=DIRECTION('',(-2.64663119809727E-16,0.,-1.));
#5063=DIRECTION('',(-1.,0.,2.74008141136668E-16));
#5064=DIRECTION('',(-0.999240975574146,0.,-0.0389547523882447));
#5065=DIRECTION('',(-0.991424909598804,0.,-0.130677651597368));
#5066=DIRECTION('',(-0.974837227923668,0.,-0.222917875133641));
#5067=DIRECTION('',(-0.904583577945716,0.,-0.426296317730902));
#5068=DIRECTION('',(-0.626343215445704,0.,-0.779547417714366));
#5069=DIRECTION('',(0.983705408798188,0.,-0.179787843585685));
#5070=DIRECTION('center_axis',(0.,-1.,0.));
#5071=DIRECTION('ref_axis',(0.371889168196411,0.,0.928277138885894));
#5072=DIRECTION('center_axis',(0.,1.,0.));
#5073=DIRECTION('ref_axis',(-0.0530332136087293,0.,0.998592748949406));
#5074=DIRECTION('',(-0.179787843585685,0.,-0.983705408798187));
#5075=DIRECTION('',(-0.983705408798188,0.,0.179787843585685));
#5076=DIRECTION('center_axis',(0.,1.,0.));
#5077=DIRECTION('ref_axis',(-0.0530332136087293,0.,0.998592748949406));
#5078=DIRECTION('',(0.950108680758224,0.,0.31191905159491));
#5079=DIRECTION('center_axis',(0.,1.,0.));
#5080=DIRECTION('ref_axis',(-0.0819398689550405,0.,0.996637274978029));
#5081=DIRECTION('center_axis',(-0.492119718658325,-0.870527531160072,1.30245940059998E-16));
#5082=DIRECTION('ref_axis',(-0.870527531160072,0.492119718658325,2.20183043650583E-16));
#5083=DIRECTION('',(0.870527531160072,-0.492119718658325,-2.38531630621465E-16));
#5084=DIRECTION('',(0.,1.49617255512219E-16,1.));
#5085=DIRECTION('center_axis',(1.,0.,0.));
#5086=DIRECTION('ref_axis',(0.,0.,1.));
#5087=DIRECTION('',(0.,-1.,0.));
#5088=DIRECTION('center_axis',(-2.74008141136668E-16,0.,-1.));
#5089=DIRECTION('ref_axis',(1.,0.,-2.74008141136668E-16));
#5090=DIRECTION('center_axis',(0.,0.,-1.));
#5091=DIRECTION('ref_axis',(1.,0.,0.));
#5092=DIRECTION('center_axis',(0.,0.,-1.));
#5093=DIRECTION('ref_axis',(1.,0.,0.));
#5094=DIRECTION('',(0.,0.,1.));
#5095=DIRECTION('center_axis',(0.,0.,1.));
#5096=DIRECTION('ref_axis',(1.,0.,0.));
#5097=DIRECTION('',(-0.195707055594784,0.689902787536142,-0.696945401118539));
#5098=DIRECTION('',(-0.195707055594784,-0.689902787536142,-0.696945401118539));
#5099=DIRECTION('center_axis',(0.92688058511231,-0.334955631605552,-0.169402201277281));
#5100=DIRECTION('ref_axis',(0.329497666517795,0.942233901351318,-0.0602209507032434));
#5101=DIRECTION('center_axis',(0.92688058511231,-0.334955631605552,-0.169402201277281));
#5102=DIRECTION('ref_axis',(-0.329497666517795,-0.942233901351318,0.0602209507032435));
#5103=DIRECTION('',(0.179787843585685,0.,0.983705408798187));
#5104=DIRECTION('',(0.329497666517795,0.942233901351318,-0.0602209507032434));
#5105=DIRECTION('',(0.179787843585685,0.,0.983705408798187));
#5106=DIRECTION('center_axis',(0.179787843585685,0.,0.983705408798187));
#5107=DIRECTION('ref_axis',(0.983705408798188,0.,-0.179787843585685));
#5108=DIRECTION('',(0.,1.,0.));
#5109=DIRECTION('',(1.22065401201307E-16,1.,-2.23093977751085E-17));
#5110=DIRECTION('',(0.262188147084476,0.963826301217123,-0.0479190631223977));
#5111=DIRECTION('',(0.983705408798188,0.,-0.179787843585685));
#5112=DIRECTION('center_axis',(0.179787843585685,0.,0.983705408798187));
#5113=DIRECTION('ref_axis',(-0.983705408798188,0.,0.179787843585685));
#5114=DIRECTION('',(-6.3199915519675E-16,-1.,1.15507919591107E-16));
#5115=DIRECTION('center_axis',(0.179787843585685,-2.46519032881566E-32,
0.983705408798187));
#5116=DIRECTION('ref_axis',(-7.33821241311781E-16,1.,1.34117528858563E-16));
#5117=DIRECTION('',(-0.983705408798188,0.,0.179787843585685));
#5118=DIRECTION('',(-0.262188147084476,0.963826301217123,0.0479190631223977));
#5119=DIRECTION('',(-1.22065401201307E-16,1.,2.23093977751085E-17));
#5120=DIRECTION('center_axis',(0.948121145649235,0.266531163435196,-0.173284252286994));
#5121=DIRECTION('ref_axis',(-0.262188147084476,0.963826301217123,0.0479190631223977));
#5122=DIRECTION('',(0.179787843585685,0.,0.983705408798187));
#5123=DIRECTION('',(-0.262188147084476,0.963826301217123,0.0479190631223977));
#5124=DIRECTION('',(0.179787843585685,0.,0.983705408798187));
#5125=DIRECTION('center_axis',(0.983705408798188,1.24087353906529E-16,-0.179787843585685));
#5126=DIRECTION('ref_axis',(-1.22065401201307E-16,1.,2.23093977751085E-17));
#5127=DIRECTION('',(-1.22065401201307E-16,1.,2.23093977751085E-17));
#5128=DIRECTION('center_axis',(0.92688058511231,0.334955631605552,-0.169402201277281));
#5129=DIRECTION('ref_axis',(-0.329497666517795,0.942233901351318,0.0602209507032434));
#5130=DIRECTION('center_axis',(0.92688058511231,0.334955631605552,-0.169402201277281));
#5131=DIRECTION('ref_axis',(-0.329497666517795,0.942233901351318,0.0602209507032435));
#5132=DIRECTION('',(-0.329497666517795,0.942233901351318,0.0602209507032434));
#5133=DIRECTION('',(0.179787843585685,0.,0.983705408798187));
#5134=DIRECTION('center_axis',(0.983705408798188,-1.24087353906529E-16,
-0.179787843585685));
#5135=DIRECTION('ref_axis',(1.22065401201307E-16,1.,-2.23093977751085E-17));
#5136=DIRECTION('',(1.22065401201307E-16,1.,-2.23093977751085E-17));
#5137=DIRECTION('',(0.179787843585685,0.,0.983705408798187));
#5138=DIRECTION('center_axis',(0.948121145649235,-0.266531163435196,-0.173284252286994));
#5139=DIRECTION('ref_axis',(0.262188147084476,0.963826301217123,-0.0479190631223977));
#5140=DIRECTION('',(0.262188147084476,0.963826301217123,-0.0479190631223977));
#5141=DIRECTION('',(0.179787843585685,0.,0.983705408798187));
#5142=DIRECTION('center_axis',(0.,-1.,0.));
#5143=DIRECTION('ref_axis',(0.983705408798188,0.,-0.179787843585685));
#5144=DIRECTION('',(0.983705408798188,0.,-0.179787843585685));
#5145=DIRECTION('',(0.179787843585685,0.,0.983705408798187));
#5146=DIRECTION('center_axis',(0.179787843585685,0.,0.983705408798188));
#5147=DIRECTION('ref_axis',(-0.983705408798187,0.,0.179787843585685));
#5148=DIRECTION('center_axis',(0.179787843585685,0.,0.983705408798187));
#5149=DIRECTION('ref_axis',(-0.983705408798188,0.,0.179787843585685));
#5150=DIRECTION('',(0.179787843585685,0.,0.983705408798187));
#5151=DIRECTION('center_axis',(-0.983705408798188,6.42467907103282E-16,
0.179787843585685));
#5152=DIRECTION('ref_axis',(-6.3199915519675E-16,-1.,1.15507919591107E-16));
#5153=DIRECTION('',(-6.3199915519675E-16,-1.,1.15507919591107E-16));
#5154=DIRECTION('',(0.179787843585685,0.,0.983705408798187));
#5155=DIRECTION('center_axis',(0.179787843585685,0.,0.983705408798188));
#5156=DIRECTION('ref_axis',(-7.33821241311781E-16,1.,1.34117528858564E-16));
#5157=DIRECTION('center_axis',(0.179787843585685,-2.46519032881566E-32,
0.983705408798187));
#5158=DIRECTION('ref_axis',(-7.33821241311781E-16,1.,1.34117528858564E-16));
#5159=DIRECTION('',(0.179787843585685,0.,0.983705408798187));
#5160=DIRECTION('center_axis',(0.,1.,0.));
#5161=DIRECTION('ref_axis',(-0.983705408798188,0.,0.179787843585685));
#5162=DIRECTION('',(-0.983705408798188,0.,0.179787843585685));
#5163=DIRECTION('center_axis',(0.179787843585685,0.,0.983705408798187));
#5164=DIRECTION('ref_axis',(0.983705408798188,0.,-0.179787843585685));
#5165=DIRECTION('center_axis',(0.,1.,0.));
#5166=DIRECTION('ref_axis',(-0.0530332136087293,0.,0.998592748949406));
#5167=DIRECTION('',(0.,1.,0.));
#5168=DIRECTION('center_axis',(0.,1.,0.));
#5169=DIRECTION('ref_axis',(-0.0530332136087293,0.,0.998592748949406));
#5170=DIRECTION('',(0.,1.,0.));
#5171=DIRECTION('center_axis',(-0.858495955145402,0.,0.512820334034234));
#5172=DIRECTION('ref_axis',(0.512820334034234,7.14619399287923E-17,0.858495955145402));
#5173=DIRECTION('',(-0.512820334034234,-7.14619399287924E-17,-0.858495955145402));
#5174=DIRECTION('',(1.45909784404707E-14,-1.,-2.73701245945294E-15));
#5175=DIRECTION('',(0.512820334034234,7.14619399287923E-17,0.858495955145402));
#5176=DIRECTION('',(0.,1.,0.));
#5177=DIRECTION('center_axis',(-2.00782872198692E-16,1.,3.66962703454535E-17));
#5178=DIRECTION('ref_axis',(-0.983705408798188,-2.04108740688935E-16,0.179787843585685));
#5179=DIRECTION('',(0.983705408798188,2.04108740688935E-16,-0.179787843585685));
#5180=DIRECTION('',(0.9947875200766,1.95994393195562E-16,0.101969553788606));
#5181=DIRECTION('center_axis',(2.00782872198692E-16,-1.,-3.66962703454535E-17));
#5182=DIRECTION('ref_axis',(0.101969553788606,1.95043342656149E-17,-0.9947875200766));
#5183=DIRECTION('',(0.629230393951102,9.78176534306788E-17,0.777218831043189));
#5184=DIRECTION('center_axis',(2.00782872198692E-16,-1.,-3.66962703454535E-17));
#5185=DIRECTION('ref_axis',(0.121101597604007,6.88593808126081E-15,0.992640117594366));
#5186=DIRECTION('',(0.983705408798188,1.7084792694659E-14,-0.179787843585685));
#5187=DIRECTION('center_axis',(0.179787843585685,-6.9133410694436E-17,0.983705408798187));
#5188=DIRECTION('ref_axis',(1.45909784404707E-14,-1.,-2.73701245945294E-15));
#5189=DIRECTION('',(1.46095905312224E-14,-1.,-2.63517679594905E-15));
#5190=DIRECTION('',(0.983705408798188,1.7084792694659E-14,-0.179787843585685));
#5191=DIRECTION('center_axis',(4.61119966928567E-15,-1.,5.45944362451775E-15));
#5192=DIRECTION('ref_axis',(0.121101597604007,6.88593808126081E-15,0.992640117594366));
#5193=DIRECTION('',(4.61119966928567E-15,-1.,5.45944362451775E-15));
#5194=DIRECTION('center_axis',(-2.00782872198692E-16,1.,3.66962703454535E-17));
#5195=DIRECTION('ref_axis',(0.121101597604007,6.88593808126081E-15,0.992640117594366));
#5196=DIRECTION('center_axis',(0.777218831043189,1.48663354059814E-16,-0.629230393951102));
#5197=DIRECTION('ref_axis',(-0.629230393951102,-9.78176534306787E-17,-0.777218831043189));
#5198=DIRECTION('',(-1.912760578128E-16,1.,0.));
#5199=DIRECTION('',(-0.629230393951102,-9.78176534306787E-17,-0.777218831043189));
#5200=DIRECTION('center_axis',(-1.912760578128E-16,1.,0.));
#5201=DIRECTION('ref_axis',(0.101969553788606,1.95043342656149E-17,-0.9947875200766));
#5202=DIRECTION('',(-1.912760578128E-16,1.,0.));
#5203=DIRECTION('center_axis',(-2.00782872198692E-16,1.,3.66962703454535E-17));
#5204=DIRECTION('ref_axis',(0.101969553788606,1.95043342656149E-17,-0.9947875200766));
#5205=DIRECTION('center_axis',(0.101969553788606,1.95043342656148E-17,-0.9947875200766));
#5206=DIRECTION('ref_axis',(-0.9947875200766,-1.95994393195562E-16,-0.101969553788606));
#5207=DIRECTION('',(0.,1.,0.));
#5208=DIRECTION('',(-0.9947875200766,-1.95994393195562E-16,-0.101969553788606));
#5209=DIRECTION('center_axis',(2.00782872198692E-16,-1.,-3.66962703454535E-17));
#5210=DIRECTION('ref_axis',(0.983705408798188,2.04108740688935E-16,-0.179787843585685));
#5211=DIRECTION('',(-0.983705408798188,-2.04108740688935E-16,0.179787843585685));
#5212=DIRECTION('center_axis',(0.179787843585685,0.,0.983705408798187));
#5213=DIRECTION('ref_axis',(0.983705408798188,0.,-0.179787843585685));
#5214=DIRECTION('',(0.,1.,0.));
#5215=DIRECTION('',(0.,1.,0.));
#5216=DIRECTION('',(0.,1.,0.));
#5217=DIRECTION('center_axis',(0.,1.,0.));
#5218=DIRECTION('ref_axis',(0.029576468879056,0.,-0.999562520550189));
#5219=DIRECTION('',(0.,1.,0.));
#5220=DIRECTION('center_axis',(0.0389547523882447,0.,-0.999240975574146));
#5221=DIRECTION('ref_axis',(-0.999240975574146,0.,-0.0389547523882447));
#5222=DIRECTION('',(0.,1.,0.));
#5223=DIRECTION('center_axis',(0.130677651597368,0.,-0.991424909598804));
#5224=DIRECTION('ref_axis',(-0.991424909598804,0.,-0.130677651597368));
#5225=DIRECTION('',(0.,1.,0.));
#5226=DIRECTION('center_axis',(0.222917875133641,0.,-0.974837227923669));
#5227=DIRECTION('ref_axis',(-0.974837227923668,0.,-0.222917875133641));
#5228=DIRECTION('',(0.,1.,0.));
#5229=DIRECTION('center_axis',(0.426296317730902,0.,-0.904583577945716));
#5230=DIRECTION('ref_axis',(-0.904583577945716,0.,-0.426296317730902));
#5231=DIRECTION('',(0.,1.,0.));
#5232=DIRECTION('center_axis',(0.779547417714366,0.,-0.626343215445704));
#5233=DIRECTION('ref_axis',(-0.626343215445704,0.,-0.779547417714366));
#5234=DIRECTION('center_axis',(0.,1.,0.));
#5235=DIRECTION('ref_axis',(0.371889168196411,0.,0.928277138885894));
#5236=DIRECTION('center_axis',(-0.31191905159491,0.,0.950108680758224));
#5237=DIRECTION('ref_axis',(0.950108680758224,0.,0.31191905159491));
#5238=DIRECTION('',(0.,1.,0.));
#5239=DIRECTION('center_axis',(0.,1.,0.));
#5240=DIRECTION('ref_axis',(-0.0819398689550405,0.,0.996637274978029));
#5241=DIRECTION('center_axis',(0.,1.,0.));
#5242=DIRECTION('ref_axis',(-0.20086031221408,0.,-0.979619893110211));
#5243=DIRECTION('center_axis',(0.,1.,0.));
#5244=DIRECTION('ref_axis',(1.83697019872103E-16,0.,-1.));
#5245=DIRECTION('',(0.,1.,0.));
#5246=DIRECTION('',(0.,1.,0.));
#5247=DIRECTION('center_axis',(-2.3687765828934E-16,-1.,0.));
#5248=DIRECTION('ref_axis',(-1.,0.,0.));
#5249=DIRECTION('',(0.,1.,0.));
#5250=DIRECTION('center_axis',(1.80478215839497E-16,1.,0.));
#5251=DIRECTION('ref_axis',(-1.,0.,0.));
#5252=DIRECTION('',(0.,1.,0.));
#5253=DIRECTION('center_axis',(0.,1.,0.));
#5254=DIRECTION('ref_axis',(1.83697019872103E-16,0.,-1.));
#5255=DIRECTION('center_axis',(1.80478215839497E-16,1.,0.));
#5256=DIRECTION('ref_axis',(-1.,0.,0.));
#5257=DIRECTION('center_axis',(-2.3687765828934E-16,-1.,0.));
#5258=DIRECTION('ref_axis',(-1.,0.,0.));
#5259=DIRECTION('center_axis',(1.80478215839497E-16,1.,0.));
#5260=DIRECTION('ref_axis',(1.,-1.80478215839497E-16,0.));
#5261=DIRECTION('center_axis',(-2.3687765828934E-16,-1.,0.));
#5262=DIRECTION('ref_axis',(-1.,2.3687765828934E-16,0.));
#5263=DIRECTION('center_axis',(0.,0.,-1.));
#5264=DIRECTION('ref_axis',(-1.,0.,0.));
#5265=DIRECTION('',(-2.23792987640977E-16,-1.,0.));
#5266=DIRECTION('',(1.,-1.11896493820488E-16,0.));
#5267=DIRECTION('',(4.47585975281953E-16,1.,0.));
#5268=DIRECTION('',(-1.,0.,0.));
#5269=DIRECTION('center_axis',(0.,0.,-1.));
#5270=DIRECTION('ref_axis',(1.,0.,0.));
#5271=DIRECTION('center_axis',(0.,0.,-1.));
#5272=DIRECTION('ref_axis',(-1.,0.,0.));
#5273=DIRECTION('',(-2.23792987640977E-16,-1.,0.));
#5274=DIRECTION('',(-1.,0.,0.));
#5275=DIRECTION('',(4.47585975281953E-16,1.,0.));
#5276=DIRECTION('',(1.,-1.11896493820488E-16,0.));
#5277=DIRECTION('',(2.23792987640977E-16,1.,0.));
#5278=DIRECTION('',(-1.,1.11896493820488E-16,0.));
#5279=DIRECTION('',(-4.47585975281953E-16,-1.,0.));
#5280=DIRECTION('',(1.,0.,0.));
#5281=DIRECTION('center_axis',(0.,0.,-1.));
#5282=DIRECTION('ref_axis',(1.,0.,0.));
#5283=DIRECTION('center_axis',(0.,0.,-1.));
#5284=DIRECTION('ref_axis',(1.,0.,0.));
#5285=DIRECTION('',(0.,0.,1.));
#5286=DIRECTION('center_axis',(0.,0.,-1.));
#5287=DIRECTION('ref_axis',(1.,0.,0.));
#5288=DIRECTION('center_axis',(0.,0.,-1.));
#5289=DIRECTION('ref_axis',(1.,0.,0.));
#5290=DIRECTION('center_axis',(1.11896493820488E-16,1.,0.));
#5291=DIRECTION('ref_axis',(1.,-1.11896493820488E-16,0.));
#5292=DIRECTION('center_axis',(-1.11896493820488E-16,-1.,0.));
#5293=DIRECTION('ref_axis',(0.707106781186549,0.,0.707106781186546));
#5294=DIRECTION('',(0.,0.,-1.));
#5295=DIRECTION('',(0.,0.,-1.));
#5296=DIRECTION('center_axis',(-1.11896493820488E-16,-1.,0.));
#5297=DIRECTION('ref_axis',(-0.707106781186549,0.,0.707106781186546));
#5298=DIRECTION('center_axis',(-1.,4.47585975281953E-16,0.));
#5299=DIRECTION('ref_axis',(4.47585975281953E-16,1.,0.));
#5300=DIRECTION('',(-4.47585975281953E-16,-1.,0.));
#5301=DIRECTION('',(0.,0.,-1.));
#5302=DIRECTION('center_axis',(4.47585975281953E-16,1.,0.));
#5303=DIRECTION('ref_axis',(-0.707106781186549,0.,0.707106781186546));
#5304=DIRECTION('center_axis',(0.,1.,0.));
#5305=DIRECTION('ref_axis',(-0.707106781186549,0.,0.707106781186546));
#5306=DIRECTION('center_axis',(0.,-1.,0.));
#5307=DIRECTION('ref_axis',(-1.,0.,0.));
#5308=DIRECTION('center_axis',(0.,1.,0.));
#5309=DIRECTION('ref_axis',(0.707106781186549,0.,0.707106781186546));
#5310=DIRECTION('',(0.,0.,-1.));
#5311=DIRECTION('center_axis',(1.,-2.23792987640977E-16,0.));
#5312=DIRECTION('ref_axis',(-2.23792987640977E-16,-1.,0.));
#5313=DIRECTION('',(2.23792987640977E-16,1.,0.));
#5314=DIRECTION('center_axis',(-2.23792987640977E-16,-1.,0.));
#5315=DIRECTION('ref_axis',(0.707106781186549,0.,0.707106781186546));
#5316=DIRECTION('center_axis',(1.11896493820488E-16,1.,0.));
#5317=DIRECTION('ref_axis',(1.,-1.11896493820488E-16,0.));
#5318=DIRECTION('center_axis',(-1.11896493820488E-16,-1.,0.));
#5319=DIRECTION('ref_axis',(0.707106781186549,0.,0.707106781186546));
#5320=DIRECTION('',(-1.,1.11896493820488E-16,0.));
#5321=DIRECTION('center_axis',(-1.11896493820488E-16,-1.,0.));
#5322=DIRECTION('ref_axis',(-0.707106781186549,0.,0.707106781186547));
#5323=DIRECTION('',(0.,0.,-1.));
#5324=DIRECTION('',(0.,0.,1.));
#5325=DIRECTION('center_axis',(-1.,4.47585975281953E-16,0.));
#5326=DIRECTION('ref_axis',(4.47585975281953E-16,1.,0.));
#5327=DIRECTION('',(-4.47585975281953E-16,-1.,0.));
#5328=DIRECTION('',(0.,0.,-1.));
#5329=DIRECTION('center_axis',(4.47585975281953E-16,1.,0.));
#5330=DIRECTION('ref_axis',(-0.707106781186549,0.,0.707106781186547));
#5331=DIRECTION('',(4.47585975281953E-16,1.,0.));
#5332=DIRECTION('center_axis',(0.,-1.,0.));
#5333=DIRECTION('ref_axis',(-0.707106781186549,0.,0.707106781186547));
#5334=DIRECTION('center_axis',(0.,-1.,0.));
#5335=DIRECTION('ref_axis',(-1.,0.,0.));
#5336=DIRECTION('center_axis',(0.,1.,0.));
#5337=DIRECTION('ref_axis',(0.707106781186549,0.,0.707106781186546));
#5338=DIRECTION('',(0.,0.,-1.));
#5339=DIRECTION('',(1.,0.,0.));
#5340=DIRECTION('center_axis',(1.,-2.23792987640977E-16,0.));
#5341=DIRECTION('ref_axis',(-2.23792987640977E-16,-1.,0.));
#5342=DIRECTION('',(2.23792987640977E-16,1.,0.));
#5343=DIRECTION('center_axis',(-2.23792987640977E-16,-1.,0.));
#5344=DIRECTION('ref_axis',(0.707106781186549,0.,0.707106781186546));
#5345=DIRECTION('',(-2.23792987640977E-16,-1.,0.));
#5346=DIRECTION('center_axis',(0.,0.,-1.));
#5347=DIRECTION('ref_axis',(-1.,0.,0.));
#5348=DIRECTION('',(0.,1.,0.));
#5349=DIRECTION('',(0.,1.,0.));
#5350=DIRECTION('center_axis',(0.,1.,0.));
#5351=DIRECTION('ref_axis',(1.83697019872103E-16,0.,-1.));
#5352=DIRECTION('',(0.,1.,0.));
#5353=DIRECTION('',(0.,1.,0.));
#5354=DIRECTION('center_axis',(-1.24078773389654E-16,-1.,0.));
#5355=DIRECTION('ref_axis',(-1.,0.,0.));
#5356=DIRECTION('',(0.,1.,0.));
#5357=DIRECTION('center_axis',(2.70717323759246E-16,1.,0.));
#5358=DIRECTION('ref_axis',(-1.,0.,0.));
#5359=DIRECTION('',(0.,1.,0.));
#5360=DIRECTION('center_axis',(-1.24078773389654E-16,-1.,0.));
#5361=DIRECTION('ref_axis',(-1.,1.24078773389654E-16,0.));
#5362=DIRECTION('center_axis',(-1.24078773389654E-16,-1.,0.));
#5363=DIRECTION('ref_axis',(-1.,0.,0.));
#5364=DIRECTION('center_axis',(2.70717323759246E-16,1.,0.));
#5365=DIRECTION('ref_axis',(1.,-2.70717323759246E-16,0.));
#5366=DIRECTION('center_axis',(2.70717323759246E-16,1.,0.));
#5367=DIRECTION('ref_axis',(-1.,0.,0.));
#5368=DIRECTION('center_axis',(0.,1.,0.));
#5369=DIRECTION('ref_axis',(1.83697019872103E-16,0.,-1.));
#5370=DIRECTION('center_axis',(0.,0.,1.));
#5371=DIRECTION('ref_axis',(1.,0.,0.));
#5372=DIRECTION('center_axis',(0.,0.,-1.));
#5373=DIRECTION('ref_axis',(-1.,0.,0.));
#5374=DIRECTION('',(-2.23792987640977E-16,-1.,0.));
#5375=DIRECTION('',(-1.,-2.79741234551221E-17,0.));
#5376=DIRECTION('',(2.23792987640976E-16,1.,0.));
#5377=DIRECTION('',(1.,-8.39223703653662E-17,0.));
#5378=DIRECTION('',(0.,1.,0.));
#5379=DIRECTION('',(0.,1.,0.));
#5380=DIRECTION('center_axis',(0.,0.,1.));
#5381=DIRECTION('ref_axis',(1.,0.,0.));
#5382=DIRECTION('center_axis',(0.,0.,1.));
#5383=DIRECTION('ref_axis',(1.,0.,0.));
#5384=DIRECTION('center_axis',(0.,0.,-1.));
#5385=DIRECTION('ref_axis',(1.,0.,0.));
#5386=DIRECTION('center_axis',(0.,0.,-1.));
#5387=DIRECTION('ref_axis',(-1.,0.,0.));
#5388=DIRECTION('',(-2.23792987640977E-16,-1.,0.));
#5389=DIRECTION('',(-1.,-2.79741234551221E-17,0.));
#5390=DIRECTION('',(2.23792987640976E-16,1.,0.));
#5391=DIRECTION('',(1.,-8.39223703653662E-17,0.));
#5392=DIRECTION('',(-1.,8.39223703653662E-17,0.));
#5393=DIRECTION('',(-2.23792987640976E-16,-1.,0.));
#5394=DIRECTION('',(1.,2.79741234551221E-17,0.));
#5395=DIRECTION('',(2.23792987640977E-16,1.,0.));
#5396=DIRECTION('center_axis',(1.,-2.23792987640977E-16,0.));
#5397=DIRECTION('ref_axis',(-2.23792987640977E-16,-1.,0.));
#5398=DIRECTION('',(2.23792987640977E-16,1.,0.));
#5399=DIRECTION('',(0.,0.,-1.));
#5400=DIRECTION('',(0.,0.,-1.));
#5401=DIRECTION('center_axis',(2.79741234551221E-17,-1.,0.));
#5402=DIRECTION('ref_axis',(-1.,-2.79741234551221E-17,0.));
#5403=DIRECTION('center_axis',(-2.79741234551221E-17,1.,0.));
#5404=DIRECTION('ref_axis',(0.707106781186547,0.,0.707106781186547));
#5405=DIRECTION('',(-1.,-2.79741234551221E-17,0.));
#5406=DIRECTION('center_axis',(-2.79741234551221E-17,1.,0.));
#5407=DIRECTION('ref_axis',(-0.707106781186548,0.,0.707106781186548));
#5408=DIRECTION('',(0.,0.,-1.));
#5409=DIRECTION('center_axis',(-1.,2.23792987640976E-16,0.));
#5410=DIRECTION('ref_axis',(2.23792987640976E-16,1.,0.));
#5411=DIRECTION('',(-2.23792987640976E-16,-1.,0.));
#5412=DIRECTION('',(0.,0.,-1.));
#5413=DIRECTION('center_axis',(2.23792987640976E-16,1.,0.));
#5414=DIRECTION('ref_axis',(-0.707106781186548,0.,0.707106781186548));
#5415=DIRECTION('center_axis',(-8.39223703653662E-17,-1.,0.));
#5416=DIRECTION('ref_axis',(-0.707106781186548,0.,0.707106781186548));
#5417=DIRECTION('',(2.23792987640976E-16,1.,0.));
#5418=DIRECTION('center_axis',(8.39223703653662E-17,1.,0.));
#5419=DIRECTION('ref_axis',(1.,-8.39223703653662E-17,0.));
#5420=DIRECTION('center_axis',(-8.39223703653662E-17,-1.,0.));
#5421=DIRECTION('ref_axis',(0.707106781186547,0.,0.707106781186547));
#5422=DIRECTION('',(1.,-8.39223703653662E-17,0.));
#5423=DIRECTION('center_axis',(0.,0.,-1.));
#5424=DIRECTION('ref_axis',(-1.,0.,0.));
#5425=DIRECTION('',(-2.23792987640977E-16,-1.,0.));
#5426=DIRECTION('center_axis',(-2.23792987640977E-16,-1.,0.));
#5427=DIRECTION('ref_axis',(0.707106781186547,0.,0.707106781186547));
#5428=DIRECTION('center_axis',(1.,-2.23792987640977E-16,0.));
#5429=DIRECTION('ref_axis',(-2.23792987640977E-16,-1.,0.));
#5430=DIRECTION('',(2.23792987640977E-16,1.,0.));
#5431=DIRECTION('',(0.,0.,-1.));
#5432=DIRECTION('',(0.,0.,1.));
#5433=DIRECTION('center_axis',(2.79741234551221E-17,-1.,0.));
#5434=DIRECTION('ref_axis',(-1.,-2.79741234551221E-17,0.));
#5435=DIRECTION('center_axis',(-2.79741234551221E-17,1.,0.));
#5436=DIRECTION('ref_axis',(0.707106781186547,0.,0.707106781186547));
#5437=DIRECTION('',(0.,0.,1.));
#5438=DIRECTION('center_axis',(-2.79741234551221E-17,1.,0.));
#5439=DIRECTION('ref_axis',(-0.707106781186548,0.,0.707106781186548));
#5440=DIRECTION('center_axis',(-1.,2.23792987640976E-16,0.));
#5441=DIRECTION('ref_axis',(2.23792987640976E-16,1.,0.));
#5442=DIRECTION('',(-2.23792987640976E-16,-1.,0.));
#5443=DIRECTION('',(0.,0.,1.));
#5444=DIRECTION('center_axis',(2.23792987640976E-16,1.,0.));
#5445=DIRECTION('ref_axis',(-0.707106781186548,0.,0.707106781186548));
#5446=DIRECTION('center_axis',(8.39223703653662E-17,1.,0.));
#5447=DIRECTION('ref_axis',(-0.707106781186548,0.,0.707106781186548));
#5448=DIRECTION('center_axis',(8.39223703653662E-17,1.,0.));
#5449=DIRECTION('ref_axis',(1.,-8.39223703653662E-17,0.));
#5450=DIRECTION('center_axis',(-8.39223703653662E-17,-1.,0.));
#5451=DIRECTION('ref_axis',(0.707106781186547,0.,0.707106781186547));
#5452=DIRECTION('center_axis',(-2.23792987640977E-16,-1.,0.));
#5453=DIRECTION('ref_axis',(0.707106781186547,0.,0.707106781186547));
#5454=DIRECTION('center_axis',(0.,0.,1.));
#5455=DIRECTION('ref_axis',(1.,0.,0.));
#5456=DIRECTION('center_axis',(0.,0.,1.));
#5457=DIRECTION('ref_axis',(1.,0.,0.));
#5458=DIRECTION('center_axis',(0.,0.,1.));
#5459=DIRECTION('ref_axis',(-1.,0.,0.));
#5460=DIRECTION('',(-2.23792987640977E-16,1.,0.));
#5461=DIRECTION('',(1.,8.39223703653662E-17,0.));
#5462=DIRECTION('',(2.23792987640976E-16,-1.,0.));
#5463=DIRECTION('',(-1.,2.79741234551221E-17,0.));
#5464=DIRECTION('',(0.,-1.,0.));
#5465=DIRECTION('',(0.,-1.,0.));
#5466=DIRECTION('center_axis',(0.,0.,1.));
#5467=DIRECTION('ref_axis',(-1.,0.,0.));
#5468=DIRECTION('',(-2.23792987640977E-16,1.,0.));
#5469=DIRECTION('',(1.,8.39223703653662E-17,0.));
#5470=DIRECTION('',(2.23792987640976E-16,-1.,0.));
#5471=DIRECTION('',(-1.,2.79741234551221E-17,0.));
#5472=DIRECTION('',(-1.,-8.39223703653662E-17,0.));
#5473=DIRECTION('',(2.23792987640977E-16,-1.,0.));
#5474=DIRECTION('',(1.,-2.79741234551221E-17,0.));
#5475=DIRECTION('',(-2.23792987640976E-16,1.,0.));
#5476=DIRECTION('center_axis',(-1.,-2.23792987640977E-16,0.));
#5477=DIRECTION('ref_axis',(-2.23792987640977E-16,1.,0.));
#5478=DIRECTION('',(2.23792987640977E-16,-1.,0.));
#5479=DIRECTION('',(0.,0.,-1.));
#5480=DIRECTION('',(0.,0.,-1.));
#5481=DIRECTION('center_axis',(-2.79741234551221E-17,-1.,0.));
#5482=DIRECTION('ref_axis',(-1.,2.79741234551221E-17,0.));
#5483=DIRECTION('center_axis',(2.79741234551221E-17,1.,0.));
#5484=DIRECTION('ref_axis',(0.707106781186547,0.,0.707106781186547));
#5485=DIRECTION('',(0.,0.,-1.));
#5486=DIRECTION('center_axis',(2.79741234551221E-17,1.,0.));
#5487=DIRECTION('ref_axis',(-0.707106781186548,0.,0.707106781186548));
#5488=DIRECTION('',(-1.,2.79741234551221E-17,0.));
#5489=DIRECTION('center_axis',(1.,2.23792987640976E-16,0.));
#5490=DIRECTION('ref_axis',(2.23792987640976E-16,-1.,0.));
#5491=DIRECTION('',(-2.23792987640976E-16,1.,0.));
#5492=DIRECTION('',(0.,0.,-1.));
#5493=DIRECTION('center_axis',(-2.23792987640976E-16,1.,0.));
#5494=DIRECTION('ref_axis',(-0.707106781186548,0.,0.707106781186548));
#5495=DIRECTION('center_axis',(8.39223703653662E-17,-1.,0.));
#5496=DIRECTION('ref_axis',(-0.707106781186548,0.,0.707106781186548));
#5497=DIRECTION('',(2.23792987640976E-16,-1.,0.));
#5498=DIRECTION('center_axis',(-8.39223703653662E-17,1.,0.));
#5499=DIRECTION('ref_axis',(1.,8.39223703653662E-17,0.));
#5500=DIRECTION('center_axis',(8.39223703653662E-17,-1.,0.));
#5501=DIRECTION('ref_axis',(0.707106781186547,0.,0.707106781186547));
#5502=DIRECTION('',(1.,8.39223703653662E-17,0.));
#5503=DIRECTION('center_axis',(0.,0.,1.));
#5504=DIRECTION('ref_axis',(-1.,0.,0.));
#5505=DIRECTION('',(-2.23792987640977E-16,1.,0.));
#5506=DIRECTION('center_axis',(0.,0.,1.));
#5507=DIRECTION('ref_axis',(1.,0.,0.));
#5508=DIRECTION('center_axis',(2.23792987640977E-16,-1.,0.));
#5509=DIRECTION('ref_axis',(0.707106781186547,0.,0.707106781186547));
#5510=DIRECTION('center_axis',(-1.,-2.23792987640977E-16,0.));
#5511=DIRECTION('ref_axis',(-2.23792987640977E-16,1.,0.));
#5512=DIRECTION('',(2.23792987640977E-16,-1.,0.));
#5513=DIRECTION('',(0.,0.,1.));
#5514=DIRECTION('',(0.,0.,-1.));
#5515=DIRECTION('center_axis',(-2.79741234551221E-17,-1.,0.));
#5516=DIRECTION('ref_axis',(-1.,2.79741234551221E-17,0.));
#5517=DIRECTION('center_axis',(2.79741234551221E-17,1.,0.));
#5518=DIRECTION('ref_axis',(0.707106781186547,0.,0.707106781186547));
#5519=DIRECTION('center_axis',(2.79741234551221E-17,1.,0.));
#5520=DIRECTION('ref_axis',(-0.707106781186548,0.,0.707106781186548));
#5521=DIRECTION('',(0.,0.,1.));
#5522=DIRECTION('center_axis',(1.,2.23792987640976E-16,0.));
#5523=DIRECTION('ref_axis',(2.23792987640976E-16,-1.,0.));
#5524=DIRECTION('',(-2.23792987640976E-16,1.,0.));
#5525=DIRECTION('',(0.,0.,1.));
#5526=DIRECTION('center_axis',(-2.23792987640976E-16,1.,0.));
#5527=DIRECTION('ref_axis',(-0.707106781186548,0.,0.707106781186548));
#5528=DIRECTION('center_axis',(-8.39223703653662E-17,1.,0.));
#5529=DIRECTION('ref_axis',(-0.707106781186548,0.,0.707106781186548));
#5530=DIRECTION('center_axis',(-8.39223703653662E-17,1.,0.));
#5531=DIRECTION('ref_axis',(1.,8.39223703653662E-17,0.));
#5532=DIRECTION('center_axis',(8.39223703653662E-17,-1.,0.));
#5533=DIRECTION('ref_axis',(0.707106781186547,0.,0.707106781186547));
#5534=DIRECTION('center_axis',(2.23792987640977E-16,-1.,0.));
#5535=DIRECTION('ref_axis',(0.707106781186547,0.,0.707106781186547));
#5536=DIRECTION('center_axis',(0.,0.,-1.));
#5537=DIRECTION('ref_axis',(1.,0.,0.));
#5538=DIRECTION('center_axis',(0.,0.,-1.));
#5539=DIRECTION('ref_axis',(1.,0.,0.));
#5540=DIRECTION('center_axis',(0.,0.,-1.));
#5541=DIRECTION('ref_axis',(1.,0.,0.));
#5542=DIRECTION('center_axis',(0.,0.,-1.));
#5543=DIRECTION('ref_axis',(1.,0.,0.));
#5544=DIRECTION('center_axis',(0.,0.,-1.));
#5545=DIRECTION('ref_axis',(1.,0.,0.));
#5546=DIRECTION('center_axis',(0.,1.,0.));
#5547=DIRECTION('ref_axis',(1.83697019872103E-16,0.,-1.));
#5548=DIRECTION('',(0.,1.,0.));
#5549=DIRECTION('',(0.,-1.,0.));
#5550=DIRECTION('center_axis',(-2.70717323759246E-16,1.,0.));
#5551=DIRECTION('ref_axis',(-1.,0.,0.));
#5552=DIRECTION('',(0.,-1.,0.));
#5553=DIRECTION('center_axis',(1.24078773389654E-16,-1.,0.));
#5554=DIRECTION('ref_axis',(-1.,0.,0.));
#5555=DIRECTION('',(0.,-1.,0.));
#5556=DIRECTION('center_axis',(1.24078773389654E-16,-1.,0.));
#5557=DIRECTION('ref_axis',(-1.,-1.24078773389654E-16,0.));
#5558=DIRECTION('center_axis',(1.24078773389654E-16,-1.,0.));
#5559=DIRECTION('ref_axis',(-1.,0.,0.));
#5560=DIRECTION('center_axis',(-2.70717323759246E-16,1.,0.));
#5561=DIRECTION('ref_axis',(1.,2.70717323759246E-16,0.));
#5562=DIRECTION('center_axis',(-2.70717323759246E-16,1.,0.));
#5563=DIRECTION('ref_axis',(-1.,0.,0.));
#5564=DIRECTION('center_axis',(0.,1.,0.));
#5565=DIRECTION('ref_axis',(1.83697019872103E-16,0.,-1.));
#5566=CARTESIAN_POINT('',(0.,0.,0.));
#5567=CARTESIAN_POINT('Origin',(-68.2285530027674,-917.,61.8583143217813));
#5568=CARTESIAN_POINT('',(0.,-916.9,46.7709205847614));
#5569=CARTESIAN_POINT('',(-68.2285530027674,-916.9,61.8583143217813));
#5570=CARTESIAN_POINT('',(-41.8281856092348,-916.9,56.0203957358184));
#5571=CARTESIAN_POINT('',(0.,-917.,46.7709205847614));
#5572=CARTESIAN_POINT('',(0.,-917.,46.7709205847614));
#5573=CARTESIAN_POINT('',(-68.2285530027674,-917.,61.8583143217813));
#5574=CARTESIAN_POINT('',(-41.8281856092348,-917.,56.0203957358184));
#5575=CARTESIAN_POINT('',(-68.2285530027674,-917.,61.8583143217813));
#5576=CARTESIAN_POINT('Origin',(-68.2285530027674,-917.,3.18511645559307));
#5577=CARTESIAN_POINT('',(-68.2285530027674,-916.9,3.18511645559307));
#5578=CARTESIAN_POINT('',(-68.2285530027674,-916.9,18.3717265705251));
#5579=CARTESIAN_POINT('',(-68.2285530027674,-917.,3.18511645559307));
#5580=CARTESIAN_POINT('',(-68.2285530027674,-917.,18.3717265705251));
#5581=CARTESIAN_POINT('',(-68.2285530027674,-917.,3.18511645559307));
#5582=CARTESIAN_POINT('Origin',(15.9255836247246,-917.,3.18511645559307));
#5583=CARTESIAN_POINT('',(15.9255836247246,-916.9,3.18511645559307));
#5584=CARTESIAN_POINT('',(-1.58916706854886,-916.9,3.18511645559307));
#5585=CARTESIAN_POINT('',(15.9255836247246,-917.,3.18511645559307));
#5586=CARTESIAN_POINT('',(-1.58916706854886,-917.,3.18511645559307));
#5587=CARTESIAN_POINT('',(15.9255836247246,-917.,3.18511645559307));
#5588=CARTESIAN_POINT('Origin',(15.9255836247246,-917.,35.7068318442802));
#5589=CARTESIAN_POINT('',(15.9255836247246,-916.9,35.7068318442802));
#5590=CARTESIAN_POINT('',(15.9255836247246,-916.9,34.6325842648687));
#5591=CARTESIAN_POINT('',(15.9255836247246,-917.,35.7068318442802));
#5592=CARTESIAN_POINT('',(15.9255836247246,-917.,34.6325842648687));
#5593=CARTESIAN_POINT('',(15.9255836247246,-917.,35.7068318442802));
#5594=CARTESIAN_POINT('Origin',(26.8596356885065,-917.,68.4388810637056));
#5595=CARTESIAN_POINT('Origin',(26.8596356885065,-916.9,68.4388810637056));
#5596=CARTESIAN_POINT('Origin',(26.8596356885065,-917.,68.4388810637056));
#5597=CARTESIAN_POINT('Origin',(3.79205867649559,-904.957905,-1.91633082516228));
#5598=CARTESIAN_POINT('',(3.79205867649559,-904.957905,-1.91633082516228));
#5599=CARTESIAN_POINT('',(3.79205867649559,-904.957905,-9.62991999999999));
#5600=CARTESIAN_POINT('',(3.79205867649559,-904.957905,-6.27312541258114));
#5601=CARTESIAN_POINT('',(3.79205867649559,-884.288615,-1.91633082516228));
#5602=CARTESIAN_POINT('',(3.79205867649559,-904.957905,-1.91633082516228));
#5603=CARTESIAN_POINT('',(3.79205867649559,-884.288615,-9.62991999999999));
#5604=CARTESIAN_POINT('',(3.79205867649559,-884.288615,-9.62991999999999));
#5605=CARTESIAN_POINT('',(3.79205867649559,-904.957905,-9.62991999999999));
#5606=CARTESIAN_POINT('Origin',(-130.002941323504,-904.957905,-1.91633082516228));
#5607=CARTESIAN_POINT('',(-130.002941323504,-904.957905,-1.91633082516228));
#5608=CARTESIAN_POINT('',(-131.002941323504,-904.957905,-1.91633082516228));
#5609=CARTESIAN_POINT('',(-130.002941323504,-884.288615,-1.91633082516228));
#5610=CARTESIAN_POINT('',(-130.002941323504,-904.957905,-1.91633082516228));
#5611=CARTESIAN_POINT('',(3.79205867649559,-884.288615,-1.91633082516228));
#5612=CARTESIAN_POINT('Origin',(-130.002941323504,-904.957905,-9.62992000000001));
#5613=CARTESIAN_POINT('',(-130.002941323504,-904.957905,-9.62992000000001));
#5614=CARTESIAN_POINT('',(-130.002941323504,-904.957905,-10.12992));
#5615=CARTESIAN_POINT('',(-130.002941323504,-884.288615,-9.62992000000001));
#5616=CARTESIAN_POINT('',(-130.002941323504,-904.957905,-9.62992000000001));
#5617=CARTESIAN_POINT('',(-130.002941323504,-884.288615,-1.91633082516228));
#5618=CARTESIAN_POINT('Origin',(3.79205867649559,-904.957905,-9.62991999999999));
#5619=CARTESIAN_POINT('',(-64.1054413235044,-904.957905,-9.62992));
#5620=CARTESIAN_POINT('',(-130.002941323504,-884.288615,-9.62992000000001));
#5621=CARTESIAN_POINT('Origin',(-63.1054413235044,-884.288615,-5.77312541258114));
#5622=CARTESIAN_POINT('Origin',(5.79205867649559,-874.446095,-10.62992));
#5623=CARTESIAN_POINT('',(5.79205867649559,-874.446095,-0.655313629872974));
#5624=CARTESIAN_POINT('',(-132.002941323504,-874.446095,-0.916330825162287));
#5625=CARTESIAN_POINT('Origin',(-69.1628039652142,-874.446095,3196.98926798538));
#5626=CARTESIAN_POINT('',(5.79205867649559,-874.446095,-10.62992));
#5627=CARTESIAN_POINT('',(5.79205867649559,-874.446095,-10.62992));
#5628=CARTESIAN_POINT('',(-132.002941323504,-874.446095,-10.62992));
#5629=CARTESIAN_POINT('',(5.79205867649559,-874.446095,-10.62992));
#5630=CARTESIAN_POINT('',(-132.002941323504,-874.446095,-10.62992));
#5631=CARTESIAN_POINT('Origin',(5.79205867649559,-904.957905,-10.62992));
#5632=CARTESIAN_POINT('',(5.79205867649559,-904.957905,-0.655313629872974));
#5633=CARTESIAN_POINT('',(5.79205867649559,-917.,-0.655313629872974));
#5634=CARTESIAN_POINT('',(5.79205867649559,-904.957905,-10.62992));
#5635=CARTESIAN_POINT('',(5.79205867649559,-904.957905,-10.62992));
#5636=CARTESIAN_POINT('',(5.79205867649559,-904.957905,-10.62992));
#5637=CARTESIAN_POINT('Origin',(-132.002941323504,-904.957905,-10.62992));
#5638=CARTESIAN_POINT('',(-132.002941323504,-904.957905,-0.916330825162287));
#5639=CARTESIAN_POINT('Origin',(-69.1628039652142,-904.957905,3196.98926798538));
#5640=CARTESIAN_POINT('',(-132.002941323504,-904.957905,-10.62992));
#5641=CARTESIAN_POINT('',(-132.002941323504,-904.957905,-10.62992));
#5642=CARTESIAN_POINT('',(-132.002941323504,-904.957905,-10.62992));
#5643=CARTESIAN_POINT('Origin',(-132.002941323504,-874.446095,-10.62992));
#5644=CARTESIAN_POINT('',(-132.002941323504,-917.,-0.916330825162287));
#5645=CARTESIAN_POINT('',(-132.002941323504,-874.446095,-10.62992));
#5646=CARTESIAN_POINT('Origin',(-63.1054413235044,-889.702,-10.62992));
#5647=CARTESIAN_POINT('Origin',(110.635919809742,-797.533822375,12.2158667681389));
#5648=CARTESIAN_POINT('',(110.635919809742,-777.846322375,14.2000529009779));
#5649=CARTESIAN_POINT('',(130.323419809742,-797.533822375,14.2000529009779));
#5650=CARTESIAN_POINT('Origin',(110.635919809742,-797.533822375,14.2000529009779));
#5651=CARTESIAN_POINT('',(130.323419809742,-797.533822375,11.5544713905259));
#5652=CARTESIAN_POINT('',(130.323419809742,-797.533822375,12.2158667681389));
#5653=CARTESIAN_POINT('',(110.635919809742,-777.846322375,11.5544713905259));
#5654=CARTESIAN_POINT('Origin',(110.635919809742,-797.533822375,11.554471390526));
#5655=CARTESIAN_POINT('',(110.635919809742,-777.846322375,12.2158667681389));
#5656=CARTESIAN_POINT('Origin',(130.323419809742,-862.404,11.5544713905259));
#5657=CARTESIAN_POINT('',(130.323419809742,-843.74694559263,14.2000529009779));
#5658=CARTESIAN_POINT('',(130.323419809742,-862.404,14.2000529009779));
#5659=CARTESIAN_POINT('',(130.323419809742,-843.74694559263,11.5544713905259));
#5660=CARTESIAN_POINT('',(130.323419809742,-843.74694559263,12.8772621457519));
#5661=CARTESIAN_POINT('',(130.323419809742,-862.404,11.5544713905259));
#5662=CARTESIAN_POINT('Origin',(130.323419809742,-862.404,14.2000529009779));
#5663=CARTESIAN_POINT('',(96.6655547634677,-777.846322375,14.2000529009779));
#5664=CARTESIAN_POINT('',(130.323419809742,-777.846322375,14.2000529009779));
#5665=CARTESIAN_POINT('',(77.3406774021972,-793.77260299535,14.200052900978));
#5666=CARTESIAN_POINT('Origin',(96.6655547634677,-797.533822375,14.2000529009779));
#5667=CARTESIAN_POINT('',(63.9828829054671,-862.404,14.200052900978));
#5668=CARTESIAN_POINT('',(65.1838196668505,-856.233672430717,14.200052900978));
#5669=CARTESIAN_POINT('',(97.3203132562252,-862.404,14.2000529009779));
#5670=CARTESIAN_POINT('',(55.6097510239597,-862.404,14.200052900978));
#5671=CARTESIAN_POINT('',(126.32704364573,-846.006145265345,14.2000529009779));
#5672=CARTESIAN_POINT('Origin',(96.6655547634677,-797.533822375,13.5386575233649));
#5673=CARTESIAN_POINT('',(96.6655547634677,-777.846322375,11.554471390526));
#5674=CARTESIAN_POINT('',(96.6655547634677,-777.846322375,13.5386575233649));
#5675=CARTESIAN_POINT('',(77.3406774021973,-793.77260299535,11.554471390526));
#5676=CARTESIAN_POINT('Origin',(96.6655547634677,-797.533822375,11.554471390526));
#5677=CARTESIAN_POINT('',(77.3406774021973,-793.77260299535,13.538657523365));
#5678=CARTESIAN_POINT('Origin',(63.9634198097416,-862.504,14.200052900978));
#5679=CARTESIAN_POINT('',(63.9828829054671,-862.404,11.554471390526));
#5680=CARTESIAN_POINT('',(63.9727961697464,-862.455824929923,11.554471390526));
#5681=CARTESIAN_POINT('',(63.9828829054671,-862.404,0.892089200964634));
#5682=CARTESIAN_POINT('',(63.9828829054671,-862.404,23.8791947932175));
#5683=CARTESIAN_POINT('',(63.9634198097416,-862.504,0.891170224548924));
#5684=CARTESIAN_POINT('Origin',(19.7590988877805,-1089.62265340186,937.305580055644));
#5685=CARTESIAN_POINT('',(63.9634198097416,-862.504,0.991281594476606));
#5686=CARTESIAN_POINT('',(63.9634198097416,-862.504,14.200052900978));
#5687=CARTESIAN_POINT('',(63.9634198097416,-862.504,14.200052900978));
#5688=CARTESIAN_POINT('',(63.9634198097416,-862.504,23.8791947932175));
#5689=CARTESIAN_POINT('',(80.44042464484,-777.846322375,14.200052900978));
#5690=CARTESIAN_POINT('Origin',(110.635919809742,-981.870177625,12.2158667681389));
#5691=CARTESIAN_POINT('',(130.323419809742,-981.870177625,14.2000529009779));
#5692=CARTESIAN_POINT('',(110.635919809742,-1001.557677625,14.2000529009779));
#5693=CARTESIAN_POINT('Origin',(110.635919809742,-981.870177625,14.2000529009779));
#5694=CARTESIAN_POINT('',(110.635919809742,-1001.557677625,11.5544713905259));
#5695=CARTESIAN_POINT('',(110.635919809742,-1001.557677625,12.2158667681389));
#5696=CARTESIAN_POINT('',(130.323419809742,-981.870177625,11.5544713905259));
#5697=CARTESIAN_POINT('Origin',(110.635919809742,-981.870177625,11.554471390526));
#5698=CARTESIAN_POINT('',(130.323419809742,-981.870177625,12.2158667681389));
#5699=CARTESIAN_POINT('Origin',(97.1434198097416,-1001.557677625,12.8772621457519));
#5700=CARTESIAN_POINT('',(96.6655547634677,-1001.557677625,14.2000529009779));
#5701=CARTESIAN_POINT('',(130.323419809742,-1001.557677625,14.2000529009779));
#5702=CARTESIAN_POINT('',(96.6655547634677,-1001.557677625,11.554471390526));
#5703=CARTESIAN_POINT('',(96.6655547634677,-1001.557677625,13.5386575233649));
#5704=CARTESIAN_POINT('',(63.9634198097416,-1001.557677625,11.554471390526));
#5705=CARTESIAN_POINT('Origin',(130.323419809742,-917.,14.2000529009779));
#5706=CARTESIAN_POINT('',(130.323419809742,-935.65705440737,14.2000529009779));
#5707=CARTESIAN_POINT('',(130.323419809742,-917.,14.2000529009779));
#5708=CARTESIAN_POINT('',(97.3203132562252,-917.,14.2000529009779));
#5709=CARTESIAN_POINT('',(126.32704364573,-933.397854734655,14.2000529009779));
#5710=CARTESIAN_POINT('',(63.9828829054671,-917.,14.200052900978));
#5711=CARTESIAN_POINT('',(55.6097510239597,-917.,14.200052900978));
#5712=CARTESIAN_POINT('',(77.3406774021972,-985.63139700465,14.200052900978));
#5713=CARTESIAN_POINT('',(65.1838196668505,-923.170327569283,14.200052900978));
#5714=CARTESIAN_POINT('Origin',(96.6655547634677,-981.870177625,14.2000529009779));
#5715=CARTESIAN_POINT('Origin',(96.6655547634677,-981.870177625,13.5386575233649));
#5716=CARTESIAN_POINT('',(77.3406774021973,-985.63139700465,11.554471390526));
#5717=CARTESIAN_POINT('Origin',(96.6655547634677,-981.870177625,11.554471390526));
#5718=CARTESIAN_POINT('',(77.3406774021973,-985.63139700465,13.538657523365));
#5719=CARTESIAN_POINT('Origin',(-207.75,-885.1795,31.1720416909192));
#5720=CARTESIAN_POINT('',(-205.945411190545,-885.1795,31.1720416909192));
#5721=CARTESIAN_POINT('',(-204.75,-885.1795,31.9665418819854));
#5722=CARTESIAN_POINT('',(-199.723407917286,-885.1795,35.3073407650107));
#5723=CARTESIAN_POINT('',(-207.75,-885.1795,31.1720416909192));
#5724=CARTESIAN_POINT('',(-207.75,-885.1795,31.1720416909192));
#5725=CARTESIAN_POINT('',(-207.75,-885.1795,74.1495416909186));
#5726=CARTESIAN_POINT('',(-207.75,-885.1795,-20.8504583090814));
#5727=CARTESIAN_POINT('',(-204.75,-885.1795,74.1495416909186));
#5728=CARTESIAN_POINT('',(-207.75,-885.1795,74.1495416909186));
#5729=CARTESIAN_POINT('',(-204.75,-885.1795,-20.8504583090814));
#5730=CARTESIAN_POINT('Origin',(-207.75,-842.202,31.1720416909191));
#5731=CARTESIAN_POINT('',(-205.945411190545,-876.849466446261,31.1720416909191));
#5732=CARTESIAN_POINT('',(-205.945411190545,-865.952,31.1720416909191));
#5733=CARTESIAN_POINT('',(-204.75,-876.849466446261,31.1720416909191));
#5734=CARTESIAN_POINT('',(-212.75,-876.849466446261,31.1720416909191));
#5735=CARTESIAN_POINT('',(-204.75,-842.202,31.1720416909191));
#5736=CARTESIAN_POINT('',(-204.75,-842.202,31.1720416909191));
#5737=CARTESIAN_POINT('',(-207.75,-842.202,31.1720416909191));
#5738=CARTESIAN_POINT('',(-207.75,-842.202,31.1720416909191));
#5739=CARTESIAN_POINT('',(-207.75,-842.202,31.1720416909191));
#5740=CARTESIAN_POINT('Origin',(-204.75,-889.702,26.6495416909186));
#5741=CARTESIAN_POINT('',(-204.75,-876.843406084152,22.1443016854012));
#5742=CARTESIAN_POINT('Origin',(-204.75,-889.702,26.6495416909186));
#5743=CARTESIAN_POINT('',(-204.75,-902.560593915848,22.1443016854012));
#5744=CARTESIAN_POINT('',(-204.75,-889.702,22.1443016854012));
#5745=CARTESIAN_POINT('',(-204.75,-902.554533553739,31.1720416909192));
#5746=CARTESIAN_POINT('Origin',(-204.75,-889.702,26.6495416909186));
#5747=CARTESIAN_POINT('',(-204.75,-937.202,31.1720416909192));
#5748=CARTESIAN_POINT('',(-204.75,-842.202,31.1720416909191));
#5749=CARTESIAN_POINT('',(-204.75,-937.202,22.1270416909192));
#5750=CARTESIAN_POINT('',(-204.75,-937.202,31.1720416909192));
#5751=CARTESIAN_POINT('',(-204.75,-894.2245,22.1270416909192));
#5752=CARTESIAN_POINT('',(-204.75,-937.202,22.1270416909192));
#5753=CARTESIAN_POINT('',(-204.75,-894.2245,-20.8504583090814));
#5754=CARTESIAN_POINT('',(-204.75,-894.2245,74.1495416909186));
#5755=CARTESIAN_POINT('',(-204.75,-885.1795,-20.8504583090814));
#5756=CARTESIAN_POINT('',(-204.75,-894.2245,-20.8504583090814));
#5757=CARTESIAN_POINT('',(-204.75,-885.1795,22.1270416909192));
#5758=CARTESIAN_POINT('',(-204.75,-885.1795,-20.8504583090814));
#5759=CARTESIAN_POINT('',(-204.75,-842.202,22.1270416909192));
#5760=CARTESIAN_POINT('',(-204.75,-937.202,22.1270416909192));
#5761=CARTESIAN_POINT('',(-204.75,-842.202,22.1270416909192));
#5762=CARTESIAN_POINT('Origin',(-207.75,-889.702,26.6495416909186));
#5763=CARTESIAN_POINT('',(-207.75,-885.1795,-20.8504583090814));
#5764=CARTESIAN_POINT('',(-207.75,-885.1795,22.1270416909192));
#5765=CARTESIAN_POINT('',(-207.75,-885.1795,-20.8504583090814));
#5766=CARTESIAN_POINT('',(-207.75,-894.2245,-20.8504583090814));
#5767=CARTESIAN_POINT('',(-207.75,-894.2245,-20.8504583090814));
#5768=CARTESIAN_POINT('',(-207.75,-894.2245,22.1270416909192));
#5769=CARTESIAN_POINT('',(-207.75,-894.2245,74.1495416909186));
#5770=CARTESIAN_POINT('',(-207.75,-937.202,22.1270416909192));
#5771=CARTESIAN_POINT('',(-207.75,-937.202,22.1270416909192));
#5772=CARTESIAN_POINT('',(-207.75,-937.202,31.1720416909192));
#5773=CARTESIAN_POINT('',(-207.75,-937.202,31.1720416909192));
#5774=CARTESIAN_POINT('',(-207.75,-894.2245,31.1720416909192));
#5775=CARTESIAN_POINT('',(-207.75,-842.202,31.1720416909191));
#5776=CARTESIAN_POINT('',(-207.75,-894.2245,74.1495416909186));
#5777=CARTESIAN_POINT('',(-207.75,-894.2245,74.1495416909186));
#5778=CARTESIAN_POINT('',(-207.75,-885.1795,74.1495416909186));
#5779=CARTESIAN_POINT('',(-207.75,-842.202,22.1270416909192));
#5780=CARTESIAN_POINT('',(-207.75,-842.202,22.1270416909192));
#5781=CARTESIAN_POINT('',(-207.75,-937.202,22.1270416909192));
#5782=CARTESIAN_POINT('',(-207.75,-876.371132206418,23.8337666874702));
#5783=CARTESIAN_POINT('',(-207.75,-903.032867793582,23.8337666874702));
#5784=CARTESIAN_POINT('',(-207.75,-889.702,23.8337666874703));
#5785=CARTESIAN_POINT('',(-207.75,-876.488466617868,29.9726668103354));
#5786=CARTESIAN_POINT('Origin',(-207.75,-889.702,26.6495416909186));
#5787=CARTESIAN_POINT('',(-207.75,-902.915533382131,29.9726668103354));
#5788=CARTESIAN_POINT('',(-207.75,-889.702,29.9726668103353));
#5789=CARTESIAN_POINT('Origin',(-207.75,-889.702,26.6495416909186));
#5790=CARTESIAN_POINT('Origin',(-207.75,-894.2245,-20.8504583090814));
#5791=CARTESIAN_POINT('',(-207.75,-885.1795,-20.8504583090814));
#5792=CARTESIAN_POINT('',(-207.75,-894.2245,-20.8504583090814));
#5793=CARTESIAN_POINT('Origin',(-207.75,-894.2245,22.1270416909192));
#5794=CARTESIAN_POINT('',(-207.75,-894.2245,22.1270416909192));
#5795=CARTESIAN_POINT('Origin',(-207.75,-937.202,22.1270416909192));
#5796=CARTESIAN_POINT('',(-207.75,-937.202,22.1270416909192));
#5797=CARTESIAN_POINT('Origin',(-207.75,-937.202,31.1720416909192));
#5798=CARTESIAN_POINT('',(-207.75,-937.202,31.1720416909192));
#5799=CARTESIAN_POINT('Origin',(-207.75,-894.2245,31.1720416909192));
#5800=CARTESIAN_POINT('',(-205.945411190545,-894.2245,31.1720416909192));
#5801=CARTESIAN_POINT('',(-205.945411190545,-902.554533553739,31.1720416909192));
#5802=CARTESIAN_POINT('',(-205.945411190545,-891.96325,31.1720416909192));
#5803=CARTESIAN_POINT('',(-207.75,-894.2245,31.1720416909192));
#5804=CARTESIAN_POINT('',(-212.75,-902.554533553739,31.1720416909192));
#5805=CARTESIAN_POINT('Origin',(-207.75,-894.2245,74.1495416909186));
#5806=CARTESIAN_POINT('',(-204.75,-894.2245,31.9665418819854));
#5807=CARTESIAN_POINT('',(-189.817255986966,-894.2245,41.8912172282916));
#5808=CARTESIAN_POINT('',(-204.75,-894.2245,74.1495416909186));
#5809=CARTESIAN_POINT('',(-204.75,-894.2245,74.1495416909186));
#5810=CARTESIAN_POINT('',(-207.75,-894.2245,74.1495416909186));
#5811=CARTESIAN_POINT('Origin',(-207.75,-885.1795,74.1495416909186));
#5812=CARTESIAN_POINT('',(-204.75,-885.1795,74.1495416909186));
#5813=CARTESIAN_POINT('Origin',(-207.75,-842.202,22.1270416909192));
#5814=CARTESIAN_POINT('',(-207.75,-842.202,22.1270416909192));
#5815=CARTESIAN_POINT('Origin',(-207.75,-885.1795,22.1270416909192));
#5816=CARTESIAN_POINT('',(-207.75,-885.1795,22.1270416909192));
#5817=CARTESIAN_POINT('Origin',(-207.75,-885.1795,-20.8504583090814));
#5818=CARTESIAN_POINT('Origin',(-204.75,-889.702,26.6495416909186));
#5819=CARTESIAN_POINT('',(-204.75,-889.702,31.9665418819854));
#5820=CARTESIAN_POINT('Origin',(-192.249718622705,-889.702,40.2745416909187));
#5821=CARTESIAN_POINT('',(-212.75,-876.077,26.6495416909186));
#5822=CARTESIAN_POINT('Origin',(-212.75,-889.702,26.6495416909186));
#5823=CARTESIAN_POINT('',(-212.75,-903.327,26.6495416909186));
#5824=CARTESIAN_POINT('',(-212.75,-889.702,26.6495416909186));
#5825=CARTESIAN_POINT('Origin',(-212.75,-889.702,26.6495416909186));
#5826=CARTESIAN_POINT('Origin',(-192.249718622705,-889.702,40.2745416909187));
#5827=CARTESIAN_POINT('',(-192.384573468914,-891.262233079053,40.1849137855204));
#5828=CARTESIAN_POINT('Origin',(-212.75,-889.702,26.6495416909186));
#5829=CARTESIAN_POINT('',(-192.384573468894,-917.,40.1849137855496));
#5830=CARTESIAN_POINT('',(-192.384573468894,-917.,40.1849137855496));
#5831=CARTESIAN_POINT('',(-192.249718622705,-917.,40.2745416909187));
#5832=CARTESIAN_POINT('',(-133.749700751351,-917.,79.1551174658432));
#5833=CARTESIAN_POINT('',(-192.249718622705,-916.9,40.2745416909187));
#5834=CARTESIAN_POINT('',(-192.249718622705,-889.702,40.2745416909187));
#5835=CARTESIAN_POINT('',(-192.249718622705,-889.702,40.2745416909187));
#5836=CARTESIAN_POINT('',(-192.249718622705,-917.,40.2745416909187));
#5837=CARTESIAN_POINT('',(-192.249718622705,-862.504,40.2745416909187));
#5838=CARTESIAN_POINT('',(-192.249718622705,-917.,40.2745416909187));
#5839=CARTESIAN_POINT('',(-192.249718622705,-862.404,40.2745416909187));
#5840=CARTESIAN_POINT('',(-192.249718622705,-889.702,40.2745416909187));
#5841=CARTESIAN_POINT('',(-192.384573468894,-862.404,40.1849137855496));
#5842=CARTESIAN_POINT('',(-133.749700751351,-862.404,79.1551174658432));
#5843=CARTESIAN_POINT('',(-192.384573468914,-888.141766920947,40.1849137855204));
#5844=CARTESIAN_POINT('',(-192.384573468894,-917.,40.1849137855496));
#5845=CARTESIAN_POINT('Origin',(-212.75,-889.702,26.6495416909186));
#5846=CARTESIAN_POINT('Origin',(-212.75,-889.702,26.6495416909186));
#5847=CARTESIAN_POINT('Origin',(-212.75,-889.702,26.6495416909186));
#5848=CARTESIAN_POINT('Origin',(-212.75,-889.702,26.6495416909186));
#5849=CARTESIAN_POINT('',(-188.555950434048,-889.702,13.0245416909186));
#5850=CARTESIAN_POINT('Origin',(-212.75,-889.702,26.6495416909186));
#5851=CARTESIAN_POINT('Ctrl Pts',(-192.384573468907,-891.262233079053,40.1849137855095));
#5852=CARTESIAN_POINT('Ctrl Pts',(-192.398198939864,-891.623150777637,40.143310516075));
#5853=CARTESIAN_POINT('Ctrl Pts',(-192.416585436849,-891.985218928291,40.086911756368));
#5854=CARTESIAN_POINT('Ctrl Pts',(-192.467663203873,-892.789100997801,39.9278814346056));
#5855=CARTESIAN_POINT('Ctrl Pts',(-192.502672199518,-893.230396106819,39.8176239200342));
#5856=CARTESIAN_POINT('Ctrl Pts',(-192.584529338379,-894.101700713731,39.5526654332188));
#5857=CARTESIAN_POINT('Ctrl Pts',(-192.631369007863,-894.531711653717,39.3979665854054));
#5858=CARTESIAN_POINT('Ctrl Pts',(-192.733963929017,-895.373057883884,39.0466201542527));
#5859=CARTESIAN_POINT('Ctrl Pts',(-192.789757252985,-895.784788015836,38.849810273874));
#5860=CARTESIAN_POINT('Ctrl Pts',(-192.906772757579,-896.583679481687,38.4176915477702));
#5861=CARTESIAN_POINT('Ctrl Pts',(-192.967983243777,-896.970841834607,38.1823814192802));
#5862=CARTESIAN_POINT('Ctrl Pts',(-193.09187913104,-897.714766390224,37.6785048617662));
#5863=CARTESIAN_POINT('Ctrl Pts',(-193.154558661197,-898.071564211565,37.409911071505));
#5864=CARTESIAN_POINT('Ctrl Pts',(-193.277460789107,-898.749960364406,36.8460885349453));
#5865=CARTESIAN_POINT('Ctrl Pts',(-193.337671830294,-899.0715573047,36.5508555957028));
#5866=CARTESIAN_POINT('Ctrl Pts',(-193.451449354314,-899.672489877651,35.9452352959314));
#5867=CARTESIAN_POINT('Ctrl Pts',(-193.507068704439,-899.962581377795,35.6246334092199));
#5868=CARTESIAN_POINT('Ctrl Pts',(-193.612329295144,-900.516913500099,34.948303499027));
#5869=CARTESIAN_POINT('Ctrl Pts',(-193.661959397235,-900.781157137796,34.5925762136437));
#5870=CARTESIAN_POINT('Ctrl Pts',(-193.751256331815,-901.276872293282,33.8510590115423));
#5871=CARTESIAN_POINT('Ctrl Pts',(-193.790917780994,-901.508372879901,33.4652285118784));
#5872=CARTESIAN_POINT('Ctrl Pts',(-193.856746723157,-901.933247927466,32.6695584315557));
#5873=CARTESIAN_POINT('Ctrl Pts',(-193.882905048434,-902.126622987997,32.2597184126116));
#5874=CARTESIAN_POINT('Ctrl Pts',(-193.918949874522,-902.471441623316,31.4230833957305));
#5875=CARTESIAN_POINT('Ctrl Pts',(-193.928848941198,-902.62307132916,30.995831199499));
#5876=CARTESIAN_POINT('Ctrl Pts',(-193.930549195171,-902.8823697994,30.131232190763));
#5877=CARTESIAN_POINT('Ctrl Pts',(-193.922344713493,-902.990037441374,29.6938850304987));
#5878=CARTESIAN_POINT('Ctrl Pts',(-193.887192368835,-903.1608359637,28.8174208190516));
#5879=CARTESIAN_POINT('Ctrl Pts',(-193.860238948213,-903.223977029032,28.3782432443856));
#5880=CARTESIAN_POINT('Ctrl Pts',(-193.78827326979,-903.307059605086,27.5066443549376));
#5881=CARTESIAN_POINT('Ctrl Pts',(-193.743260768449,-903.327,27.0742229539034));
#5882=CARTESIAN_POINT('Ctrl Pts',(-193.634760273249,-903.327,26.2048847241527));
#5883=CARTESIAN_POINT('Ctrl Pts',(-193.568787902105,-903.305146310939,25.7549322101852));
#5884=CARTESIAN_POINT('Ctrl Pts',(-193.415958916705,-903.215659926997,24.8531811877585));
#5885=CARTESIAN_POINT('Ctrl Pts',(-193.329102579416,-903.148033316167,24.4013820286108));
#5886=CARTESIAN_POINT('Ctrl Pts',(-193.13589983066,-902.966888196333,23.5042634929171));
#5887=CARTESIAN_POINT('Ctrl Pts',(-193.029544302719,-902.853364308011,23.058887587966));
#5888=CARTESIAN_POINT('Ctrl Pts',(-192.799938035274,-902.581987232919,22.1822036771897));
#5889=CARTESIAN_POINT('Ctrl Pts',(-192.676691774337,-902.424137988009,21.7508932782251));
#5890=CARTESIAN_POINT('Ctrl Pts',(-192.417006524041,-902.067230123305,20.9092775065738));
#5891=CARTESIAN_POINT('Ctrl Pts',(-192.280459292185,-901.868018576978,20.4985993888877));
#5892=CARTESIAN_POINT('Ctrl Pts',(-191.998420437949,-901.432295542527,19.7035885019593));
#5893=CARTESIAN_POINT('Ctrl Pts',(-191.852936180521,-901.195783791649,19.3192532639466));
#5894=CARTESIAN_POINT('Ctrl Pts',(-191.55813491789,-900.690928310726,18.5820979302688));
#5895=CARTESIAN_POINT('Ctrl Pts',(-191.408814848797,-900.422561068407,18.2292460959059));
#5896=CARTESIAN_POINT('Ctrl Pts',(-191.11176905942,-899.860621770431,17.5592055445472));
#5897=CARTESIAN_POINT('Ctrl Pts',(-190.964054285372,-899.567044414025,17.2420164204155));
#5898=CARTESIAN_POINT('Ctrl Pts',(-190.679236660982,-898.970091087229,16.653826609127));
#5899=CARTESIAN_POINT('Ctrl Pts',(-190.536780871886,-898.656352327388,16.3712582035869));
#5900=CARTESIAN_POINT('Ctrl Pts',(-190.254042784892,-897.994098639477,15.8299004213578));
#5901=CARTESIAN_POINT('Ctrl Pts',(-190.113770087454,-897.645584438463,15.5711051412172));
#5902=CARTESIAN_POINT('Ctrl Pts',(-189.841588681389,-896.917992771748,15.0840007011579));
#5903=CARTESIAN_POINT('Ctrl Pts',(-189.709680700571,-896.538883957523,14.8556670413241));
#5904=CARTESIAN_POINT('Ctrl Pts',(-189.460375321431,-895.755125004523,14.4348726745937));
#5905=CARTESIAN_POINT('Ctrl Pts',(-189.342992389893,-895.350471357641,14.2424099308798));
#5906=CARTESIAN_POINT('Ctrl Pts',(-189.1284399275,-894.521535237211,13.8975133312288));
#5907=CARTESIAN_POINT('Ctrl Pts',(-189.031176454488,-894.09681976866,13.7449060894004));
#5908=CARTESIAN_POINT('Ctrl Pts',(-188.861553512567,-893.233749723853,13.4825069186318));
#5909=CARTESIAN_POINT('Ctrl Pts',(-188.789210359721,-892.795390895099,13.372718429863));
#5910=CARTESIAN_POINT('Ctrl Pts',(-188.672812634999,-891.912652077238,13.1975485145112));
#5911=CARTESIAN_POINT('Ctrl Pts',(-188.628761034149,-891.468196989013,13.1321582348634));
#5912=CARTESIAN_POINT('Ctrl Pts',(-188.570327719122,-890.581379096566,13.0456525519165));
#5913=CARTESIAN_POINT('Ctrl Pts',(-188.555950434048,-890.139015557435,13.0245416909187));
#5914=CARTESIAN_POINT('Ctrl Pts',(-188.555950434048,-889.702,13.0245416909187));
#5915=CARTESIAN_POINT('Origin',(-212.75,-889.702,26.6495416909186));
#5916=CARTESIAN_POINT('Origin',(-212.75,-889.702,26.6495416909186));
#5917=CARTESIAN_POINT('Origin',(-212.75,-889.702,26.6495416909186));
#5918=CARTESIAN_POINT('Origin',(-212.75,-889.702,26.6495416909186));
#5919=CARTESIAN_POINT('Origin',(-212.75,-889.702,26.6495416909186));
#5920=CARTESIAN_POINT('Origin',(-212.75,-889.702,26.6495416909186));
#5921=CARTESIAN_POINT('Ctrl Pts',(-188.555950434048,-889.702,13.0245416909186));
#5922=CARTESIAN_POINT('Ctrl Pts',(-188.555950434048,-889.264984442565,13.0245416909186));
#5923=CARTESIAN_POINT('Ctrl Pts',(-188.570327719122,-888.822620903433,13.0456525519165));
#5924=CARTESIAN_POINT('Ctrl Pts',(-188.628761034149,-887.935803010987,13.1321582348634));
#5925=CARTESIAN_POINT('Ctrl Pts',(-188.672812634999,-887.491347922762,13.1975485145112));
#5926=CARTESIAN_POINT('Ctrl Pts',(-188.789210359721,-886.608609104901,13.372718429863));
#5927=CARTESIAN_POINT('Ctrl Pts',(-188.861553512567,-886.170250276147,13.4825069186318));
#5928=CARTESIAN_POINT('Ctrl Pts',(-189.031176454488,-885.307180231339,13.7449060894004));
#5929=CARTESIAN_POINT('Ctrl Pts',(-189.1284399275,-884.882464762789,13.8975133312288));
#5930=CARTESIAN_POINT('Ctrl Pts',(-189.342992389893,-884.053528642359,14.2424099308798));
#5931=CARTESIAN_POINT('Ctrl Pts',(-189.460375321431,-883.648874995477,14.4348726745937));
#5932=CARTESIAN_POINT('Ctrl Pts',(-189.709680700571,-882.865116042476,14.8556670413241));
#5933=CARTESIAN_POINT('Ctrl Pts',(-189.841588681389,-882.486007228252,15.0840007011579));
#5934=CARTESIAN_POINT('Ctrl Pts',(-190.113770087454,-881.758415561537,15.5711051412172));
#5935=CARTESIAN_POINT('Ctrl Pts',(-190.254042784892,-881.409901360523,15.8299004213578));
#5936=CARTESIAN_POINT('Ctrl Pts',(-190.536780871886,-880.747647672611,16.3712582035869));
#5937=CARTESIAN_POINT('Ctrl Pts',(-190.679236660982,-880.433908912771,16.653826609127));
#5938=CARTESIAN_POINT('Ctrl Pts',(-190.964054285372,-879.836955585974,17.2420164204155));
#5939=CARTESIAN_POINT('Ctrl Pts',(-191.11176905942,-879.543378229569,17.5592055445473));
#5940=CARTESIAN_POINT('Ctrl Pts',(-191.408814848798,-878.981438931592,18.2292460959061));
#5941=CARTESIAN_POINT('Ctrl Pts',(-191.55813491789,-878.713071689274,18.5820979302689));
#5942=CARTESIAN_POINT('Ctrl Pts',(-191.852936180522,-878.208216208351,19.3192532639466));
#5943=CARTESIAN_POINT('Ctrl Pts',(-191.998420437949,-877.971704457473,19.7035885019597));
#5944=CARTESIAN_POINT('Ctrl Pts',(-192.280459292185,-877.535981423021,20.498599388888));
#5945=CARTESIAN_POINT('Ctrl Pts',(-192.417006524041,-877.336769876695,20.9092775065738));
#5946=CARTESIAN_POINT('Ctrl Pts',(-192.676691774337,-876.979862011991,21.7508932782251));
#5947=CARTESIAN_POINT('Ctrl Pts',(-192.799938035274,-876.822012767081,22.1822036771898));
#5948=CARTESIAN_POINT('Ctrl Pts',(-193.029544302719,-876.550635691988,23.0588875879661));
#5949=CARTESIAN_POINT('Ctrl Pts',(-193.13589983066,-876.437111803666,23.5042634929171));
#5950=CARTESIAN_POINT('Ctrl Pts',(-193.329102579416,-876.255966683833,24.4013820286108));
#5951=CARTESIAN_POINT('Ctrl Pts',(-193.415958916705,-876.188340073003,24.8531811877585));
#5952=CARTESIAN_POINT('Ctrl Pts',(-193.568787902105,-876.098853689061,25.7549322101853));
#5953=CARTESIAN_POINT('Ctrl Pts',(-193.634760273249,-876.077,26.2048847241527));
#5954=CARTESIAN_POINT('Ctrl Pts',(-193.743260768449,-876.077,27.0742229539034));
#5955=CARTESIAN_POINT('Ctrl Pts',(-193.78827326979,-876.096940394913,27.5066443549376));
#5956=CARTESIAN_POINT('Ctrl Pts',(-193.860238948213,-876.180022970968,28.3782432443856));
#5957=CARTESIAN_POINT('Ctrl Pts',(-193.887192368835,-876.2431640363,28.8174208190516));
#5958=CARTESIAN_POINT('Ctrl Pts',(-193.922344713493,-876.413962558626,29.6938850304987));
#5959=CARTESIAN_POINT('Ctrl Pts',(-193.930549195171,-876.521630200599,30.1312321907629));
#5960=CARTESIAN_POINT('Ctrl Pts',(-193.928848941198,-876.780928670839,30.995831199499));
#5961=CARTESIAN_POINT('Ctrl Pts',(-193.918949874522,-876.932558376683,31.4230833957304));
#5962=CARTESIAN_POINT('Ctrl Pts',(-193.882905048434,-877.277377012002,32.2597184126115));
#5963=CARTESIAN_POINT('Ctrl Pts',(-193.856746723157,-877.470752072533,32.6695584315555));
#5964=CARTESIAN_POINT('Ctrl Pts',(-193.790917780994,-877.895627120098,33.4652285118784));
#5965=CARTESIAN_POINT('Ctrl Pts',(-193.751256331815,-878.127127706718,33.8510590115422));
#5966=CARTESIAN_POINT('Ctrl Pts',(-193.661959397235,-878.622842862204,34.5925762136436));
#5967=CARTESIAN_POINT('Ctrl Pts',(-193.612329295144,-878.8870864999,34.9483034990269));
#5968=CARTESIAN_POINT('Ctrl Pts',(-193.507068704439,-879.441418622205,35.6246334092199));
#5969=CARTESIAN_POINT('Ctrl Pts',(-193.451449354314,-879.731510122349,35.9452352959314));
#5970=CARTESIAN_POINT('Ctrl Pts',(-193.337671830294,-880.3324426953,36.5508555957028));
#5971=CARTESIAN_POINT('Ctrl Pts',(-193.277460789107,-880.654039635594,36.8460885349453));
#5972=CARTESIAN_POINT('Ctrl Pts',(-193.154558661197,-881.332435788435,37.409911071505));
#5973=CARTESIAN_POINT('Ctrl Pts',(-193.09187913104,-881.689233609775,37.6785048617662));
#5974=CARTESIAN_POINT('Ctrl Pts',(-192.967983243777,-882.433158165392,38.1823814192802));
#5975=CARTESIAN_POINT('Ctrl Pts',(-192.906772757579,-882.820320518313,38.4176915477702));
#5976=CARTESIAN_POINT('Ctrl Pts',(-192.789757252985,-883.619211984164,38.849810273874));
#5977=CARTESIAN_POINT('Ctrl Pts',(-192.733963929017,-884.030942116116,39.0466201542527));
#5978=CARTESIAN_POINT('Ctrl Pts',(-192.631369007863,-884.872288346282,39.3979665854054));
#5979=CARTESIAN_POINT('Ctrl Pts',(-192.584529338379,-885.302299286269,39.5526654332188));
#5980=CARTESIAN_POINT('Ctrl Pts',(-192.502672199518,-886.173603893181,39.8176239200342));
#5981=CARTESIAN_POINT('Ctrl Pts',(-192.467663203873,-886.614899002199,39.9278814346056));
#5982=CARTESIAN_POINT('Ctrl Pts',(-192.416585436849,-887.418781071709,40.086911756368));
#5983=CARTESIAN_POINT('Ctrl Pts',(-192.398198939864,-887.780849222363,40.1433105160751));
#5984=CARTESIAN_POINT('Ctrl Pts',(-192.384573468907,-888.141766920947,40.1849137855096));
#5985=CARTESIAN_POINT('Origin',(-212.75,-889.702,40.2745416909186));
#5986=CARTESIAN_POINT('',(-192.355068885513,-862.404,40.2745416909187));
#5987=CARTESIAN_POINT('',(-115.926958880911,-862.404,40.2745416909187));
#5988=CARTESIAN_POINT('',(-192.249718622705,-917.,40.2745416909187));
#5989=CARTESIAN_POINT('',(-192.249718622705,-917.,40.2745416909187));
#5990=CARTESIAN_POINT('',(-192.355068885513,-917.,40.2745416909187));
#5991=CARTESIAN_POINT('',(-115.926958880911,-917.,40.2745416909187));
#5992=CARTESIAN_POINT('',(-192.355068885513,-917.,40.2745416909187));
#5993=CARTESIAN_POINT('Origin',(-162.820375324109,-917.,30.5023544895744));
#5994=CARTESIAN_POINT('',(-188.434979546307,-889.702,13.0245416909186));
#5995=CARTESIAN_POINT('Ctrl Pts',(-192.249718622705,-889.702,40.2745416909186));
#5996=CARTESIAN_POINT('Ctrl Pts',(-192.249718622705,-889.269220401423,40.2745416909187));
#5997=CARTESIAN_POINT('Ctrl Pts',(-192.256620180482,-888.829590170199,40.2538371939502));
#5998=CARTESIAN_POINT('Ctrl Pts',(-192.284877829911,-887.945297966554,40.1681197600316));
#5999=CARTESIAN_POINT('Ctrl Pts',(-192.306233835441,-887.500635637879,40.1031104699777));
#6000=CARTESIAN_POINT('Ctrl Pts',(-192.362727871237,-886.614716876672,39.9278398084057));
#6001=CARTESIAN_POINT('Ctrl Pts',(-192.397864486773,-886.173405809171,39.8175713735453));
#6002=CARTESIAN_POINT('Ctrl Pts',(-192.480017442054,-885.302076055103,39.5525898565794));
#6003=CARTESIAN_POINT('Ctrl Pts',(-192.52702526243,-884.872055917349,39.3978789051494));
#6004=CARTESIAN_POINT('Ctrl Pts',(-192.629985181257,-884.030696887783,39.0465083593673));
#6005=CARTESIAN_POINT('Ctrl Pts',(-192.685975487758,-883.618963039496,38.8496864284176));
#6006=CARTESIAN_POINT('Ctrl Pts',(-192.803400521334,-882.820067574315,38.4175439159024));
#6007=CARTESIAN_POINT('Ctrl Pts',(-192.864823510853,-882.432904927837,38.1822220483765));
#6008=CARTESIAN_POINT('Ctrl Pts',(-192.989146012409,-881.688981379725,37.6783218600185));
#6009=CARTESIAN_POINT('Ctrl Pts',(-193.052039635583,-881.332184868959,37.4097161794331));
#6010=CARTESIAN_POINT('Ctrl Pts',(-193.175358436942,-880.653791586576,36.845868718747));
#6011=CARTESIAN_POINT('Ctrl Pts',(-193.235772028939,-880.332196204111,36.550622733344));
#6012=CARTESIAN_POINT('Ctrl Pts',(-193.349925430147,-879.731288892424,35.9449969485983));
#6013=CARTESIAN_POINT('Ctrl Pts',(-193.405725378222,-879.441218595389,35.6244038168437));
#6014=CARTESIAN_POINT('Ctrl Pts',(-193.511325982134,-878.886924357115,34.9480912058234));
#6015=CARTESIAN_POINT('Ctrl Pts',(-193.56111546956,-878.622697397232,34.592372456781));
#6016=CARTESIAN_POINT('Ctrl Pts',(-193.650697769439,-878.127011947943,33.8508720086789));
#6017=CARTESIAN_POINT('Ctrl Pts',(-193.690485191308,-877.895524380261,33.4650497004307));
#6018=CARTESIAN_POINT('Ctrl Pts',(-193.756522101462,-877.470672571018,32.6693959509697));
#6019=CARTESIAN_POINT('Ctrl Pts',(-193.78276240051,-877.277307733073,32.2595640655516));
#6020=CARTESIAN_POINT('Ctrl Pts',(-193.818919001392,-876.932507432736,31.4229460406702));
#6021=CARTESIAN_POINT('Ctrl Pts',(-193.828847933349,-876.780885645612,30.9957021850066));
#6022=CARTESIAN_POINT('Ctrl Pts',(-193.83055028821,-876.521601228961,30.1311211365045));
#6023=CARTESIAN_POINT('Ctrl Pts',(-193.822318026865,-876.413939721601,29.6937835959499));
#6024=CARTESIAN_POINT('Ctrl Pts',(-193.787050478632,-876.243151688594,28.8173416975235));
#6025=CARTESIAN_POINT('Ctrl Pts',(-193.760009612081,-876.180014954371,28.3781767224409));
#6026=CARTESIAN_POINT('Ctrl Pts',(-193.687811257043,-876.096938558242,27.5066075065923));
#6027=CARTESIAN_POINT('Ctrl Pts',(-193.64265352078,-876.077,27.0742031811525));
#6028=CARTESIAN_POINT('Ctrl Pts',(-193.53378457798,-876.077,26.204760534527));
#6029=CARTESIAN_POINT('Ctrl Pts',(-193.467575975364,-876.098865866548,25.7546985582142));
#6030=CARTESIAN_POINT('Ctrl Pts',(-193.314197915376,-876.188392979368,24.8527590728039));
#6031=CARTESIAN_POINT('Ctrl Pts',(-193.227028740544,-876.256048124337,24.4008809100505));
#6032=CARTESIAN_POINT('Ctrl Pts',(-193.033128732083,-876.437258605402,23.5036343684068));
#6033=CARTESIAN_POINT('Ctrl Pts',(-192.926388734281,-876.550819317956,23.0582093907722));
#6034=CARTESIAN_POINT('Ctrl Pts',(-192.695950171054,-876.822270852783,22.1814550628248));
#6035=CARTESIAN_POINT('Ctrl Pts',(-192.572256088726,-876.980157717192,21.7501233088324));
#6036=CARTESIAN_POINT('Ctrl Pts',(-192.311623191397,-877.337135203296,20.9084888472191));
#6037=CARTESIAN_POINT('Ctrl Pts',(-192.174575725219,-877.536378759737,20.4978133719621));
#6038=CARTESIAN_POINT('Ctrl Pts',(-191.8914970134,-877.972155689886,19.7028263568761));
#6039=CARTESIAN_POINT('Ctrl Pts',(-191.745473134764,-878.208689317489,19.3185123329996));
#6040=CARTESIAN_POINT('Ctrl Pts',(-191.449569108114,-878.713575923629,18.5814119084405));
#6041=CARTESIAN_POINT('Ctrl Pts',(-191.299685874495,-878.98195238591,18.2285937941944));
#6042=CARTESIAN_POINT('Ctrl Pts',(-191.001508204171,-879.543897081724,17.558627026856));
#6043=CARTESIAN_POINT('Ctrl Pts',(-190.853224732536,-879.837470626701,17.2414779487224));
#6044=CARTESIAN_POINT('Ctrl Pts',(-190.567317032708,-880.434364946177,16.6534075424765));
#6045=CARTESIAN_POINT('Ctrl Pts',(-190.424316840621,-880.74804950981,16.3709116903733));
#6046=CARTESIAN_POINT('Ctrl Pts',(-190.140477634545,-881.410188749148,15.8296835472572));
#6047=CARTESIAN_POINT('Ctrl Pts',(-189.999648220767,-881.758642689968,15.5709453225542));
#6048=CARTESIAN_POINT('Ctrl Pts',(-189.726364617879,-882.486113841755,15.0839370914962));
#6049=CARTESIAN_POINT('Ctrl Pts',(-189.593911162142,-882.865162324301,14.8556426103122));
#6050=CARTESIAN_POINT('Ctrl Pts',(-189.343553293609,-883.648808862959,14.4349077633056));
#6051=CARTESIAN_POINT('Ctrl Pts',(-189.225663405319,-884.053410452355,14.2424653357996));
#6052=CARTESIAN_POINT('Ctrl Pts',(-189.010165274817,-884.882260645204,13.8975920316959));
#6053=CARTESIAN_POINT('Ctrl Pts',(-188.91246267798,-885.306942417503,13.7449877317094));
#6054=CARTESIAN_POINT('Ctrl Pts',(-188.742059627129,-886.169971696807,13.4825822809177));
#6055=CARTESIAN_POINT('Ctrl Pts',(-188.669375635345,-886.608323503349,13.3727845808307));
#6056=CARTESIAN_POINT('Ctrl Pts',(-188.552420989518,-887.491081570493,13.1975918987004));
#6057=CARTESIAN_POINT('Ctrl Pts',(-188.508153377481,-887.935563181165,13.132188047965));
#6058=CARTESIAN_POINT('Ctrl Pts',(-188.449430402972,-888.82247196215,13.0456606647576));
#6059=CARTESIAN_POINT('Ctrl Pts',(-188.434979546307,-889.264899875529,13.0245416909186));
#6060=CARTESIAN_POINT('Ctrl Pts',(-188.434979546307,-889.702,13.0245416909186));
#6061=CARTESIAN_POINT('',(-193.589478710838,-903.327,26.6495416909186));
#6062=CARTESIAN_POINT('Ctrl Pts',(-188.434979546307,-889.702,13.0245416909186));
#6063=CARTESIAN_POINT('Ctrl Pts',(-188.434979546307,-890.13910012447,13.0245416909186));
#6064=CARTESIAN_POINT('Ctrl Pts',(-188.449430402972,-890.581528037849,13.0456606647576));
#6065=CARTESIAN_POINT('Ctrl Pts',(-188.508153377481,-891.468436818835,13.132188047965));
#6066=CARTESIAN_POINT('Ctrl Pts',(-188.552420989518,-891.912918429506,13.1975918987004));
#6067=CARTESIAN_POINT('Ctrl Pts',(-188.669375635345,-892.795676496651,13.3727845808307));
#6068=CARTESIAN_POINT('Ctrl Pts',(-188.742059627129,-893.234028303192,13.4825822809177));
#6069=CARTESIAN_POINT('Ctrl Pts',(-188.91246267798,-894.097057582497,13.7449877317094));
#6070=CARTESIAN_POINT('Ctrl Pts',(-189.010165274817,-894.521739354795,13.8975920316959));
#6071=CARTESIAN_POINT('Ctrl Pts',(-189.225663405319,-895.350589547645,14.2424653357996));
#6072=CARTESIAN_POINT('Ctrl Pts',(-189.343553293609,-895.75519113704,14.4349077633056));
#6073=CARTESIAN_POINT('Ctrl Pts',(-189.593911162142,-896.538837675698,14.8556426103122));
#6074=CARTESIAN_POINT('Ctrl Pts',(-189.726364617879,-896.917886158245,15.0839370914962));
#6075=CARTESIAN_POINT('Ctrl Pts',(-189.999648220767,-897.645357310031,15.5709453225542));
#6076=CARTESIAN_POINT('Ctrl Pts',(-190.140477634545,-897.993811250852,15.8296835472572));
#6077=CARTESIAN_POINT('Ctrl Pts',(-190.424316840621,-898.655950490189,16.3709116903733));
#6078=CARTESIAN_POINT('Ctrl Pts',(-190.567317032708,-898.969635053822,16.6534075424765));
#6079=CARTESIAN_POINT('Ctrl Pts',(-190.853224732536,-899.566529373298,17.2414779487224));
#6080=CARTESIAN_POINT('Ctrl Pts',(-191.001508204171,-899.860102918276,17.558627026856));
#6081=CARTESIAN_POINT('Ctrl Pts',(-191.299685874495,-900.42204761409,18.2285937941944));
#6082=CARTESIAN_POINT('Ctrl Pts',(-191.449569108114,-900.690424076371,18.5814119084405));
#6083=CARTESIAN_POINT('Ctrl Pts',(-191.745473134764,-901.19531068251,19.3185123329996));
#6084=CARTESIAN_POINT('Ctrl Pts',(-191.8914970134,-901.431844310113,19.7028263568761));
#6085=CARTESIAN_POINT('Ctrl Pts',(-192.174575725219,-901.867621240262,20.4978133719621));
#6086=CARTESIAN_POINT('Ctrl Pts',(-192.311623191397,-902.066864796704,20.9084888472191));
#6087=CARTESIAN_POINT('Ctrl Pts',(-192.572256088726,-902.423842282808,21.7501233088323));
#6088=CARTESIAN_POINT('Ctrl Pts',(-192.695950171054,-902.581729147217,22.1814550628248));
#6089=CARTESIAN_POINT('Ctrl Pts',(-192.926388734281,-902.853180682044,23.0582093907722));
#6090=CARTESIAN_POINT('Ctrl Pts',(-193.033128732083,-902.966741394598,23.5036343684068));
#6091=CARTESIAN_POINT('Ctrl Pts',(-193.227028740544,-903.147951875663,24.4008809100504));
#6092=CARTESIAN_POINT('Ctrl Pts',(-193.314197915376,-903.215607020631,24.8527590728039));
#6093=CARTESIAN_POINT('Ctrl Pts',(-193.467575975364,-903.305134133451,25.7546985582142));
#6094=CARTESIAN_POINT('Ctrl Pts',(-193.53378457798,-903.327,26.204760534527));
#6095=CARTESIAN_POINT('Ctrl Pts',(-193.589478710838,-903.327,26.6495416909186));
#6096=CARTESIAN_POINT('Ctrl Pts',(-193.589478710838,-903.327,26.6495416909187));
#6097=CARTESIAN_POINT('Ctrl Pts',(-193.64265352078,-903.327,27.0742031811525));
#6098=CARTESIAN_POINT('Ctrl Pts',(-193.687811257043,-903.307061441758,27.5066075065923));
#6099=CARTESIAN_POINT('Ctrl Pts',(-193.760009612081,-903.223985045628,28.3781767224409));
#6100=CARTESIAN_POINT('Ctrl Pts',(-193.787050478632,-903.160848311406,28.8173416975235));
#6101=CARTESIAN_POINT('Ctrl Pts',(-193.822318026865,-902.990060278398,29.6937835959499));
#6102=CARTESIAN_POINT('Ctrl Pts',(-193.83055028821,-902.882398771039,30.1311211365045));
#6103=CARTESIAN_POINT('Ctrl Pts',(-193.828847933349,-902.623114354387,30.9957021850065));
#6104=CARTESIAN_POINT('Ctrl Pts',(-193.818919001392,-902.471492567263,31.4229460406702));
#6105=CARTESIAN_POINT('Ctrl Pts',(-193.78276240051,-902.126692266926,32.2595640655516));
#6106=CARTESIAN_POINT('Ctrl Pts',(-193.756522101462,-901.933327428982,32.6693959509696));
#6107=CARTESIAN_POINT('Ctrl Pts',(-193.690485191308,-901.508475619738,33.4650497004306));
#6108=CARTESIAN_POINT('Ctrl Pts',(-193.650697769439,-901.276988052057,33.8508720086789));
#6109=CARTESIAN_POINT('Ctrl Pts',(-193.56111546956,-900.781302602768,34.592372456781));
#6110=CARTESIAN_POINT('Ctrl Pts',(-193.511325982134,-900.517075642884,34.9480912058233));
#6111=CARTESIAN_POINT('Ctrl Pts',(-193.405725378222,-899.96278140461,35.6244038168438));
#6112=CARTESIAN_POINT('Ctrl Pts',(-193.349925430147,-899.672711107575,35.9449969485983));
#6113=CARTESIAN_POINT('Ctrl Pts',(-193.235772028939,-899.071803795888,36.550622733344));
#6114=CARTESIAN_POINT('Ctrl Pts',(-193.175358436942,-898.750208413424,36.845868718747));
#6115=CARTESIAN_POINT('Ctrl Pts',(-193.052039635583,-898.07181513104,37.4097161794331));
#6116=CARTESIAN_POINT('Ctrl Pts',(-192.989146012409,-897.715018620275,37.6783218600186));
#6117=CARTESIAN_POINT('Ctrl Pts',(-192.864823510853,-896.971095072162,38.1822220483765));
#6118=CARTESIAN_POINT('Ctrl Pts',(-192.803400521334,-896.583932425685,38.4175439159025));
#6119=CARTESIAN_POINT('Ctrl Pts',(-192.685975487758,-895.785036960504,38.8496864284177));
#6120=CARTESIAN_POINT('Ctrl Pts',(-192.629985181257,-895.373303112217,39.0465083593674));
#6121=CARTESIAN_POINT('Ctrl Pts',(-192.52702526243,-894.53194408265,39.3978789051496));
#6122=CARTESIAN_POINT('Ctrl Pts',(-192.480017442054,-894.101923944897,39.5525898565795));
#6123=CARTESIAN_POINT('Ctrl Pts',(-192.397864486773,-893.230594190828,39.8175713735454));
#6124=CARTESIAN_POINT('Ctrl Pts',(-192.362727871237,-892.789283123327,39.9278398084057));
#6125=CARTESIAN_POINT('Ctrl Pts',(-192.306233835441,-891.903364362121,40.1031104699777));
#6126=CARTESIAN_POINT('Ctrl Pts',(-192.284877829911,-891.458702033446,40.1681197600316));
#6127=CARTESIAN_POINT('Ctrl Pts',(-192.256620180482,-890.574409829801,40.2538371939502));
#6128=CARTESIAN_POINT('Ctrl Pts',(-192.249718622705,-890.134779598577,40.2745416909186));
#6129=CARTESIAN_POINT('Ctrl Pts',(-192.249718622705,-889.702,40.2745416909186));
#6130=CARTESIAN_POINT('',(-169.057318990771,-916.9,0.12666645813028));
#6131=CARTESIAN_POINT('Origin',(-162.820375324109,-916.9,30.5023544895744));
#6132=CARTESIAN_POINT('',(-169.057318990771,-862.504,0.12666645813028));
#6133=CARTESIAN_POINT('',(-169.057318990819,-917.,0.126666458131083));
#6134=CARTESIAN_POINT('Origin',(-162.820375324109,-862.504,30.5023544895744));
#6135=CARTESIAN_POINT('Origin',(-19.1039177618223,-862.404,33.5583366854571));
#6136=CARTESIAN_POINT('',(-182.858076302323,-862.404,54.2990833818373));
#6137=CARTESIAN_POINT('Origin',(-162.820375324109,-862.404,30.5023544895744));
#6138=CARTESIAN_POINT('',(-135.592287823116,-862.404,57.1621389191086));
#6139=CARTESIAN_POINT('Origin',(-92.7524455030801,-862.404,-1041.65861688257));
#6140=CARTESIAN_POINT('',(-101.824086772948,-862.404,68.2481814518733));
#6141=CARTESIAN_POINT('',(-135.592287823116,-862.404,57.1621389191086));
#6142=CARTESIAN_POINT('',(-82.1968987943062,-862.404,68.6153905840573));
#6143=CARTESIAN_POINT('Origin',(-86.6676521892835,-862.404,-217.141004782205));
#6144=CARTESIAN_POINT('',(-2.87155383532824,-862.404,54.1174193578046));
#6145=CARTESIAN_POINT('',(-28.9301146777336,-862.404,58.8800367216008));
#6146=CARTESIAN_POINT('',(-2.53029219507348,-862.404,55.9846252524789));
#6147=CARTESIAN_POINT('',(-4.95192055221609,-862.404,42.7347365753006));
#6148=CARTESIAN_POINT('',(0.,-862.404,55.1922895331169));
#6149=CARTESIAN_POINT('Origin',(-86.6676521892835,-862.404,-217.141004782205));
#6150=CARTESIAN_POINT('',(25.4382107097631,-862.404,39.2859958549034));
#6151=CARTESIAN_POINT('Origin',(56.9863886116642,-862.404,118.033791769123));
#6152=CARTESIAN_POINT('',(155.721923697677,-862.404,15.4745706020421));
#6153=CARTESIAN_POINT('',(25.4382107097631,-862.404,39.2859958549034));
#6154=CARTESIAN_POINT('',(153.24624465653,-862.404,12.3933378912464));
#6155=CARTESIAN_POINT('',(155.721923697677,-862.404,15.4745706020421));
#6156=CARTESIAN_POINT('',(146.869364119263,-862.404,9.38815323178112));
#6157=CARTESIAN_POINT('',(153.24624465653,-862.404,12.3933378912464));
#6158=CARTESIAN_POINT('',(132.829733087323,-862.404,6.17768421433667));
#6159=CARTESIAN_POINT('',(146.869364119263,-862.404,9.38815323178112));
#6160=CARTESIAN_POINT('',(129.731330649692,-862.404,5.76929024487612));
#6161=CARTESIAN_POINT('',(132.829733087323,-862.404,6.17768421433667));
#6162=CARTESIAN_POINT('',(122.38789026402,-862.404,5.48301105007295));
#6163=CARTESIAN_POINT('',(129.731330649692,-862.404,5.76929024487612));
#6164=CARTESIAN_POINT('Origin',(19.7590988877805,-862.404,937.305580055644));
#6165=CARTESIAN_POINT('',(97.3203132562252,-862.404,11.554471390526));
#6166=CARTESIAN_POINT('',(22.4297510239596,-862.404,11.554471390526));
#6167=CARTESIAN_POINT('',(97.3203132562252,-862.404,14.2000529009779));
#6168=CARTESIAN_POINT('',(63.9634198097416,-862.404,14.200052900978));
#6169=CARTESIAN_POINT('',(55.6097510239597,-862.404,14.200052900978));
#6170=CARTESIAN_POINT('',(63.9634198097416,-862.404,0.891170224548924));
#6171=CARTESIAN_POINT('',(63.9634198097416,-862.404,23.8791947932175));
#6172=CARTESIAN_POINT('',(25.4382107097631,-862.404,-0.134400218508439));
#6173=CARTESIAN_POINT('Origin',(19.7590988877805,-862.404,937.305580055644));
#6174=CARTESIAN_POINT('',(-169.069015886491,-862.404,0.0269831614624187));
#6175=CARTESIAN_POINT('Origin',(-69.1628039652142,-862.404,3196.98926798538));
#6176=CARTESIAN_POINT('Origin',(-162.820375324109,-862.404,30.5023544895744));
#6177=CARTESIAN_POINT('',(-92.6106986120603,-862.404,5.05322197629707));
#6178=CARTESIAN_POINT('Ctrl Pts',(-92.6106986120603,-862.404,5.05322197629707));
#6179=CARTESIAN_POINT('Ctrl Pts',(-92.6106986120603,-862.404,5.35242127663896));
#6180=CARTESIAN_POINT('Ctrl Pts',(-92.7132842119951,-862.404000000001,5.80088655125162));
#6181=CARTESIAN_POINT('Ctrl Pts',(-93.0340758972892,-862.404000000001,6.31068397138523));
#6182=CARTESIAN_POINT('Ctrl Pts',(-93.3533073250775,-862.404000000002,6.63006881040416));
#6183=CARTESIAN_POINT('Ctrl Pts',(-93.7357883939836,-862.404000000001,6.87032651834214));
#6184=CARTESIAN_POINT('Ctrl Pts',(-94.1620451491272,-862.404000000002,7.01953146834879));
#6185=CARTESIAN_POINT('Ctrl Pts',(-94.6108414078554,-862.404000000002,7.07004635043059));
#6186=CARTESIAN_POINT('Ctrl Pts',(-95.1095159314977,-862.404000000003,7.01395002961719));
#6187=CARTESIAN_POINT('Ctrl Pts',(-95.6258723800974,-862.404000000003,6.81129841889301));
#6188=CARTESIAN_POINT('Ctrl Pts',(-96.0989479951132,-862.404000000003,6.43394498140812));
#6189=CARTESIAN_POINT('Ctrl Pts',(-96.4398195453507,-862.404000000003,5.93397996935887));
#6190=CARTESIAN_POINT('Ctrl Pts',(-96.6182211980506,-862.404000000004,5.35572659237878));
#6191=CARTESIAN_POINT('Ctrl Pts',(-96.6181316512924,-862.404000000004,4.75060898694063));
#6192=CARTESIAN_POINT('Ctrl Pts',(-96.4398581801227,-862.404000000004,4.17233441322862));
#6193=CARTESIAN_POINT('Ctrl Pts',(-96.09888649075,-862.404000000005,3.67239383785872));
#6194=CARTESIAN_POINT('Ctrl Pts',(-95.704678420814,-862.404000000005,3.35795800057408));
#6195=CARTESIAN_POINT('Ctrl Pts',(-95.389244284435,-862.404000000005,3.20616033772392));
#6196=CARTESIAN_POINT('Ctrl Pts',(-95.200843677712,-862.404000000005,3.14023238928308));
#6197=CARTESIAN_POINT('Ctrl Pts',(-94.9116504923525,-862.404000000005,3.06271635601364));
#6198=CARTESIAN_POINT('Ctrl Pts',(-94.4590198792888,-862.404000000003,3.02869604167683));
#6199=CARTESIAN_POINT('Ctrl Pts',(-93.8691511628651,-862.404000000003,3.16346848487076));
#6200=CARTESIAN_POINT('Ctrl Pts',(-93.2575210727502,-862.404000000002,3.51620393247256));
#6201=CARTESIAN_POINT('Ctrl Pts',(-92.7471798311097,-862.404000000001,4.1556798500541));
#6202=CARTESIAN_POINT('Ctrl Pts',(-92.6106986120603,-862.404,4.75402267595519));
#6203=CARTESIAN_POINT('Ctrl Pts',(-92.6106986120603,-862.404,5.05322197629707));
#6204=CARTESIAN_POINT('Origin',(-162.820375324109,-917.,30.5023544895744));
#6205=CARTESIAN_POINT('',(-182.858076302323,-917.,54.2990833818373));
#6206=CARTESIAN_POINT('Origin',(-162.820375324109,-917.,30.5023544895744));
#6207=CARTESIAN_POINT('',(-182.858076302323,-917.,54.2990833818373));
#6208=CARTESIAN_POINT('Origin',(-212.75,-889.702,26.6495416909186));
#6209=CARTESIAN_POINT('',(-128.192322375,-903.327,26.6495416909186));
#6210=CARTESIAN_POINT('Origin',(-128.192322375,-889.702,26.6495416909186));
#6211=CARTESIAN_POINT('',(-212.75,-903.327,26.6495416909186));
#6212=CARTESIAN_POINT('Origin',(-128.192322375,-889.702,26.6495416909186));
#6213=CARTESIAN_POINT('Origin',(130.323419809742,-843.74694559263,14.2000529009779));
#6214=CARTESIAN_POINT('',(101.182636350126,-860.220582145535,11.554471390526));
#6215=CARTESIAN_POINT('Origin',(72.2019222272908,-820.1751611875,14.200052900978));
#6216=CARTESIAN_POINT('',(63.9634198097416,-862.504,14.200052900978));
#6217=CARTESIAN_POINT('Origin',(63.9634198097416,-777.846322375,14.200052900978));
#6218=CARTESIAN_POINT('',(63.9634198097416,-917.,0.891170224548924));
#6219=CARTESIAN_POINT('',(63.9634198097416,-862.504,23.8791947932175));
#6220=CARTESIAN_POINT('Origin',(63.9634198097416,-862.404,11.554471390526));
#6221=CARTESIAN_POINT('',(63.9634198097416,-777.846322375,11.554471390526));
#6222=CARTESIAN_POINT('Origin',(97.1434198097416,-777.846322375,12.8772621457519));
#6223=CARTESIAN_POINT('Origin',(63.9634198097416,-916.9,14.200052900978));
#6224=CARTESIAN_POINT('',(63.9634198097416,-916.9,14.200052900978));
#6225=CARTESIAN_POINT('',(80.44042464484,-1001.557677625,14.200052900978));
#6226=CARTESIAN_POINT('',(63.9634198097416,-916.9,0.991281594476606));
#6227=CARTESIAN_POINT('',(63.9634198097416,-916.9,23.8791947932175));
#6228=CARTESIAN_POINT('',(63.9634198097416,-916.9,0.891170224548924));
#6229=CARTESIAN_POINT('',(63.9634198097416,-916.9,14.200052900978));
#6230=CARTESIAN_POINT('',(63.982882905467,-917.,0.892089200964634));
#6231=CARTESIAN_POINT('Origin',(19.7590988877805,-689.781346598143,937.305580055644));
#6232=CARTESIAN_POINT('',(63.9828829054671,-917.,11.554471390526));
#6233=CARTESIAN_POINT('',(63.982882905467,-917.,23.8791947932175));
#6234=CARTESIAN_POINT('',(63.9727961697464,-916.948175070077,11.554471390526));
#6235=CARTESIAN_POINT('Origin',(63.9634198097416,-1001.557677625,14.200052900978));
#6236=CARTESIAN_POINT('',(63.9634198097416,-917.,0.891170224548924));
#6237=CARTESIAN_POINT('',(63.9634198097416,-917.,14.200052900978));
#6238=CARTESIAN_POINT('',(63.9634198097416,-917.,23.8791947932175));
#6239=CARTESIAN_POINT('',(63.9634198097416,-917.,0.891170224548924));
#6240=CARTESIAN_POINT('',(63.9634198097416,-916.9,23.8791947932175));
#6241=CARTESIAN_POINT('',(63.9634198097416,-916.9,14.200052900978));
#6242=CARTESIAN_POINT('Origin',(72.2019222272908,-959.2288388125,14.200052900978));
#6243=CARTESIAN_POINT('',(55.6097510239597,-917.,14.200052900978));
#6244=CARTESIAN_POINT('Origin',(-165.271695071145,-889.702,1.125));
#6245=CARTESIAN_POINT('',(-167.171695071145,-889.702,0.0683017367687641));
#6246=CARTESIAN_POINT('Ctrl Pts',(-167.171695071145,-889.702,0.0683017367687641));
#6247=CARTESIAN_POINT('Ctrl Pts',(-167.171695071145,-889.821281381805,0.0683017367687641));
#6248=CARTESIAN_POINT('Ctrl Pts',(-167.160281447262,-889.944635238262,0.0679517560738536));
#6249=CARTESIAN_POINT('Ctrl Pts',(-167.112204272017,-890.190012541238,0.0664783744545725));
#6250=CARTESIAN_POINT('Ctrl Pts',(-167.075551002365,-890.312038004121,0.065355300762357));
#6251=CARTESIAN_POINT('Ctrl Pts',(-166.978615665025,-890.54607622482,0.0623879162419297));
#6252=CARTESIAN_POINT('Ctrl Pts',(-166.918256364516,-890.658275515271,0.0605412899386404));
#6253=CARTESIAN_POINT('Ctrl Pts',(-166.778771317802,-890.865764641453,0.0562791721726995));
#6254=CARTESIAN_POINT('Ctrl Pts',(-166.699636919378,-890.961048656683,0.0538634910880156));
#6255=CARTESIAN_POINT('Ctrl Pts',(-166.530959375898,-891.12975671308,0.0487216800648908));
#6256=CARTESIAN_POINT('Ctrl Pts',(-166.435646527123,-891.208935393279,0.0458196187659054));
#6257=CARTESIAN_POINT('Ctrl Pts',(-166.228103044075,-891.348487491816,0.0395114723028851));
#6258=CARTESIAN_POINT('Ctrl Pts',(-166.115878275014,-891.408869643925,0.036105633945966));
#6259=CARTESIAN_POINT('Ctrl Pts',(-165.881796057111,-891.505836480945,0.0290152678577631));
#6260=CARTESIAN_POINT('Ctrl Pts',(-165.759752348314,-891.542498345155,0.0253251470300156));
#6261=CARTESIAN_POINT('Ctrl Pts',(-165.514346750675,-891.590585244763,0.0179195919795007));
#6262=CARTESIAN_POINT('Ctrl Pts',(-165.390982848843,-891.602,0.014204115324755));
#6263=CARTESIAN_POINT('Ctrl Pts',(-165.152408948313,-891.602,0.00703200830204728));
#6264=CARTESIAN_POINT('Ctrl Pts',(-165.029046283758,-891.590585555944,0.00333028894361223));
#6265=CARTESIAN_POINT('Ctrl Pts',(-164.783642380495,-891.5424994994,-0.00401907447856539));
#6266=CARTESIAN_POINT('Ctrl Pts',(-164.661599131135,-891.505838160705,-0.00766679707143813));
#6267=CARTESIAN_POINT('Ctrl Pts',(-164.427517330444,-891.408872317473,-0.0146505724270167));
#6268=CARTESIAN_POINT('Ctrl Pts',(-164.315292507992,-891.348490625724,-0.0179922312754386));
#6269=CARTESIAN_POINT('Ctrl Pts',(-164.107748744287,-891.208939345692,-0.0241626111803804));
#6270=CARTESIAN_POINT('Ctrl Pts',(-164.012435670752,-891.129761026323,-0.0269912263247581));
#6271=CARTESIAN_POINT('Ctrl Pts',(-163.843756690623,-890.9610527167,-0.031991168626691));
#6272=CARTESIAN_POINT('Ctrl Pts',(-163.76462133542,-890.865767994003,-0.0343334593127482));
#6273=CARTESIAN_POINT('Ctrl Pts',(-163.62513488637,-890.658277546893,-0.0384579001934658));
#6274=CARTESIAN_POINT('Ctrl Pts',(-163.564775139827,-890.546077645998,-0.0402403809885937));
#6275=CARTESIAN_POINT('Ctrl Pts',(-163.467839261363,-890.312038475808,-0.0431012352929003));
#6276=CARTESIAN_POINT('Ctrl Pts',(-163.431185897123,-890.190012684005,-0.0441819369172596));
#6277=CARTESIAN_POINT('Ctrl Pts',(-163.383108661739,-889.944635062624,-0.0455991903003847));
#6278=CARTESIAN_POINT('Ctrl Pts',(-163.371695071145,-889.821281217192,-0.0459354511352955));
#6279=CARTESIAN_POINT('Ctrl Pts',(-163.371695071145,-889.582718782808,-0.0459354511352955));
#6280=CARTESIAN_POINT('Ctrl Pts',(-163.383108661739,-889.459364937375,-0.0455991903003848));
#6281=CARTESIAN_POINT('Ctrl Pts',(-163.431185897123,-889.213987315994,-0.0441819369172579));
#6282=CARTESIAN_POINT('Ctrl Pts',(-163.467839261363,-889.091961524192,-0.0431012352929003));
#6283=CARTESIAN_POINT('Ctrl Pts',(-163.564775139827,-888.857922354001,-0.0402403809885937));
#6284=CARTESIAN_POINT('Ctrl Pts',(-163.62513488637,-888.745722453107,-0.0384579001934658));
#6285=CARTESIAN_POINT('Ctrl Pts',(-163.76462133542,-888.538232005997,-0.0343334593127482));
#6286=CARTESIAN_POINT('Ctrl Pts',(-163.843756690623,-888.4429472833,-0.031991168626691));
#6287=CARTESIAN_POINT('Ctrl Pts',(-164.012435670752,-888.274238973677,-0.0269912263247581));
#6288=CARTESIAN_POINT('Ctrl Pts',(-164.107748744287,-888.195060654308,-0.0241626111803804));
#6289=CARTESIAN_POINT('Ctrl Pts',(-164.315292507992,-888.055509374276,-0.0179922312754386));
#6290=CARTESIAN_POINT('Ctrl Pts',(-164.427517330444,-887.995127682527,-0.0146505724270167));
#6291=CARTESIAN_POINT('Ctrl Pts',(-164.661599131135,-887.898161839295,-0.00766679707143813));
#6292=CARTESIAN_POINT('Ctrl Pts',(-164.783642380495,-887.8615005006,-0.00401907447856541));
#6293=CARTESIAN_POINT('Ctrl Pts',(-165.029046283758,-887.813414444055,0.00333028894361225));
#6294=CARTESIAN_POINT('Ctrl Pts',(-165.152408948313,-887.802,0.00703200830204728));
#6295=CARTESIAN_POINT('Ctrl Pts',(-165.390982848843,-887.802,0.0142041153247551));
#6296=CARTESIAN_POINT('Ctrl Pts',(-165.514346750675,-887.813414755237,0.0179195919795007));
#6297=CARTESIAN_POINT('Ctrl Pts',(-165.759752348314,-887.861501654844,0.0253251470300156));
#6298=CARTESIAN_POINT('Ctrl Pts',(-165.881796057111,-887.898163519055,0.0290152678577631));
#6299=CARTESIAN_POINT('Ctrl Pts',(-166.115878275014,-887.995130356075,0.0361056339459659));
#6300=CARTESIAN_POINT('Ctrl Pts',(-166.228103044075,-888.055512508184,0.0395114723028851));
#6301=CARTESIAN_POINT('Ctrl Pts',(-166.435646527123,-888.195064606721,0.0458196187659054));
#6302=CARTESIAN_POINT('Ctrl Pts',(-166.530959375898,-888.274243286919,0.0487216800648908));
#6303=CARTESIAN_POINT('Ctrl Pts',(-166.699636919378,-888.442951343317,0.0538634910880156));
#6304=CARTESIAN_POINT('Ctrl Pts',(-166.778771317802,-888.538235358546,0.0562791721726995));
#6305=CARTESIAN_POINT('Ctrl Pts',(-166.918256364516,-888.745724484728,0.0605412899386404));
#6306=CARTESIAN_POINT('Ctrl Pts',(-166.978615665025,-888.857923775179,0.0623879162419297));
#6307=CARTESIAN_POINT('Ctrl Pts',(-167.075551002365,-889.091961995879,0.065355300762357));
#6308=CARTESIAN_POINT('Ctrl Pts',(-167.112204272017,-889.213987458762,0.0664783744545725));
#6309=CARTESIAN_POINT('Ctrl Pts',(-167.160281447262,-889.459364761738,0.0679517560738536));
#6310=CARTESIAN_POINT('Ctrl Pts',(-167.171695071145,-889.582718618195,0.0683017367686347));
#6311=CARTESIAN_POINT('Ctrl Pts',(-167.171695071145,-889.702,0.0683017367686347));
#6312=CARTESIAN_POINT('',(-167.171695071145,-889.702,-8.775));
#6313=CARTESIAN_POINT('',(-167.171695071145,-889.702,1.125));
#6314=CARTESIAN_POINT('Origin',(-165.271695071145,-889.702,-8.775));
#6315=CARTESIAN_POINT('Origin',(170.825568341988,-885.179499999999,98.1138449425963));
#6316=CARTESIAN_POINT('',(170.828492205377,-885.2795,98.1133105599559));
#6317=CARTESIAN_POINT('',(170.828492205376,-894.1245,98.113310559956));
#6318=CARTESIAN_POINT('',(170.828492205379,-894.2245,98.1133105599556));
#6319=CARTESIAN_POINT('',(201.609021188795,-885.2795,92.4876782508723));
#6320=CARTESIAN_POINT('',(170.825568341988,-885.2795,98.1138449425963));
#6321=CARTESIAN_POINT('',(201.609021188795,-894.1245,92.4876782508722));
#6322=CARTESIAN_POINT('',(201.609021188795,-889.702,92.4876782508723));
#6323=CARTESIAN_POINT('',(116.896870420853,-894.1245,107.970174103651));
#6324=CARTESIAN_POINT('Origin',(167.694905588642,-894.2245,72.4035724260226));
#6325=CARTESIAN_POINT('',(147.564937864624,-885.2795,88.7006396293561));
#6326=CARTESIAN_POINT('Origin',(167.694905588642,-885.279499999999,72.4035724260225));
#6327=CARTESIAN_POINT('',(147.564937864624,-894.1245,88.7006396293561));
#6328=CARTESIAN_POINT('Origin',(167.694905588642,-894.124499999999,72.4035724260226));
#6329=CARTESIAN_POINT('',(147.564937864624,-894.2245,88.7006396293561));
#6330=CARTESIAN_POINT('Origin',(157.239003347547,-894.2245,100.649944587211));
#6331=CARTESIAN_POINT('',(129.89721188519,-894.1245,66.8776484564383));
#6332=CARTESIAN_POINT('',(119.579375611619,-894.1245,54.1331645209346));
#6333=CARTESIAN_POINT('',(129.89721188519,-885.2795,66.8776484564384));
#6334=CARTESIAN_POINT('',(129.897211885191,-894.2245,66.8776484564385));
#6335=CARTESIAN_POINT('',(136.111177974315,-885.2795,74.5530746697286));
#6336=CARTESIAN_POINT('Origin',(52.3982994956603,-894.2245,149.222429560232));
#6337=CARTESIAN_POINT('',(63.9288624367666,-885.2795,36.7333611364384));
#6338=CARTESIAN_POINT('Origin',(52.3982994956603,-885.2795,149.222429560232));
#6339=CARTESIAN_POINT('',(63.9288624367666,-894.1245,36.7333611364384));
#6340=CARTESIAN_POINT('Origin',(52.3982994956603,-894.1245,149.222429560232));
#6341=CARTESIAN_POINT('',(63.9288624367666,-894.2245,36.7333611364384));
#6342=CARTESIAN_POINT('Origin',(-41.8562967502651,-889.702,67.2402331046458));
#6343=CARTESIAN_POINT('',(-29.6397505965297,-670.302,65.0074645649989));
#6344=CARTESIAN_POINT('',(-67.1462068103847,-670.302,71.8623672857923));
#6345=CARTESIAN_POINT('',(-35.7105938345975,-670.302,66.1170079351552));
#6346=CARTESIAN_POINT('',(-1.90917609905253,-772.241989834544,59.9392600540725));
#6347=CARTESIAN_POINT('',(11.515001476213,-821.590427447482,57.4857776226636));
#6348=CARTESIAN_POINT('',(-1.90917609905252,-862.386754104365,59.9392600540725));
#6349=CARTESIAN_POINT('',(-1.90917609905252,-876.053,59.9392600540725));
#6350=CARTESIAN_POINT('',(-11.4612732694721,-889.702,61.6850580710711));
#6351=CARTESIAN_POINT('',(-13.1605056086491,-894.561137040834,61.9956198665836));
#6352=CARTESIAN_POINT('',(-1.90917609905252,-917.017245895634,59.9392600540725));
#6353=CARTESIAN_POINT('',(-8.38747245430017,-898.491862959166,61.1232719761396));
#6354=CARTESIAN_POINT('',(-1.90917609905253,-1007.16201016546,59.9392600540725));
#6355=CARTESIAN_POINT('',(-1.90917609905252,-948.438791099477,59.9392600540725));
#6356=CARTESIAN_POINT('',(-29.6397505965298,-1109.102,65.0074645649989));
#6357=CARTESIAN_POINT('',(-2.3620412041656,-1008.82678145304,60.0220283706389));
#6358=CARTESIAN_POINT('',(-67.1462068103845,-1109.102,71.8623672857923));
#6359=CARTESIAN_POINT('',(-54.5012517803248,-1109.102,69.551300195219));
#6360=CARTESIAN_POINT('',(-81.8034174014776,-1094.202,74.541206155219));
#6361=CARTESIAN_POINT('Origin',(-67.1462068103847,-1094.202,71.8623672857923));
#6362=CARTESIAN_POINT('',(-81.8034174014776,-685.202,74.541206155219));
#6363=CARTESIAN_POINT('',(-81.8034174014777,-787.452,74.541206155219));
#6364=CARTESIAN_POINT('Origin',(-67.1462068103847,-685.202,71.8623672857923));
#6365=CARTESIAN_POINT('Origin',(-12.5103082025373,-889.668504436839,55.8790553588202));
#6366=CARTESIAN_POINT('',(-2.64463758436125,-862.386754104365,55.9151979894082));
#6367=CARTESIAN_POINT('',(-12.0203969648803,-889.702,58.6258245189533));
#6368=CARTESIAN_POINT('Origin',(-86.6676521892835,-956.796210564029,-217.141004782205));
#6369=CARTESIAN_POINT('',(-12.5220215466277,-889.702,55.8811961591618));
#6370=CARTESIAN_POINT('',(-2.96992437620807,-862.386754104365,54.1353981421632));
#6371=CARTESIAN_POINT('Origin',(-2.96424189383948,-917.03349556316,54.1343595779324));
#6372=CARTESIAN_POINT('',(-2.64463758436116,-917.017245895635,55.9151979894083));
#6373=CARTESIAN_POINT('Origin',(-86.6676521892835,-822.607789435971,-217.141004782205));
#6374=CARTESIAN_POINT('',(-2.96992437620807,-917.017245895634,54.1353981421632));
#6375=CARTESIAN_POINT('Origin',(63.9288624367666,-894.2245,36.7333611364384));
#6376=CARTESIAN_POINT('',(47.8605580306841,-885.2795,35.0862980225972));
#6377=CARTESIAN_POINT('',(108.269945567229,-885.2795,41.2784930063764));
#6378=CARTESIAN_POINT('',(47.8605580306841,-894.1245,35.0862980225972));
#6379=CARTESIAN_POINT('',(55.901793623777,-894.1245,35.9105556542909));
#6380=CARTESIAN_POINT('',(47.8605580306841,-905.61225,35.0862980225972));
#6381=CARTESIAN_POINT('Origin',(47.8645278554087,-894.1245,35.187228924151));
#6382=CARTESIAN_POINT('',(155.639628149811,-894.1245,15.5318023518035));
#6383=CARTESIAN_POINT('',(145.792942064781,-894.1245,-0.952216737463016));
#6384=CARTESIAN_POINT('',(155.538850018553,-894.1245,15.4063737847705));
#6385=CARTESIAN_POINT('',(139.299919735386,-894.1245,-4.80461574383494));
#6386=CARTESIAN_POINT('',(36.6333904982273,-894.1245,37.1382418486474));
#6387=CARTESIAN_POINT('Origin',(155.636074102163,-894.2245,15.5258526354456));
#6388=CARTESIAN_POINT('',(155.63962814981,-885.2795,15.5318023518034));
#6389=CARTESIAN_POINT('',(155.636074102163,-885.2795,15.5258526354456));
#6390=CARTESIAN_POINT('',(155.63962814981,-905.61225,15.5318023518033));
#6391=CARTESIAN_POINT('Origin',(155.721923697677,-885.2795,15.4745706020422));
#6392=CARTESIAN_POINT('',(155.538850018553,-885.2795,15.4063737847705));
#6393=CARTESIAN_POINT('',(90.5620884193616,-885.2795,27.281912687593));
#6394=CARTESIAN_POINT('',(155.643968955906,-885.2795,15.5372049235867));
#6395=CARTESIAN_POINT('Origin',(-2.96636594989318,-772.25507091739,54.1347477830333));
#6396=CARTESIAN_POINT('',(-2.95194559184951,-772.241989834544,54.233768683043));
#6397=CARTESIAN_POINT('',(-30.6825200893267,-670.302,59.3019731939694));
#6398=CARTESIAN_POINT('',(10.472231983416,-821.590427447482,51.7802862516341));
#6399=CARTESIAN_POINT('',(-2.96992437620807,-772.241989834544,54.1353981421632));
#6400=CARTESIAN_POINT('',(-30.7004988736853,-670.302,59.2036026530896));
#6401=CARTESIAN_POINT('Origin',(-30.6256391960854,-670.302,59.1899208537553));
#6402=CARTESIAN_POINT('',(-68.1889763031816,-670.302,66.1568759147628));
#6403=CARTESIAN_POINT('',(-36.7533633273945,-670.302,60.4115165641257));
#6404=CARTESIAN_POINT('',(-68.2069550875402,-670.302,66.058505373883));
#6405=CARTESIAN_POINT('Origin',(-68.2069550875402,-685.202,66.058505373883));
#6406=CARTESIAN_POINT('',(-82.8461868942746,-685.202,68.8357147841895));
#6407=CARTESIAN_POINT('Origin',(-68.1889763031816,-685.202,66.1568759147628));
#6408=CARTESIAN_POINT('',(-82.8641656786331,-685.202,68.7373442433097));
#6409=CARTESIAN_POINT('Origin',(-82.8641656786331,-685.202,68.7373442433097));
#6410=CARTESIAN_POINT('',(-82.8461868942746,-1094.202,68.8357147841895));
#6411=CARTESIAN_POINT('',(-82.8461868942746,-787.452,68.8357147841895));
#6412=CARTESIAN_POINT('',(-82.8641656786331,-1094.202,68.7373442433097));
#6413=CARTESIAN_POINT('Origin',(-68.2069550875402,-1094.202,66.058505373883));
#6414=CARTESIAN_POINT('',(-68.1889763031815,-1109.102,66.1568759147628));
#6415=CARTESIAN_POINT('Origin',(-68.1889763031816,-1094.202,66.1568759147628));
#6416=CARTESIAN_POINT('',(-68.2069550875401,-1109.102,66.058505373883));
#6417=CARTESIAN_POINT('Origin',(-68.2069550875401,-1109.102,66.058505373883));
#6418=CARTESIAN_POINT('',(-30.6825200893267,-1109.102,59.3019731939694));
#6419=CARTESIAN_POINT('',(-55.5440212731218,-1109.102,63.8458088241895));
#6420=CARTESIAN_POINT('',(-30.7004988736853,-1109.102,59.2036026530896));
#6421=CARTESIAN_POINT('Origin',(-30.7204513106504,-1109.17534688366,59.207249278984));
#6422=CARTESIAN_POINT('',(-2.95194559184951,-1007.16201016546,54.233768683043));
#6423=CARTESIAN_POINT('',(-3.4048106969626,-1008.82678145304,54.3165369996094));
#6424=CARTESIAN_POINT('',(-2.96992437620807,-1007.16201016546,54.1353981421632));
#6425=CARTESIAN_POINT('Origin',(-2.96992437620806,-862.404,54.1353981421632));
#6426=CARTESIAN_POINT('',(-2.9519455918495,-862.504,54.233768683043));
#6427=CARTESIAN_POINT('',(-2.9519455918495,-876.053,54.233768683043));
#6428=CARTESIAN_POINT('',(-2.64463758436125,-862.504,55.9151979894082));
#6429=CARTESIAN_POINT('',(-5.05029109309591,-862.504,42.7527153596592));
#6430=CARTESIAN_POINT('',(-2.64463758436125,-917.,55.9151979894083));
#6431=CARTESIAN_POINT('Ctrl Pts',(-75.1755919426092,-800.579087239071,67.5009490354731));
#6432=CARTESIAN_POINT('Ctrl Pts',(-81.0364283831707,-821.237338832692,46.6254024975246));
#6433=CARTESIAN_POINT('Ctrl Pts',(-86.8969560321127,-841.895589438294,25.7497682707326));
#6434=CARTESIAN_POINT('Ctrl Pts',(-92.7571755560204,-862.553930405695,4.87413696901131));
#6435=CARTESIAN_POINT('Ctrl Pts',(-75.1366871203486,-800.368597154179,67.5052369429901));
#6436=CARTESIAN_POINT('Ctrl Pts',(-81.0115314778487,-821.100679027442,46.5569382679848));
#6437=CARTESIAN_POINT('Ctrl Pts',(-86.8860200260225,-841.832721190199,25.6085143252202));
#6438=CARTESIAN_POINT('Ctrl Pts',(-92.7601673010029,-862.564687527959,4.65990580538954));
#6439=CARTESIAN_POINT('Ctrl Pts',(-75.1290473332411,-800.080011483644,67.5197248013128));
#6440=CARTESIAN_POINT('Ctrl Pts',(-81.0230722890744,-820.914155431325,46.4720109342245));
#6441=CARTESIAN_POINT('Ctrl Pts',(-86.9169513921209,-841.748088757376,25.424021648768));
#6442=CARTESIAN_POINT('Ctrl Pts',(-92.8105648827881,-862.581774617752,4.37573915475946));
#6443=CARTESIAN_POINT('Ctrl Pts',(-75.2088832262985,-799.659346512722,67.554005819878));
#6444=CARTESIAN_POINT('Ctrl Pts',(-81.1297169375007,-820.641821635426,46.3624831808131));
#6445=CARTESIAN_POINT('Ctrl Pts',(-87.0505862693364,-841.624127017813,25.1707899084617));
#6446=CARTESIAN_POINT('Ctrl Pts',(-92.971476492774,-862.606126898695,3.9788124690224));
#6447=CARTESIAN_POINT('Ctrl Pts',(-75.3324286680512,-799.322865163786,67.5899736097716));
#6448=CARTESIAN_POINT('Ctrl Pts',(-81.2740782928619,-820.423329027906,46.2840028983582));
#6449=CARTESIAN_POINT('Ctrl Pts',(-87.215811053384,-841.523699755549,24.977952362846));
#6450=CARTESIAN_POINT('Ctrl Pts',(-93.1576784220718,-862.623881069022,3.67176249992262));
#6451=CARTESIAN_POINT('Ctrl Pts',(-75.5930016450989,-798.922142670777,67.6500149791485));
#6452=CARTESIAN_POINT('Ctrl Pts',(-81.5588394288763,-820.161765676143,46.2084414887398));
#6453=CARTESIAN_POINT('Ctrl Pts',(-87.5247133992163,-841.401408928281,24.7668528265364));
#6454=CARTESIAN_POINT('Ctrl Pts',(-93.4906661055092,-862.64097429431,3.32525417101413));
#6455=CARTESIAN_POINT('Ctrl Pts',(-75.9874248620247,-798.571277891579,67.7302828539478));
#6456=CARTESIAN_POINT('Ctrl Pts',(-81.9742727837257,-819.931638382386,46.1704157664666));
#6457=CARTESIAN_POINT('Ctrl Pts',(-87.9611103320798,-841.292025177408,24.6105544747485));
#6458=CARTESIAN_POINT('Ctrl Pts',(-93.9479560178462,-862.652390468376,3.0506915139859));
#6459=CARTESIAN_POINT('Ctrl Pts',(-76.5126782812091,-798.337707597091,67.8304070335103));
#6460=CARTESIAN_POINT('Ctrl Pts',(-82.5136338489203,-819.778058654398,46.1918519258039));
#6461=CARTESIAN_POINT('Ctrl Pts',(-88.5145724498746,-841.218404744249,24.5533218320209));
#6462=CARTESIAN_POINT('Ctrl Pts',(-94.5155202100444,-862.65875491743,2.91476368808221));
#6463=CARTESIAN_POINT('Ctrl Pts',(-76.9884022210804,-798.286030271058,67.9176174342708));
#6464=CARTESIAN_POINT('Ctrl Pts',(-82.9927057975027,-819.744216045748,46.2614685210509));
#6465=CARTESIAN_POINT('Ctrl Pts',(-88.9969993461901,-841.202373351583,24.6053629981588));
#6466=CARTESIAN_POINT('Ctrl Pts',(-95.0013050364465,-862.660560251971,2.94921578100811));
#6467=CARTESIAN_POINT('Ctrl Pts',(-77.3651201853144,-798.333295093934,67.9847739147463));
#6468=CARTESIAN_POINT('Ctrl Pts',(-83.3668576485494,-819.775600873466,46.3443643227373));
#6469=CARTESIAN_POINT('Ctrl Pts',(-89.3685913731068,-841.217933232469,24.70393111498));
#6470=CARTESIAN_POINT('Ctrl Pts',(-95.3703253450203,-862.66023692005,3.06351848983498));
#6471=CARTESIAN_POINT('Ctrl Pts',(-77.7304913854502,-798.437929631714,68.0484441025795));
#6472=CARTESIAN_POINT('Ctrl Pts',(-83.7262542120145,-819.84485969366,46.4431073198909));
#6473=CARTESIAN_POINT('Ctrl Pts',(-89.7219956598305,-841.25176820848,24.8377839719799));
#6474=CARTESIAN_POINT('Ctrl Pts',(-95.7177197436195,-862.658688998415,3.23242723775108));
#6475=CARTESIAN_POINT('Ctrl Pts',(-78.1495232292034,-798.672494965857,68.118163861313));
#6476=CARTESIAN_POINT('Ctrl Pts',(-84.1315656366312,-819.999834215418,46.5919356818595));
#6477=CARTESIAN_POINT('Ctrl Pts',(-90.1135574501331,-841.327093639118,25.0656947903216));
#6478=CARTESIAN_POINT('Ctrl Pts',(-96.0955216045901,-862.654361047432,3.53937372393531));
#6479=CARTESIAN_POINT('Ctrl Pts',(-78.5464327179618,-799.092365077486,68.1756998569626));
#6480=CARTESIAN_POINT('Ctrl Pts',(-84.5031507692129,-820.276343363804,46.792561618287));
#6481=CARTESIAN_POINT('Ctrl Pts',(-90.4598611352677,-841.460165058596,25.409284751389));
#6482=CARTESIAN_POINT('Ctrl Pts',(-96.4165187386051,-862.643889270429,4.02587792943642));
#6483=CARTESIAN_POINT('Ctrl Pts',(-78.8044371533618,-799.609271550419,68.1985263554948));
#6484=CARTESIAN_POINT('Ctrl Pts',(-84.7282259116657,-820.614863792186,46.9937351727067));
#6485=CARTESIAN_POINT('Ctrl Pts',(-90.6522976437138,-841.620260944647,25.7888966235456));
#6486=CARTESIAN_POINT('Ctrl Pts',(-96.5765601196344,-862.625441347685,4.58382969163213));
#6487=CARTESIAN_POINT('Ctrl Pts',(-78.9089257611084,-800.175998512232,68.1857623068423));
#6488=CARTESIAN_POINT('Ctrl Pts',(-84.7946907760033,-820.982620179195,47.1772034574893));
#6489=CARTESIAN_POINT('Ctrl Pts',(-90.6808026551791,-841.789419782551,26.1689657623374));
#6490=CARTESIAN_POINT('Ctrl Pts',(-96.5673391209175,-862.596281138516,5.16086053376359));
#6491=CARTESIAN_POINT('Ctrl Pts',(-78.8536253955199,-800.749077403666,68.1462136885553));
#6492=CARTESIAN_POINT('Ctrl Pts',(-84.7020929711807,-821.352962684248,47.3341814654371));
#6493=CARTESIAN_POINT('Ctrl Pts',(-90.5505059308858,-841.9571173513,26.5224320879191));
#6494=CARTESIAN_POINT('Ctrl Pts',(-96.3988937333385,-862.561619592507,5.71098836682792));
#6495=CARTESIAN_POINT('Ctrl Pts',(-78.6353919486723,-801.282665933266,68.0862045308044));
#6496=CARTESIAN_POINT('Ctrl Pts',(-84.4511567712792,-821.699796156966,47.455382759565));
#6497=CARTESIAN_POINT('Ctrl Pts',(-90.2668271946865,-842.116991079856,26.824659145543));
#6498=CARTESIAN_POINT('Ctrl Pts',(-96.0823436217646,-862.53429710666,6.19394116999141));
#6499=CARTESIAN_POINT('Ctrl Pts',(-78.3829844026568,-801.588112369789,68.0318495008724));
#6500=CARTESIAN_POINT('Ctrl Pts',(-84.1804245202605,-821.899650519443,47.5041737336521));
#6501=CARTESIAN_POINT('Ctrl Pts',(-89.9778642675843,-842.211196027165,26.976534434868));
#6502=CARTESIAN_POINT('Ctrl Pts',(-95.7752050625288,-862.522815448372,6.44891106206051));
#6503=CARTESIAN_POINT('Ctrl Pts',(-78.2221017113141,-801.728349308903,67.9990987584967));
#6504=CARTESIAN_POINT('Ctrl Pts',(-84.0111459497308,-821.991582567341,47.518713489217));
#6505=CARTESIAN_POINT('Ctrl Pts',(-89.8001888884893,-842.254786102058,27.038410629038));
#6506=CARTESIAN_POINT('Ctrl Pts',(-95.5891699013601,-862.518051416997,6.55803919723174));
#6507=CARTESIAN_POINT('Ctrl Pts',(-78.1857673406676,-801.758822362563,67.9917440084944));
#6508=CARTESIAN_POINT('Ctrl Pts',(-83.9729833841295,-822.011559857265,47.5216382899133));
#6509=CARTESIAN_POINT('Ctrl Pts',(-89.7602066945054,-842.264266856097,27.0516040877455));
#6510=CARTESIAN_POINT('Ctrl Pts',(-95.5473705066057,-862.517032397351,6.58151135363259));
#6511=CARTESIAN_POINT('Ctrl Pts',(-78.1206722012085,-801.810291360987,67.9786728728515));
#6512=CARTESIAN_POINT('Ctrl Pts',(-83.9048048000837,-822.045316508878,47.5259216167166));
#6513=CARTESIAN_POINT('Ctrl Pts',(-89.688948622463,-842.280306533657,27.0732441078307));
#6514=CARTESIAN_POINT('Ctrl Pts',(-95.4730433337698,-862.51534759504,6.62049787686981));
#6515=CARTESIAN_POINT('Ctrl Pts',(-78.0429958834402,-801.864735772373,67.9633003499891));
#6516=CARTESIAN_POINT('Ctrl Pts',(-83.8238629839688,-822.08104657635,47.528901443435));
#6517=CARTESIAN_POINT('Ctrl Pts',(-89.6047497937645,-842.297316891702,27.0945742647139));
#6518=CARTESIAN_POINT('Ctrl Pts',(-95.3855939247568,-862.513637485361,6.6601785458792));
#6519=CARTESIAN_POINT('Ctrl Pts',(-77.9623768679016,-801.914553585809,67.9475425471377));
#6520=CARTESIAN_POINT('Ctrl Pts',(-83.7402534230734,-822.11375456155,47.5299358147569));
#6521=CARTESIAN_POINT('Ctrl Pts',(-89.5181537782594,-842.31291619178,27.1123969841424));
#6522=CARTESIAN_POINT('Ctrl Pts',(-95.296017774653,-862.512121212228,6.69479069875498));
#6523=CARTESIAN_POINT('Ctrl Pts',(-77.90053083979,-801.949546403431,67.9355449676241));
#6524=CARTESIAN_POINT('Ctrl Pts',(-83.6763038577859,-822.13673801805,47.5297289182473));
#6525=CARTESIAN_POINT('Ctrl Pts',(-89.4521039656027,-842.323882170992,27.1239891283467));
#6526=CARTESIAN_POINT('Ctrl Pts',(-95.2278710826834,-862.511076013581,6.7181736120815));
#6527=CARTESIAN_POINT('Ctrl Pts',(-77.8479184028708,-801.976692625798,67.9254101459088));
#6528=CARTESIAN_POINT('Ctrl Pts',(-83.6220573251106,-822.154566037622,47.5287499229615));
#6529=CARTESIAN_POINT('Ctrl Pts',(-89.3962256271554,-842.332405086344,27.1321475503058));
#6530=CARTESIAN_POINT('Ctrl Pts',(-95.1703626301101,-862.510278582422,6.73548686905061));
#6531=CARTESIAN_POINT('Ctrl Pts',(-77.8052273576291,-801.997166965101,67.9172260339652));
#6532=CARTESIAN_POINT('Ctrl Pts',(-83.5781322140109,-822.168023561722,47.527457662067));
#6533=CARTESIAN_POINT('Ctrl Pts',(-89.3510667823655,-842.338824599135,27.1377750811058));
#6534=CARTESIAN_POINT('Ctrl Pts',(-95.1239723738831,-862.509681484412,6.74800720051589));
#6535=CARTESIAN_POINT('Ctrl Pts',(-77.5252816632684,-802.12495420122,67.8637367623967));
#6536=CARTESIAN_POINT('Ctrl Pts',(-83.2904710324562,-822.251923789347,47.5171233358235));
#6537=CARTESIAN_POINT('Ctrl Pts',(-89.0557177286042,-842.379028528405,27.1703612240964));
#6538=CARTESIAN_POINT('Ctrl Pts',(-94.8209215223801,-862.505990327113,6.82374420065645));
#6539=CARTESIAN_POINT('Ctrl Pts',(-76.9406710273641,-802.234843093708,67.7557465001666));
#6540=CARTESIAN_POINT('Ctrl Pts',(-82.6990055619678,-822.324211726539,47.4462213807424));
#6541=CARTESIAN_POINT('Ctrl Pts',(-88.4573384687089,-842.413485572131,27.1368267754128));
#6542=CARTESIAN_POINT('Ctrl Pts',(-94.2156524749301,-862.502867379881,6.82730882935546));
#6543=CARTESIAN_POINT('Ctrl Pts',(-76.0990070207167,-801.99331582926,67.6086363839823));
#6544=CARTESIAN_POINT('Ctrl Pts',(-81.8710316807219,-822.16424633279,47.2184421697372));
#6545=CARTESIAN_POINT('Ctrl Pts',(-87.6432101177649,-842.335243980227,26.828151996977));
#6546=CARTESIAN_POINT('Ctrl Pts',(-93.4152879799084,-862.50615650136,6.43795513696386));
#6547=CARTESIAN_POINT('Ctrl Pts',(-75.4499722254808,-801.400965295217,67.5089398014774));
#6548=CARTESIAN_POINT('Ctrl Pts',(-81.2571011158052,-821.773408245118,46.9176459918399));
#6549=CARTESIAN_POINT('Ctrl Pts',(-87.0642431852055,-842.145999454168,26.3265589670184));
#6550=CARTESIAN_POINT('Ctrl Pts',(-92.8715182883556,-862.518739675008,5.73560039598908));
#6551=CARTESIAN_POINT('Ctrl Pts',(-75.2274650389566,-800.859740685595,67.4952318254504));
#6552=CARTESIAN_POINT('Ctrl Pts',(-81.0695479276254,-821.419503003152,46.7166416560549));
#6553=CARTESIAN_POINT('Ctrl Pts',(-86.9116083401307,-841.979427667318,25.938117268415));
#6554=CARTESIAN_POINT('Ctrl Pts',(-92.7531865627103,-862.539587576011,5.159778520507));
#6555=CARTESIAN_POINT('Ctrl Pts',(-75.1755919426092,-800.579087239071,67.5009490354731));
#6556=CARTESIAN_POINT('Ctrl Pts',(-81.0364283831707,-821.237338832692,46.6254024975246));
#6557=CARTESIAN_POINT('Ctrl Pts',(-86.8969560321127,-841.895589438294,25.7497682707326));
#6558=CARTESIAN_POINT('Ctrl Pts',(-92.7571755560204,-862.553930405695,4.87413696901131));
#6559=CARTESIAN_POINT('',(-75.193526320387,-800.642302261651,67.4370690819631));
#6560=CARTESIAN_POINT('Ctrl Pts',(-75.193526320387,-800.642302261651,67.4370690819631));
#6561=CARTESIAN_POINT('Ctrl Pts',(-75.166559997962,-800.492173342813,67.4321405567005));
#6562=CARTESIAN_POINT('Ctrl Pts',(-75.1583354821246,-800.338925839978,67.4306373953336));
#6563=CARTESIAN_POINT('Ctrl Pts',(-75.1863621126817,-799.947094361817,67.4357597088085));
#6564=CARTESIAN_POINT('Ctrl Pts',(-75.2497244884099,-799.714268923036,67.4473401929603));
#6565=CARTESIAN_POINT('Ctrl Pts',(-75.4624065493258,-799.280091884997,67.4862112297153));
#6566=CARTESIAN_POINT('Ctrl Pts',(-75.611841187715,-799.083863737291,67.5135227918483));
#6567=CARTESIAN_POINT('Ctrl Pts',(-75.978342759043,-798.75752681017,67.5805067959927));
#6568=CARTESIAN_POINT('Ctrl Pts',(-76.1931057156952,-798.631444693224,67.6197581496126));
#6569=CARTESIAN_POINT('Ctrl Pts',(-76.6589390428836,-798.469289008291,67.704896615475));
#6570=CARTESIAN_POINT('Ctrl Pts',(-76.9059662075451,-798.435149910143,67.7500447673956));
#6571=CARTESIAN_POINT('Ctrl Pts',(-77.397921158164,-798.464948196961,67.8399573763149));
#6572=CARTESIAN_POINT('Ctrl Pts',(-77.6384241555084,-798.528290970625,67.883913132664));
#6573=CARTESIAN_POINT('Ctrl Pts',(-78.078639952037,-798.74387670602,67.9643695864584));
#6574=CARTESIAN_POINT('Ctrl Pts',(-78.2749681310762,-798.893046743398,68.0002516906218));
#6575=CARTESIAN_POINT('Ctrl Pts',(-78.5954354322861,-799.255300569923,68.0588221981222));
#6576=CARTESIAN_POINT('Ctrl Pts',(-78.7183453183726,-799.463535785076,68.0812859389711));
#6577=CARTESIAN_POINT('Ctrl Pts',(-78.876006621537,-799.912326525233,68.1101010552237));
#6578=CARTESIAN_POINT('Ctrl Pts',(-78.9106705014972,-800.147342599111,68.1164364318239));
#6579=CARTESIAN_POINT('Ctrl Pts',(-78.8890013388727,-800.621794694445,68.1124760469508));
#6580=CARTESIAN_POINT('Ctrl Pts',(-78.831784135877,-800.855727140209,68.102018691069));
#6581=CARTESIAN_POINT('Ctrl Pts',(-78.6307052418069,-801.294723248993,68.065268318008));
#6582=CARTESIAN_POINT('Ctrl Pts',(-78.4865418489752,-801.494620041525,68.0389201600235));
#6583=CARTESIAN_POINT('Ctrl Pts',(-78.1288741826403,-801.830377321838,67.9735506928278));
#6584=CARTESIAN_POINT('Ctrl Pts',(-77.9174984718238,-801.962104449027,67.9349184123766));
#6585=CARTESIAN_POINT('Ctrl Pts',(-77.4560837362976,-802.136614368528,67.8505875145723));
#6586=CARTESIAN_POINT('Ctrl Pts',(-77.2100196334341,-802.177329586884,67.8056153775463));
#6587=CARTESIAN_POINT('Ctrl Pts',(-76.7174060390058,-802.160655398495,67.7155823909721));
#6588=CARTESIAN_POINT('Ctrl Pts',(-76.4753054146843,-802.10372319515,67.671334642827));
#6589=CARTESIAN_POINT('Ctrl Pts',(-76.1250230550159,-801.943538041706,67.6073149581453));
#6590=CARTESIAN_POINT('Ctrl Pts',(-76.0056830570938,-801.872012425924,67.5855036712621));
#6591=CARTESIAN_POINT('Ctrl Pts',(-75.7860043313343,-801.704460517947,67.5453538824811));
#6592=CARTESIAN_POINT('Ctrl Pts',(-75.6860841775965,-801.609178673733,67.5270918816721));
#6593=CARTESIAN_POINT('Ctrl Pts',(-75.5974755054716,-801.503566413554,67.5108972344313));
#6594=CARTESIAN_POINT('Ctrl Pts',(-75.4441700791784,-801.320842395912,67.482878224109));
#6595=CARTESIAN_POINT('Ctrl Pts',(-75.3269201626932,-801.109804917392,67.4614489329239));
#6596=CARTESIAN_POINT('Ctrl Pts',(-75.2280070526782,-800.803102963449,67.4433709854074));
#6597=CARTESIAN_POINT('Ctrl Pts',(-75.208049142142,-800.723154796683,67.4397233591306));
#6598=CARTESIAN_POINT('Ctrl Pts',(-75.193526320387,-800.642302261651,67.4370690819631));
#6599=CARTESIAN_POINT('',(-92.7430116329832,-862.504,4.92459255716778));
#6600=CARTESIAN_POINT('Ctrl Pts',(-75.1935263203277,-800.642302261489,67.4370690821227));
#6601=CARTESIAN_POINT('Ctrl Pts',(-81.0436622013812,-821.262838782484,46.5996341444418));
#6602=CARTESIAN_POINT('Ctrl Pts',(-86.893490417964,-841.883374411902,25.7621119298964));
#6603=CARTESIAN_POINT('Ctrl Pts',(-92.7430116330174,-862.504000000151,4.92459255701396));
#6604=CARTESIAN_POINT('Ctrl Pts',(-92.7430116329832,-862.504,4.92459255716779));
#6605=CARTESIAN_POINT('Ctrl Pts',(-92.7430448941325,-862.504,5.08217159738593));
#6606=CARTESIAN_POINT('Ctrl Pts',(-92.7636317851786,-862.504,5.23941457843373));
#6607=CARTESIAN_POINT('Ctrl Pts',(-92.8666440911542,-862.504,5.62937091248814));
#6608=CARTESIAN_POINT('Ctrl Pts',(-92.9755701982055,-862.504,5.85178422958652));
#6609=CARTESIAN_POINT('Ctrl Pts',(-93.2464307966783,-862.504,6.20983792078337));
#6610=CARTESIAN_POINT('Ctrl Pts',(-93.3947053919074,-862.504,6.35167979846753));
#6611=CARTESIAN_POINT('Ctrl Pts',(-93.7311095240637,-862.504,6.58423512776879));
#6612=CARTESIAN_POINT('Ctrl Pts',(-93.9174749501344,-862.504000003328,6.67322381718494));
#6613=CARTESIAN_POINT('Ctrl Pts',(-94.1142594360308,-862.504000003328,6.73120882058037));
#6614=CARTESIAN_POINT('Ctrl Pts',(-94.3551465601011,-862.504000003328,6.80218921643578));
#6615=CARTESIAN_POINT('Ctrl Pts',(-94.6077020930448,-862.504,6.82554960488307));
#6616=CARTESIAN_POINT('Ctrl Pts',(-95.1048412648414,-862.504,6.77420796591039));
#6617=CARTESIAN_POINT('Ctrl Pts',(-95.3450757306903,-862.504,6.70089078822458));
#6618=CARTESIAN_POINT('Ctrl Pts',(-95.7782166016373,-862.504,6.46854067402278));
#6619=CARTESIAN_POINT('Ctrl Pts',(-95.9683569398821,-862.504,6.31345505703953));
#6620=CARTESIAN_POINT('Ctrl Pts',(-96.2724501531234,-862.504,5.94426881463187));
#6621=CARTESIAN_POINT('Ctrl Pts',(-96.3855750540633,-862.504,5.73564271646055));
#6622=CARTESIAN_POINT('Ctrl Pts',(-96.4894924389624,-862.504,5.39928538898508));
#6623=CARTESIAN_POINT('Ctrl Pts',(-96.5129051148422,-862.504,5.28498253844972));
#6624=CARTESIAN_POINT('Ctrl Pts',(-96.5500509176578,-862.504,4.93232930184087));
#6625=CARTESIAN_POINT('Ctrl Pts',(-96.5277359102272,-862.504,4.69309384050306));
#6626=CARTESIAN_POINT('Ctrl Pts',(-96.3920181972689,-862.504,4.2289492331492));
#6627=CARTESIAN_POINT('Ctrl Pts',(-96.2771297248382,-862.504,4.0090713578207));
#6628=CARTESIAN_POINT('Ctrl Pts',(-95.9679317735222,-862.504,3.62191119875048));
#6629=CARTESIAN_POINT('Ctrl Pts',(-95.7750571781658,-862.504,3.45905416690253));
#6630=CARTESIAN_POINT('Ctrl Pts',(-95.3369813155189,-862.504,3.21546935382027));
#6631=CARTESIAN_POINT('Ctrl Pts',(-95.0954599525079,-862.504,3.13739146582266));
#6632=CARTESIAN_POINT('Ctrl Pts',(-94.597218814111,-862.504,3.07830484162668));
#6633=CARTESIAN_POINT('Ctrl Pts',(-94.3450262933317,-862.504,3.0974874360005));
#6634=CARTESIAN_POINT('Ctrl Pts',(-93.866086949483,-862.504,3.23075263338746));
#6635=CARTESIAN_POINT('Ctrl Pts',(-93.643196616574,-862.504,3.34232305462332));
#6636=CARTESIAN_POINT('Ctrl Pts',(-93.2592884621785,-862.504,3.64077796710996));
#6637=CARTESIAN_POINT('Ctrl Pts',(-93.1000228656707,-862.504,3.82288725746816));
#6638=CARTESIAN_POINT('Ctrl Pts',(-92.8645482425087,-862.504,4.23363358204682));
#6639=CARTESIAN_POINT('Ctrl Pts',(-92.7890489376334,-862.504,4.45653775992571));
#6640=CARTESIAN_POINT('Ctrl Pts',(-92.7481177713846,-862.504,4.76691430882094));
#6641=CARTESIAN_POINT('Ctrl Pts',(-92.7429950008068,-862.504,4.84579544848383));
#6642=CARTESIAN_POINT('Ctrl Pts',(-92.7430116329832,-862.504,4.92459255716779));
#6643=CARTESIAN_POINT('Origin',(-2.96992437620807,-1007.17558219895,54.1353981421632));
#6644=CARTESIAN_POINT('',(-2.95194559184949,-916.9,54.233768683043));
#6645=CARTESIAN_POINT('',(-2.9519455918495,-948.438791099477,54.233768683043));
#6646=CARTESIAN_POINT('',(-2.64463758436125,-916.9,55.9151979894083));
#6647=CARTESIAN_POINT('',(-2.64463758436125,-917.,55.9151979894083));
#6648=CARTESIAN_POINT('',(-5.05029109309591,-916.9,42.7527153596592));
#6649=CARTESIAN_POINT('Origin',(-86.6676521892835,-917.,-217.141004782205));
#6650=CARTESIAN_POINT('',(-0.0510503277761046,-862.504,55.1035932125331));
#6651=CARTESIAN_POINT('Origin',(-86.6676521892835,-862.504,-217.141004782205));
#6652=CARTESIAN_POINT('',(-0.0510503277761046,-916.9,55.1035932125331));
#6653=CARTESIAN_POINT('',(-0.0510503277748793,-917.,55.1035932125325));
#6654=CARTESIAN_POINT('Origin',(-86.6676521892835,-916.9,-217.141004782205));
#6655=CARTESIAN_POINT('Origin',(56.9863886116642,-917.,118.033791769123));
#6656=CARTESIAN_POINT('',(25.4103513491455,-916.9,39.18943114683));
#6657=CARTESIAN_POINT('Origin',(56.9863886116642,-916.9,118.033791769123));
#6658=CARTESIAN_POINT('',(25.4103513491455,-862.504,39.18943114683));
#6659=CARTESIAN_POINT('Origin',(56.9863886116642,-862.504,118.033791769123));
#6660=CARTESIAN_POINT('',(25.4103513491458,-917.,39.1894311468299));
#6661=CARTESIAN_POINT('Origin',(25.4202319254045,-917.,39.1876253140236));
#6662=CARTESIAN_POINT('',(155.538850018553,-862.504,15.4063737847705));
#6663=CARTESIAN_POINT('',(4.37554214946768,-862.504,43.0338778200131));
#6664=CARTESIAN_POINT('',(155.538850018553,-917.,15.4063737847705));
#6665=CARTESIAN_POINT('',(155.538850018553,-916.9,15.4063737847705));
#6666=CARTESIAN_POINT('',(155.538850018553,-917.,15.4063737847705));
#6667=CARTESIAN_POINT('',(4.37554214946768,-916.9,43.0338778200131));
#6668=CARTESIAN_POINT('Origin',(155.643968955906,-917.,15.5372049235867));
#6669=CARTESIAN_POINT('',(153.182742364789,-916.9,12.4739597471385));
#6670=CARTESIAN_POINT('',(125.766199218635,-916.9,-21.6486983821269));
#6671=CARTESIAN_POINT('',(153.182742364789,-862.504,12.4739597471385));
#6672=CARTESIAN_POINT('',(125.766199218635,-862.504,-21.6486983821269));
#6673=CARTESIAN_POINT('',(153.182742364789,-917.,12.4739597471385));
#6674=CARTESIAN_POINT('Origin',(153.203615024757,-917.,12.483796249041));
#6675=CARTESIAN_POINT('',(146.836523290439,-916.9,9.4832246853185));
#6676=CARTESIAN_POINT('',(86.7698366926465,-916.9,-18.8239521629349));
#6677=CARTESIAN_POINT('',(146.836523290439,-862.504,9.4832246853185));
#6678=CARTESIAN_POINT('',(86.7698366926465,-862.504,-18.8239521629349));
#6679=CARTESIAN_POINT('',(146.836523290439,-917.,9.4832246853185));
#6680=CARTESIAN_POINT('Origin',(146.847072331749,-917.,9.48563695457348));
#6681=CARTESIAN_POINT('',(132.81201440337,-916.9,6.27621367738107));
#6682=CARTESIAN_POINT('',(70.6104298983775,-916.9,-7.94754045368727));
#6683=CARTESIAN_POINT('',(132.81201440337,-862.504,6.27621367738107));
#6684=CARTESIAN_POINT('',(70.6104298983775,-862.504,-7.94754045368727));
#6685=CARTESIAN_POINT('',(132.81201440337,-917.,6.27621367738107));
#6686=CARTESIAN_POINT('Origin',(132.816665322163,-917.,6.27682670529655));
#6687=CARTESIAN_POINT('',(129.722831022648,-916.9,5.86903485260284));
#6688=CARTESIAN_POINT('',(59.9207773592365,-916.9,-3.33142840093723));
#6689=CARTESIAN_POINT('',(129.722831022648,-862.504,5.86903485260284));
#6690=CARTESIAN_POINT('',(59.9207773592365,-862.504,-3.33142840093724));
#6691=CARTESIAN_POINT('',(129.722831022648,-917.,5.86903485260284));
#6692=CARTESIAN_POINT('Origin',(129.727435174453,-917.,5.86921434243354));
#6693=CARTESIAN_POINT('',(122.380459356486,-916.9,5.58279732112703));
#6694=CARTESIAN_POINT('',(55.9635845681052,-916.9,2.9935791294933));
#6695=CARTESIAN_POINT('',(122.380459356486,-862.504,5.58279732112703));
#6696=CARTESIAN_POINT('',(55.9635845681052,-862.504,2.9935791294933));
#6697=CARTESIAN_POINT('',(122.380459356483,-917.,5.58279732112691));
#6698=CARTESIAN_POINT('Origin',(-92.7524455030801,-917.,-1041.65861688257));
#6699=CARTESIAN_POINT('',(-182.818049394039,-916.9,54.202036375152));
#6700=CARTESIAN_POINT('',(-135.574400311809,-916.9,57.062760241332));
#6701=CARTESIAN_POINT('Origin',(-92.7524455030801,-916.9,-1041.65861688257));
#6702=CARTESIAN_POINT('',(-182.818049394039,-862.504,54.202036375152));
#6703=CARTESIAN_POINT('',(-182.818049394031,-917.,54.2020363751527));
#6704=CARTESIAN_POINT('',(-135.574400311809,-862.504,57.062760241332));
#6705=CARTESIAN_POINT('Origin',(-92.7524455030801,-862.504,-1041.65861688257));
#6706=CARTESIAN_POINT('',(-135.57440031181,-917.,57.0627602413321));
#6707=CARTESIAN_POINT('Origin',(-135.561095917956,-917.,57.0671280510328));
#6708=CARTESIAN_POINT('',(-101.805518227039,-916.9,68.1490263565895));
#6709=CARTESIAN_POINT('',(-86.4812671906067,-916.9,73.1799517091204));
#6710=CARTESIAN_POINT('',(-101.805518227039,-862.504,68.1490263565895));
#6711=CARTESIAN_POINT('',(-86.4812671906067,-862.504,73.1799517091204));
#6712=CARTESIAN_POINT('',(-101.805518227039,-917.,68.1490263565895));
#6713=CARTESIAN_POINT('Origin',(-86.6676521892835,-917.,-217.141004782205));
#6714=CARTESIAN_POINT('',(-80.9744774703434,-916.9,68.4936300521774));
#6715=CARTESIAN_POINT('',(-80.9744774703434,-862.504,68.4936300521774));
#6716=CARTESIAN_POINT('',(-80.9744774703435,-917.,68.4936300521774));
#6717=CARTESIAN_POINT('Origin',(-86.6676521892835,-916.9,-217.141004782205));
#6718=CARTESIAN_POINT('Origin',(-86.6676521892835,-862.504,-217.141004782205));
#6719=CARTESIAN_POINT('Origin',(-42.8990662430621,-889.702,61.5347417336163));
#6720=CARTESIAN_POINT('',(-28.9121358933751,-862.504,58.9784072624806));
#6721=CARTESIAN_POINT('',(-28.9121358933751,-916.9,58.9784072624806));
#6722=CARTESIAN_POINT('',(-75.193526320387,-978.761697738349,67.4370690819631));
#6723=CARTESIAN_POINT('Ctrl Pts',(-75.1935263203871,-978.761697738349,67.4370690819631));
#6724=CARTESIAN_POINT('Ctrl Pts',(-75.2024344578133,-978.712103692132,67.4386971860722));
#6725=CARTESIAN_POINT('Ctrl Pts',(-75.2133937835718,-978.662815271977,67.4407001775447));
#6726=CARTESIAN_POINT('Ctrl Pts',(-75.2610030160341,-978.483917615534,67.4494015236618));
#6727=CARTESIAN_POINT('Ctrl Pts',(-75.3097262852607,-978.358255673089,67.4583064777551));
#6728=CARTESIAN_POINT('Ctrl Pts',(-75.4342894196204,-978.118071726652,67.4810723760784));
#6729=CARTESIAN_POINT('Ctrl Pts',(-75.5101367358956,-978.004532255741,67.4949346821234));
#6730=CARTESIAN_POINT('Ctrl Pts',(-75.5974755054716,-977.900433586446,67.5108972344313));
#6731=CARTESIAN_POINT('Ctrl Pts',(-75.7546351917737,-977.713115694401,67.5396206722067));
#6732=CARTESIAN_POINT('Ctrl Pts',(-75.9467329439791,-977.55903030245,67.5747295984337));
#6733=CARTESIAN_POINT('Ctrl Pts',(-76.3806638400905,-977.332079520241,67.6540373864964));
#6734=CARTESIAN_POINT('Ctrl Pts',(-76.6192169318213,-977.262433429803,67.6976367665134));
#6735=CARTESIAN_POINT('Ctrl Pts',(-77.1099571140595,-977.219543437476,67.7873273571479));
#6736=CARTESIAN_POINT('Ctrl Pts',(-77.3577444988181,-977.247093326105,67.8326144514091));
#6737=CARTESIAN_POINT('Ctrl Pts',(-77.8277776407283,-977.396794977016,67.9185205003563));
#6738=CARTESIAN_POINT('Ctrl Pts',(-78.0459061702426,-977.517213053845,67.9583869660635));
#6739=CARTESIAN_POINT('Ctrl Pts',(-78.4212396600144,-977.834048216105,68.0269851440831));
#6740=CARTESIAN_POINT('Ctrl Pts',(-78.5759838555045,-978.026576221198,68.0552671124099));
#6741=CARTESIAN_POINT('Ctrl Pts',(-78.800254297591,-978.455673575716,68.096256110541));
#6742=CARTESIAN_POINT('Ctrl Pts',(-78.8697910058483,-978.687160632702,68.1089650523805));
#6743=CARTESIAN_POINT('Ctrl Pts',(-78.9160205863682,-979.160631712558,68.1174142451136));
#6744=CARTESIAN_POINT('Ctrl Pts',(-78.8936750304298,-979.397124345848,68.1133302385808));
#6745=CARTESIAN_POINT('Ctrl Pts',(-78.7596453143448,-979.852846802734,68.0888341715512));
#6746=CARTESIAN_POINT('Ctrl Pts',(-78.648101018264,-980.066507912358,68.0684476734418));
#6747=CARTESIAN_POINT('Ctrl Pts',(-78.3477553807126,-980.444119288427,68.0135547207115));
#6748=CARTESIAN_POINT('Ctrl Pts',(-78.1599046445855,-980.603072663581,67.9792220043696));
#6749=CARTESIAN_POINT('Ctrl Pts',(-77.732293432919,-980.841366141328,67.9010692393741));
#6750=CARTESIAN_POINT('Ctrl Pts',(-77.4956677134926,-980.917333404726,67.8578221173677));
#6751=CARTESIAN_POINT('Ctrl Pts',(-77.0062271711234,-980.973312724947,67.7683690566354));
#6752=CARTESIAN_POINT('Ctrl Pts',(-76.7577782084554,-980.952379983834,67.7229610484658));
#6753=CARTESIAN_POINT('Ctrl Pts',(-76.2839239420754,-980.815233368219,67.6363566281136));
#6754=CARTESIAN_POINT('Ctrl Pts',(-76.0626930310741,-980.700626018024,67.595923152738));
#6755=CARTESIAN_POINT('Ctrl Pts',(-75.67906706605,-980.39369941164,67.5258093926852));
#6756=CARTESIAN_POINT('Ctrl Pts',(-75.5192811478747,-980.205172697565,67.4966059691733));
#6757=CARTESIAN_POINT('Ctrl Pts',(-75.2837045431574,-979.781636354869,67.4535505896028));
#6758=CARTESIAN_POINT('Ctrl Pts',(-75.2080876604458,-979.551663710651,67.4397303989646));
#6759=CARTESIAN_POINT('Ctrl Pts',(-75.155787647941,-979.12927649174,67.4301717380244));
#6760=CARTESIAN_POINT('Ctrl Pts',(-75.1608825360628,-978.943434645967,67.4311029100405));
#6761=CARTESIAN_POINT('Ctrl Pts',(-75.1935263203871,-978.761697738349,67.4370690819631));
#6762=CARTESIAN_POINT('Ctrl Pts',(-75.1756000251565,-978.8248842716,67.5009202464779));
#6763=CARTESIAN_POINT('Ctrl Pts',(-81.0364315232328,-958.166650098244,46.6253913119501));
#6764=CARTESIAN_POINT('Ctrl Pts',(-86.8969542302061,-937.508416912864,25.7497746887666));
#6765=CARTESIAN_POINT('Ctrl Pts',(-92.7571688126619,-916.850093365871,4.87416099061415));
#6766=CARTESIAN_POINT('Ctrl Pts',(-75.1366952221818,-979.035374254649,67.5052080536873));
#6767=CARTESIAN_POINT('Ctrl Pts',(-81.0115346329859,-958.303309808455,46.5569269860703));
#6768=CARTESIAN_POINT('Ctrl Pts',(-86.8860182166485,-937.57128524288,25.6085208205047));
#6769=CARTESIAN_POINT('Ctrl Pts',(-92.7601605416186,-916.839336328362,4.6599299109294));
#6770=CARTESIAN_POINT('Ctrl Pts',(-75.1290538412719,-979.323960714447,67.5196953790834));
#6771=CARTESIAN_POINT('Ctrl Pts',(-81.0230738157159,-958.489834416416,46.471999343768));
#6772=CARTESIAN_POINT('Ctrl Pts',(-86.9169486571557,-937.655917067357,25.4240273213552));
#6773=CARTESIAN_POINT('Ctrl Pts',(-92.8105571736346,-916.822248861145,4.3757626566592));
#6774=CARTESIAN_POINT('Ctrl Pts',(-75.2088890855494,-979.744626102693,67.5539760460519));
#6775=CARTESIAN_POINT('Ctrl Pts',(-81.1297178168816,-958.762168579768,46.3624711797531));
#6776=CARTESIAN_POINT('Ctrl Pts',(-87.0505831715329,-937.77987889314,25.1707952148717));
#6777=CARTESIAN_POINT('Ctrl Pts',(-92.9714684074266,-916.797896605094,3.97883555293223));
#6778=CARTESIAN_POINT('Ctrl Pts',(-75.3324336425937,-980.081107129179,67.5899434773774));
#6779=CARTESIAN_POINT('Ctrl Pts',(-81.2740782329448,-958.980661235013,46.2839909144935));
#6780=CARTESIAN_POINT('Ctrl Pts',(-87.2158073427173,-937.880305587883,24.9779577190769));
#6781=CARTESIAN_POINT('Ctrl Pts',(-93.1576696908139,-916.78014225542,3.67178599760398));
#6782=CARTESIAN_POINT('Ctrl Pts',(-75.5930048892128,-980.481832097793,67.6499842549904));
#6783=CARTESIAN_POINT('Ctrl Pts',(-81.5588376887491,-959.242226664125,46.2084284960556));
#6784=CARTESIAN_POINT('Ctrl Pts',(-87.5247089291811,-938.002596745841,24.766856106085));
#6785=CARTESIAN_POINT('Ctrl Pts',(-93.4906566237451,-916.763048929333,3.3252751963277));
#6786=CARTESIAN_POINT('Ctrl Pts',(-75.9874274407734,-980.832692974311,67.7302519058724));
#6787=CARTESIAN_POINT('Ctrl Pts',(-81.9742702453731,-959.472350993413,46.1704035118019));
#6788=CARTESIAN_POINT('Ctrl Pts',(-87.961104873146,-938.111979126966,24.6105608891698));
#6789=CARTESIAN_POINT('Ctrl Pts',(-93.947945481861,-916.751632378021,3.05071660119119));
#6790=CARTESIAN_POINT('Ctrl Pts',(-76.5126784817267,-981.066273921407,67.8303752824684));
#6791=CARTESIAN_POINT('Ctrl Pts',(-82.5136291134247,-959.625940061258,46.1918375128537));
#6792=CARTESIAN_POINT('Ctrl Pts',(-88.5145670261417,-938.185601364422,24.5533186333374));
#6793=CARTESIAN_POINT('Ctrl Pts',(-94.5155097795073,-916.745268333473,2.9147778621232));
#6794=CARTESIAN_POINT('Ctrl Pts',(-76.9884030055352,-981.117935931055,67.9175860935323));
#6795=CARTESIAN_POINT('Ctrl Pts',(-82.9927012662932,-959.659769963481,46.2614572015209));
#6796=CARTESIAN_POINT('Ctrl Pts',(-88.9969920629728,-938.201628923746,24.6053729814873));
#6797=CARTESIAN_POINT('Ctrl Pts',(-95.0012925740338,-916.743461928371,2.94924572670884));
#6798=CARTESIAN_POINT('Ctrl Pts',(-77.3651217565667,-981.070657672858,67.9847430799664));
#6799=CARTESIAN_POINT('Ctrl Pts',(-83.3668540702547,-959.628369892535,46.3443516130386));
#6800=CARTESIAN_POINT('Ctrl Pts',(-89.3685824210182,-938.186070109624,24.7039566527255));
#6801=CARTESIAN_POINT('Ctrl Pts',(-95.3703112211393,-916.743784333127,3.06356223389668));
#6802=CARTESIAN_POINT('Ctrl Pts',(-77.7304911928207,-980.966030442806,68.0484127221439));
#6803=CARTESIAN_POINT('Ctrl Pts',(-83.7262493291228,-959.559117643335,46.4430934914877));
#6804=CARTESIAN_POINT('Ctrl Pts',(-89.7219863253655,-938.152235715174,24.8378029932429));
#6805=CARTESIAN_POINT('Ctrl Pts',(-95.7177057564061,-916.745332395775,3.23246361500764));
#6806=CARTESIAN_POINT('Ctrl Pts',(-78.1495221040139,-980.731457772518,68.1181329768504));
#6807=CARTESIAN_POINT('Ctrl Pts',(-84.1315589693426,-959.404138569121,46.5919246320302));
#6808=CARTESIAN_POINT('Ctrl Pts',(-90.1135470650624,-938.076907549984,25.0657179822683));
#6809=CARTESIAN_POINT('Ctrl Pts',(-96.0955053310808,-916.749659783732,3.53941705458021));
#6810=CARTESIAN_POINT('Ctrl Pts',(-78.5464386656619,-980.311598359009,68.1756680562751));
#6811=CARTESIAN_POINT('Ctrl Pts',(-84.5031526673672,-959.127637283575,46.7925466979408));
#6812=CARTESIAN_POINT('Ctrl Pts',(-90.4598569140606,-937.943838129045,25.4093046956743));
#6813=CARTESIAN_POINT('Ctrl Pts',(-96.4165099177139,-916.760131269111,4.02591445987776));
#6814=CARTESIAN_POINT('Ctrl Pts',(-78.8044652548642,-979.79469349701,68.1985055123259));
#6815=CARTESIAN_POINT('Ctrl Pts',(-84.7282490070825,-958.789119397258,46.9937325214154));
#6816=CARTESIAN_POINT('Ctrl Pts',(-90.652314030961,-937.783745556079,25.7889078625085));
#6817=CARTESIAN_POINT('Ctrl Pts',(-96.576571349807,-916.778583216729,4.5838591578922));
#6818=CARTESIAN_POINT('Ctrl Pts',(-78.9089410894881,-979.227966439663,68.1857358776606));
#6819=CARTESIAN_POINT('Ctrl Pts',(-84.7947010530687,-958.421362043387,47.1771946123114));
#6820=CARTESIAN_POINT('Ctrl Pts',(-90.6808077060216,-937.614584760947,26.1689807672348));
#6821=CARTESIAN_POINT('Ctrl Pts',(-96.5673392930443,-916.807740722715,5.1608931243532));
#6822=CARTESIAN_POINT('Ctrl Pts',(-78.8536444922505,-978.654888247673,68.1461897234822));
#6823=CARTESIAN_POINT('Ctrl Pts',(-84.7021072006223,-958.051020505587,47.3341751220586));
#6824=CARTESIAN_POINT('Ctrl Pts',(-90.5505148902234,-937.446887500358,26.522445188598));
#6825=CARTESIAN_POINT('Ctrl Pts',(-96.3988977120198,-916.842402772605,5.71101908227825));
#6826=CARTESIAN_POINT('Ctrl Pts',(-78.6354076661973,-978.121300042579,68.0861794728547));
#6827=CARTESIAN_POINT('Ctrl Pts',(-84.4511675368646,-957.704186922396,47.4553750500304));
#6828=CARTESIAN_POINT('Ctrl Pts',(-90.2668333762379,-937.287013318465,26.8246728526855));
#6829=CARTESIAN_POINT('Ctrl Pts',(-96.0823449324722,-916.869724410271,6.19397223330632));
#6830=CARTESIAN_POINT('Ctrl Pts',(-78.3830004874785,-977.815853875558,68.0318248815447));
#6831=CARTESIAN_POINT('Ctrl Pts',(-84.1804357462188,-957.504332919542,47.5041664532835));
#6832=CARTESIAN_POINT('Ctrl Pts',(-89.977870967521,-937.192808279239,26.9765477270356));
#6833=CARTESIAN_POINT('Ctrl Pts',(-95.7752068552932,-916.8812060473,6.44894168397932));
#6834=CARTESIAN_POINT('Ctrl Pts',(-78.2221176147577,-977.675617028386,67.9990741501585));
#6835=CARTESIAN_POINT('Ctrl Pts',(-84.0111569638659,-957.412400847434,47.5187061457143));
#6836=CARTESIAN_POINT('Ctrl Pts',(-89.8001954491428,-937.149218236538,27.0384239176085));
#6837=CARTESIAN_POINT('Ctrl Pts',(-95.5891715822238,-916.885969993047,6.55806975930671));
#6838=CARTESIAN_POINT('Ctrl Pts',(-78.1857832479466,-977.645143983748,67.9917194141108));
#6839=CARTESIAN_POINT('Ctrl Pts',(-83.9729944333397,-957.392423580256,47.5216309702381));
#6840=CARTESIAN_POINT('Ctrl Pts',(-89.7602132560507,-937.139737419531,27.051617407355));
#6841=CARTESIAN_POINT('Ctrl Pts',(-95.5473721895426,-916.886989004079,6.58154190783068));
#6842=CARTESIAN_POINT('Ctrl Pts',(-78.1206880820073,-977.59367504973,67.9786483118515));
#6843=CARTESIAN_POINT('Ctrl Pts',(-83.9048157479055,-957.358666922804,47.5259142462711));
#6844=CARTESIAN_POINT('Ctrl Pts',(-89.6889552051684,-937.123697912511,27.073257299587));
#6845=CARTESIAN_POINT('Ctrl Pts',(-95.4730450327338,-916.888673773057,6.62052837134121));
#6846=CARTESIAN_POINT('Ctrl Pts',(-78.0235926441003,-977.525619463053,67.9594326206587));
#6847=CARTESIAN_POINT('Ctrl Pts',(-83.803638621517,-957.314004475601,47.5296392900556));
#6848=CARTESIAN_POINT('Ctrl Pts',(-89.5837065257559,-937.102434416589,27.0999201705786));
#6849=CARTESIAN_POINT('Ctrl Pts',(-95.3637331493993,-916.890811418777,6.67012928986671));
#6850=CARTESIAN_POINT('Ctrl Pts',(-77.931792640844,-977.471309888852,67.9415608395151));
#6851=CARTESIAN_POINT('Ctrl Pts',(-83.708576979229,-957.278340982632,47.530072527165));
#6852=CARTESIAN_POINT('Ctrl Pts',(-89.485387357767,-937.085415807434,27.1186550975714));
#6853=CARTESIAN_POINT('Ctrl Pts',(-95.2621627184588,-916.892444406697,6.7071667115229));
#6854=CARTESIAN_POINT('Ctrl Pts',(-77.8689787295882,-977.43813354864,67.9294395200401));
#6855=CARTESIAN_POINT('Ctrl Pts',(-83.6437664849297,-957.256547669164,47.5291310604766));
#6856=CARTESIAN_POINT('Ctrl Pts',(-89.4185831695942,-937.075010993503,27.1288987966942));
#6857=CARTESIAN_POINT('Ctrl Pts',(-95.1933674593068,-916.893423839626,6.72859061656379));
#6858=CARTESIAN_POINT('Ctrl Pts',(-77.837261577048,-977.422154789502,67.9233398063356));
#6859=CARTESIAN_POINT('Ctrl Pts',(-83.6110870548061,-957.246053834742,47.5284214828668));
#6860=CARTESIAN_POINT('Ctrl Pts',(-89.3849427180503,-937.069992824803,27.1335665457447));
#6861=CARTESIAN_POINT('Ctrl Pts',(-95.1587669315799,-916.893891883569,6.73864785233696));
#6862=CARTESIAN_POINT('Ctrl Pts',(-77.8052430093863,-977.406799846938,67.9172016092237));
#6863=CARTESIAN_POINT('Ctrl Pts',(-83.5781430148752,-957.23595993943,47.527449981732));
#6864=CARTESIAN_POINT('Ctrl Pts',(-89.3510732888843,-937.065180029878,27.1377883152568));
#6865=CARTESIAN_POINT('Ctrl Pts',(-95.1239740300276,-916.894339798587,6.74803721378805));
#6866=CARTESIAN_POINT('Ctrl Pts',(-77.5252977315115,-977.279011135189,67.8637125830053));
#6867=CARTESIAN_POINT('Ctrl Pts',(-83.2904822219307,-957.152058837787,47.5171167610358));
#6868=CARTESIAN_POINT('Ctrl Pts',(-89.0557245594252,-937.024975205225,27.170375288349));
#6869=CARTESIAN_POINT('Ctrl Pts',(-94.8209234740301,-916.8980307319,6.82377583529642));
#6870=CARTESIAN_POINT('Ctrl Pts',(-76.940684406771,-977.169125377126,67.755721310146));
#6871=CARTESIAN_POINT('Ctrl Pts',(-82.6990140954121,-957.079773503526,47.4462130623578));
#6872=CARTESIAN_POINT('Ctrl Pts',(-88.4573428447854,-936.99051924735,27.1368379319096));
#6873=CARTESIAN_POINT('Ctrl Pts',(-94.2156520052841,-916.901154179135,6.82733687693568));
#6874=CARTESIAN_POINT('Ctrl Pts',(-76.09901909298,-977.410652927713,67.608610422128));
#6875=CARTESIAN_POINT('Ctrl Pts',(-81.871038880645,-957.239739526841,47.2184335331265));
#6876=CARTESIAN_POINT('Ctrl Pts',(-87.6432129770169,-937.068760884628,26.8281622438422));
#6877=CARTESIAN_POINT('Ctrl Pts',(-93.4152859666251,-916.897865476266,6.43798269906575));
#6878=CARTESIAN_POINT('Ctrl Pts',(-75.4499822148251,-978.003005120287,67.5089125821993));
#6879=CARTESIAN_POINT('Ctrl Pts',(-81.2571062119262,-957.630579282346,46.9176360422702));
#6880=CARTESIAN_POINT('Ctrl Pts',(-87.0642438325023,-937.258006185389,26.3265671887644));
#6881=CARTESIAN_POINT('Ctrl Pts',(-92.8715140422619,-916.885283069716,5.73562589407714));
#6882=CARTESIAN_POINT('Ctrl Pts',(-75.2274730957894,-978.544230960868,67.4952031701988));
#6883=CARTESIAN_POINT('Ctrl Pts',(-81.0695510559991,-957.984486013447,46.7166305690677));
#6884=CARTESIAN_POINT('Ctrl Pts',(-86.9116065457797,-937.424578616852,25.9381236137985));
#6885=CARTESIAN_POINT('Ctrl Pts',(-92.7531798407196,-916.86443608255,5.15980243019383));
#6886=CARTESIAN_POINT('Ctrl Pts',(-75.1756000251565,-978.8248842716,67.5009202464779));
#6887=CARTESIAN_POINT('Ctrl Pts',(-81.0364315232328,-958.166650098244,46.6253913119501));
#6888=CARTESIAN_POINT('Ctrl Pts',(-86.8969542302061,-937.508416912864,25.7497746887666));
#6889=CARTESIAN_POINT('Ctrl Pts',(-92.7571688126619,-916.850093365871,4.87416099061415));
#6890=CARTESIAN_POINT('',(-92.7430116329832,-916.9,4.92459255716779));
#6891=CARTESIAN_POINT('Ctrl Pts',(-75.1935263203278,-978.761697738511,67.4370690821226));
#6892=CARTESIAN_POINT('Ctrl Pts',(-81.0436622013851,-958.141161217516,46.599634144443));
#6893=CARTESIAN_POINT('Ctrl Pts',(-86.8934904179673,-937.520625588099,25.7621119298972));
#6894=CARTESIAN_POINT('Ctrl Pts',(-92.7430116330173,-916.899999999849,4.92459255701426));
#6895=CARTESIAN_POINT('Ctrl Pts',(-92.7430116329833,-916.9,4.92459255716779));
#6896=CARTESIAN_POINT('Ctrl Pts',(-92.7430015990186,-916.9,4.87705533887644));
#6897=CARTESIAN_POINT('Ctrl Pts',(-92.744862061202,-916.9,4.82950826436513));
#6898=CARTESIAN_POINT('Ctrl Pts',(-92.7670031091733,-916.9,4.54899593348974));
#6899=CARTESIAN_POINT('Ctrl Pts',(-92.8305311640099,-916.9,4.32253427227811));
#6900=CARTESIAN_POINT('Ctrl Pts',(-93.0436696769495,-916.9,3.90106165989112));
#6901=CARTESIAN_POINT('Ctrl Pts',(-93.1924517083116,-916.9,3.71179961431624));
#6902=CARTESIAN_POINT('Ctrl Pts',(-93.5587720098267,-916.9,3.39489390147615));
#6903=CARTESIAN_POINT('Ctrl Pts',(-93.7748534062485,-916.9,3.27223732669628));
#6904=CARTESIAN_POINT('Ctrl Pts',(-94.2451020790966,-916.9,3.11441897925044));
#6905=CARTESIAN_POINT('Ctrl Pts',(-94.495631578829,-916.9,3.08212379083038));
#6906=CARTESIAN_POINT('Ctrl Pts',(-94.9959663431347,-916.9,3.1150007359845));
#6907=CARTESIAN_POINT('Ctrl Pts',(-95.2412444586205,-916.9,3.18034032831769));
#6908=CARTESIAN_POINT('Ctrl Pts',(-95.6917800787869,-916.9,3.40077459299832));
#6909=CARTESIAN_POINT('Ctrl Pts',(-95.8931633859817,-916.9,3.55352024621688));
#6910=CARTESIAN_POINT('Ctrl Pts',(-96.2229735891143,-916.9,3.9247699501347));
#6911=CARTESIAN_POINT('Ctrl Pts',(-96.3495906784763,-916.9,4.1390243277618));
#6912=CARTESIAN_POINT('Ctrl Pts',(-96.5100743082674,-916.9,4.59714433692817));
#6913=CARTESIAN_POINT('Ctrl Pts',(-96.5450838918898,-916.9,4.83600392554101));
#6914=CARTESIAN_POINT('Ctrl Pts',(-96.5202788531063,-916.9,5.30843272613312));
#6915=CARTESIAN_POINT('Ctrl Pts',(-96.4627731182522,-916.9,5.53671315494837));
#6916=CARTESIAN_POINT('Ctrl Pts',(-96.2609318166469,-916.9,5.96334719540189));
#6917=CARTESIAN_POINT('Ctrl Pts',(-96.1175426791202,-916.9,6.15599656889924));
#6918=CARTESIAN_POINT('Ctrl Pts',(-95.7604408032945,-916.9,6.48169070303258));
#6919=CARTESIAN_POINT('Ctrl Pts',(-95.5480980419299,-916.9,6.6096677706955));
#6920=CARTESIAN_POINT('Ctrl Pts',(-95.1260613241946,-916.9,6.76372788871461));
#6921=CARTESIAN_POINT('Ctrl Pts',(-94.924539464923,-916.9,6.80250629204905));
#6922=CARTESIAN_POINT('Ctrl Pts',(-94.5157943399958,-916.9,6.81546723086857));
#6923=CARTESIAN_POINT('Ctrl Pts',(-94.3110007929264,-916.899999996672,6.78918111547746));
#6924=CARTESIAN_POINT('Ctrl Pts',(-94.1142594360309,-916.899999996672,6.73120882058013));
#6925=CARTESIAN_POINT('Ctrl Pts',(-93.8734091860208,-916.899999996672,6.66023929012653));
#6926=CARTESIAN_POINT('Ctrl Pts',(-93.64856565965,-916.9,6.54294370224171));
#6927=CARTESIAN_POINT('Ctrl Pts',(-93.2587768054972,-916.9,6.23034246638072));
#6928=CARTESIAN_POINT('Ctrl Pts',(-93.0967034154442,-916.9,6.03855876766896));
#6929=CARTESIAN_POINT('Ctrl Pts',(-92.8589297740991,-916.9,5.60886670249644));
#6930=CARTESIAN_POINT('Ctrl Pts',(-92.7833179187257,-916.9,5.37579767307306));
#6931=CARTESIAN_POINT('Ctrl Pts',(-92.7471260772944,-916.9,5.06506987022314));
#6932=CARTESIAN_POINT('Ctrl Pts',(-92.7430264609477,-916.9,4.99484197582271));
#6933=CARTESIAN_POINT('Ctrl Pts',(-92.7430116329833,-916.9,4.92459255716779));
#6934=CARTESIAN_POINT('Origin',(19.7590988877805,-917.,937.305580055644));
#6935=CARTESIAN_POINT('Origin',(19.7590988877805,-916.9,937.305580055644));
#6936=CARTESIAN_POINT('Origin',(19.7590988877805,-862.504,937.305580055644));
#6937=CARTESIAN_POINT('',(25.4364287621823,-862.504,-0.0344091779836458));
#6938=CARTESIAN_POINT('Origin',(19.7590988877805,-862.504,937.305580055644));
#6939=CARTESIAN_POINT('',(25.4364287621823,-916.9,-0.0344091779836458));
#6940=CARTESIAN_POINT('',(25.4364287622356,-917.,-0.0344091779816876));
#6941=CARTESIAN_POINT('Origin',(19.7590988877805,-916.9,937.305580055644));
#6942=CARTESIAN_POINT('Origin',(-19.1039177618223,-862.504,33.5583366854571));
#6943=CARTESIAN_POINT('Origin',(-162.820375324109,-862.504,30.5023544895744));
#6944=CARTESIAN_POINT('Origin',(-69.1628039652142,-862.504,3196.98926798538));
#6945=CARTESIAN_POINT('Origin',(-162.820375324109,-917.,30.5023544895744));
#6946=CARTESIAN_POINT('Origin',(-162.820375324109,-916.9,30.5023544895744));
#6947=CARTESIAN_POINT('Origin',(-19.1039177618223,-916.9,33.5583366854571));
#6948=CARTESIAN_POINT('Origin',(-69.1628039652142,-916.9,3196.98926798538));
#6949=CARTESIAN_POINT('Origin',(-69.1628039652142,-917.,3196.98926798538));
#6950=CARTESIAN_POINT('Origin',(-165.271695071145,-889.702,-8.775));
#6951=CARTESIAN_POINT('Origin',(19.7590988877805,-917.,937.305580055644));
#6952=CARTESIAN_POINT('',(122.38789026402,-917.,5.48301105007295));
#6953=CARTESIAN_POINT('',(122.38789026402,-917.,5.48301105007295));
#6954=CARTESIAN_POINT('Origin',(19.7590988877805,-917.,937.305580055644));
#6955=CARTESIAN_POINT('',(25.4382107097631,-917.,-0.134400218508439));
#6956=CARTESIAN_POINT('Origin',(19.7590988877805,-917.,937.305580055644));
#6957=CARTESIAN_POINT('',(25.4382107097631,-917.,-0.134400218508439));
#6958=CARTESIAN_POINT('Origin',(-19.1039177618223,-917.,33.5583366854571));
#6959=CARTESIAN_POINT('',(-169.069015886491,-917.,0.0269831614624187));
#6960=CARTESIAN_POINT('Origin',(-162.820375324109,-917.,30.5023544895744));
#6961=CARTESIAN_POINT('Origin',(-69.1628039652142,-917.,3196.98926798538));
#6962=CARTESIAN_POINT('',(97.3203132562252,-917.,11.554471390526));
#6963=CARTESIAN_POINT('',(97.3203132562252,-917.,14.2000529009779));
#6964=CARTESIAN_POINT('',(22.4297510239596,-917.,11.554471390526));
#6965=CARTESIAN_POINT('',(129.731330649692,-917.,5.76929024487612));
#6966=CARTESIAN_POINT('',(129.731330649692,-917.,5.76929024487612));
#6967=CARTESIAN_POINT('',(132.829733087323,-917.,6.17768421433667));
#6968=CARTESIAN_POINT('',(132.829733087323,-917.,6.17768421433667));
#6969=CARTESIAN_POINT('',(146.869364119263,-917.,9.38815323178112));
#6970=CARTESIAN_POINT('',(146.869364119263,-917.,9.38815323178112));
#6971=CARTESIAN_POINT('',(153.24624465653,-917.,12.3933378912464));
#6972=CARTESIAN_POINT('',(153.24624465653,-917.,12.3933378912464));
#6973=CARTESIAN_POINT('',(155.721923697677,-917.,15.4745706020421));
#6974=CARTESIAN_POINT('',(155.721923697677,-917.,15.4745706020421));
#6975=CARTESIAN_POINT('',(25.4382107097631,-917.,39.2859958549034));
#6976=CARTESIAN_POINT('',(25.4382107097631,-917.,39.2859958549034));
#6977=CARTESIAN_POINT('',(0.,-917.,55.1922895331169));
#6978=CARTESIAN_POINT('Origin',(56.9863886116642,-917.,118.033791769123));
#6979=CARTESIAN_POINT('',(-2.53029219507348,-917.,55.9846252524789));
#6980=CARTESIAN_POINT('Origin',(-86.6676521892835,-917.,-217.141004782205));
#6981=CARTESIAN_POINT('',(-2.87155383532824,-917.,54.1174193578046));
#6982=CARTESIAN_POINT('',(-4.95192055221608,-917.,42.7347365753006));
#6983=CARTESIAN_POINT('',(-82.1968987943062,-917.,68.6153905840573));
#6984=CARTESIAN_POINT('',(-28.9301146777336,-917.,58.8800367216008));
#6985=CARTESIAN_POINT('',(-101.824086772948,-917.,68.2481814518733));
#6986=CARTESIAN_POINT('Origin',(-86.6676521892835,-917.,-217.141004782205));
#6987=CARTESIAN_POINT('',(-135.592287823116,-917.,57.1621389191086));
#6988=CARTESIAN_POINT('',(-135.592287823116,-917.,57.1621389191086));
#6989=CARTESIAN_POINT('Origin',(-92.7524455030801,-917.,-1041.65861688257));
#6990=CARTESIAN_POINT('',(-92.6106986120603,-917.,5.05322197629707));
#6991=CARTESIAN_POINT('Ctrl Pts',(-92.6106986120603,-917.,5.05322197629707));
#6992=CARTESIAN_POINT('Ctrl Pts',(-92.6106986120603,-917.,4.75402267595519));
#6993=CARTESIAN_POINT('Ctrl Pts',(-92.7471787613023,-917.,4.15568146246139));
#6994=CARTESIAN_POINT('Ctrl Pts',(-93.2575188107341,-917.000000000001,3.51620718946371));
#6995=CARTESIAN_POINT('Ctrl Pts',(-93.8691483580096,-917.000000000001,3.16347243727413));
#6996=CARTESIAN_POINT('Ctrl Pts',(-94.4590167676721,-917.000000000001,3.0287004820692));
#6997=CARTESIAN_POINT('Ctrl Pts',(-94.9116458485301,-917.000000000001,3.06272266935916));
#6998=CARTESIAN_POINT('Ctrl Pts',(-95.2008388594966,-917.000000000001,3.14023915355014));
#6999=CARTESIAN_POINT('Ctrl Pts',(-95.3892394018159,-917.000000000001,3.2061666654618));
#7000=CARTESIAN_POINT('Ctrl Pts',(-95.7046705239444,-917.000000000001,3.35797154986609));
#7001=CARTESIAN_POINT('Ctrl Pts',(-96.0989185266951,-917.000000000001,3.67235176472305));
#7002=CARTESIAN_POINT('Ctrl Pts',(-96.4398644297445,-917.000000000001,4.17232814664899));
#7003=CARTESIAN_POINT('Ctrl Pts',(-96.6181457908228,-917.000000000001,4.75059172633132));
#7004=CARTESIAN_POINT('Ctrl Pts',(-96.6182301048108,-917.000000000001,5.35571657457506));
#7005=CARTESIAN_POINT('Ctrl Pts',(-96.4398290386554,-917.000000000001,5.93396905664537));
#7006=CARTESIAN_POINT('Ctrl Pts',(-96.0989553628511,-917.000000000001,6.43393693936603));
#7007=CARTESIAN_POINT('Ctrl Pts',(-95.6258794740257,-917.000000000001,6.81129070500702));
#7008=CARTESIAN_POINT('Ctrl Pts',(-95.1095219653457,-917.000000000001,7.01394367365355));
#7009=CARTESIAN_POINT('Ctrl Pts',(-94.6108465557559,-917.000000000001,7.070041064991));
#7010=CARTESIAN_POINT('Ctrl Pts',(-94.1620499018164,-917.000000000001,7.01952663401077));
#7011=CARTESIAN_POINT('Ctrl Pts',(-93.7357921916625,-917.000000000001,6.87032275505417));
#7012=CARTESIAN_POINT('Ctrl Pts',(-93.3533102301288,-917.000000000001,6.6300660014037));
#7013=CARTESIAN_POINT('Ctrl Pts',(-93.0340785057006,-917.000000000001,6.31068145997633));
#7014=CARTESIAN_POINT('Ctrl Pts',(-92.7132857047447,-917.,5.80088515890626));
#7015=CARTESIAN_POINT('Ctrl Pts',(-92.6106986120603,-917.,5.35242127663896));
#7016=CARTESIAN_POINT('Ctrl Pts',(-92.6106986120603,-917.,5.05322197629707));
#7017=CARTESIAN_POINT('Origin',(130.323419809742,-935.65705440737,14.2000529009779));
#7018=CARTESIAN_POINT('',(130.323419809742,-935.65705440737,11.5544713905259));
#7019=CARTESIAN_POINT('',(101.182636350126,-919.183417854464,11.554471390526));
#7020=CARTESIAN_POINT('',(130.323419809742,-935.65705440737,12.8772621457519));
#7021=CARTESIAN_POINT('Origin',(130.323419809742,-917.,11.5544713905259));
#7022=CARTESIAN_POINT('',(130.323419809742,-917.,11.5544713905259));
#7023=CARTESIAN_POINT('Origin',(63.9634198097416,-917.,11.554471390526));
#7024=CARTESIAN_POINT('Origin',(-165.271695071145,-889.702,1.125));
#7025=CARTESIAN_POINT('',(-167.271695071145,-889.702,-8.875));
#7026=CARTESIAN_POINT('Origin',(-165.271695071145,-889.702,-8.875));
#7027=CARTESIAN_POINT('',(-167.271695071145,-889.702,-0.0286780469824584));
#7028=CARTESIAN_POINT('',(-167.271695071145,-889.702,1.125));
#7029=CARTESIAN_POINT('Ctrl Pts',(-167.271695071145,-889.702,-0.0286780469824584));
#7030=CARTESIAN_POINT('Ctrl Pts',(-167.271695071145,-889.827559354351,-0.0286780469824584));
#7031=CARTESIAN_POINT('Ctrl Pts',(-167.259680729196,-889.957405519911,-0.0290468162503942));
#7032=CARTESIAN_POINT('Ctrl Pts',(-167.209073177506,-890.215697410164,-0.0305992505831257));
#7033=CARTESIAN_POINT('Ctrl Pts',(-167.170490790651,-890.344145257362,-0.0317825701974716));
#7034=CARTESIAN_POINT('Ctrl Pts',(-167.06845360731,-890.590501254213,-0.0349089861549215));
#7035=CARTESIAN_POINT('Ctrl Pts',(-167.004917513108,-890.708605754286,-0.0368545194136916));
#7036=CARTESIAN_POINT('Ctrl Pts',(-166.858091184891,-890.92701532569,-0.0413446326192796));
#7037=CARTESIAN_POINT('Ctrl Pts',(-166.774791843288,-891.027314270262,-0.0438894082569439));
#7038=CARTESIAN_POINT('Ctrl Pts',(-166.597236573487,-891.204901689694,-0.0493056014507432));
#7039=CARTESIAN_POINT('Ctrl Pts',(-166.496907266344,-891.288247677272,-0.052362341719311));
#7040=CARTESIAN_POINT('Ctrl Pts',(-166.27844045195,-891.435144643457,-0.0590061042947818));
#7041=CARTESIAN_POINT('Ctrl Pts',(-166.160309118535,-891.498704815578,-0.0625928629107537));
#7042=CARTESIAN_POINT('Ctrl Pts',(-165.913906773877,-891.600775196919,-0.0700591252062708));
#7043=CARTESIAN_POINT('Ctrl Pts',(-165.785439699818,-891.639366647289,-0.0739445158124532));
#7044=CARTESIAN_POINT('Ctrl Pts',(-165.527117971818,-891.689984459529,-0.0817411495099271));
#7045=CARTESIAN_POINT('Ctrl Pts',(-165.397261198873,-891.702,-0.0856524362649533));
#7046=CARTESIAN_POINT('Ctrl Pts',(-165.146130776948,-891.702,-0.0932017863672886));
#7047=CARTESIAN_POINT('Ctrl Pts',(-165.016275374863,-891.689984804307,-0.0970978300608271));
#7048=CARTESIAN_POINT('Ctrl Pts',(-164.757955524169,-891.63936792615,-0.104832203521767));
#7049=CARTESIAN_POINT('Ctrl Pts',(-164.62948895915,-891.600777058032,-0.108670616949013));
#7050=CARTESIAN_POINT('Ctrl Pts',(-164.383087076748,-891.498707777773,-0.116018776873673));
#7051=CARTESIAN_POINT('Ctrl Pts',(-164.264955684177,-891.435148115713,-0.119534424689549));
#7052=CARTESIAN_POINT('Ctrl Pts',(-164.046488558826,-891.288252056403,-0.126025542125223));
#7053=CARTESIAN_POINT('Ctrl Pts',(-163.946159002656,-891.204906468611,-0.129000904164579));
#7054=CARTESIAN_POINT('Ctrl Pts',(-163.768602141101,-891.027318768614,-0.13425990702321));
#7055=CARTESIAN_POINT('Ctrl Pts',(-163.685301739422,-890.927019040195,-0.136723366205107));
#7056=CARTESIAN_POINT('Ctrl Pts',(-163.538473857468,-890.70860800525,-0.141060933620978));
#7057=CARTESIAN_POINT('Ctrl Pts',(-163.474937269074,-890.590502828827,-0.142935393749098));
#7058=CARTESIAN_POINT('Ctrl Pts',(-163.372899486189,-890.344145779974,-0.145943774382098));
#7059=CARTESIAN_POINT('Ctrl Pts',(-163.334316994533,-890.215697568346,-0.147080145807615));
#7060=CARTESIAN_POINT('Ctrl Pts',(-163.283709376211,-889.95740532531,-0.148570390136764));
#7061=CARTESIAN_POINT('Ctrl Pts',(-163.271695071145,-889.827559171966,-0.148923957820042));
#7062=CARTESIAN_POINT('Ctrl Pts',(-163.271695071145,-889.576440828034,-0.148923957820042));
#7063=CARTESIAN_POINT('Ctrl Pts',(-163.283709376211,-889.446594674689,-0.148570390136764));
#7064=CARTESIAN_POINT('Ctrl Pts',(-163.334316994533,-889.188302431654,-0.147080145807615));
#7065=CARTESIAN_POINT('Ctrl Pts',(-163.372899486189,-889.059854220025,-0.145943774382098));
#7066=CARTESIAN_POINT('Ctrl Pts',(-163.474937269074,-888.813497171172,-0.142935393749098));
#7067=CARTESIAN_POINT('Ctrl Pts',(-163.538473857468,-888.69539199475,-0.141060933620978));
#7068=CARTESIAN_POINT('Ctrl Pts',(-163.685301739422,-888.476980959805,-0.136723366205107));
#7069=CARTESIAN_POINT('Ctrl Pts',(-163.768602141101,-888.376681231386,-0.13425990702321));
#7070=CARTESIAN_POINT('Ctrl Pts',(-163.946159002656,-888.199093531389,-0.129000904164579));
#7071=CARTESIAN_POINT('Ctrl Pts',(-164.046488558826,-888.115747943596,-0.126025542125223));
#7072=CARTESIAN_POINT('Ctrl Pts',(-164.264955684177,-887.968851884286,-0.119534424689549));
#7073=CARTESIAN_POINT('Ctrl Pts',(-164.383087076748,-887.905292222227,-0.116018776873673));
#7074=CARTESIAN_POINT('Ctrl Pts',(-164.62948895915,-887.803222941967,-0.108670616949013));
#7075=CARTESIAN_POINT('Ctrl Pts',(-164.757955524169,-887.764632073849,-0.104832203521767));
#7076=CARTESIAN_POINT('Ctrl Pts',(-165.016275374863,-887.714015195693,-0.0970978300608271));
#7077=CARTESIAN_POINT('Ctrl Pts',(-165.146130776948,-887.702,-0.0932017863672886));
#7078=CARTESIAN_POINT('Ctrl Pts',(-165.397261198873,-887.702,-0.0856524362649533));
#7079=CARTESIAN_POINT('Ctrl Pts',(-165.527117971818,-887.71401554047,-0.0817411495099271));
#7080=CARTESIAN_POINT('Ctrl Pts',(-165.785439699818,-887.764633352711,-0.0739445158124538));
#7081=CARTESIAN_POINT('Ctrl Pts',(-165.913906773877,-887.80322480308,-0.0700591252062723));
#7082=CARTESIAN_POINT('Ctrl Pts',(-166.160309118535,-887.905295184422,-0.0625928629107551));
#7083=CARTESIAN_POINT('Ctrl Pts',(-166.27844045195,-887.968855356543,-0.0590061042947787));
#7084=CARTESIAN_POINT('Ctrl Pts',(-166.496907266344,-888.115752322727,-0.0523623417193051));
#7085=CARTESIAN_POINT('Ctrl Pts',(-166.597236573487,-888.199098310305,-0.0493056014507432));
#7086=CARTESIAN_POINT('Ctrl Pts',(-166.774791843288,-888.376685729738,-0.0438894082569439));
#7087=CARTESIAN_POINT('Ctrl Pts',(-166.858091184891,-888.476984674309,-0.0413446326192811));
#7088=CARTESIAN_POINT('Ctrl Pts',(-167.004917513107,-888.695394245713,-0.0368545194136923));
#7089=CARTESIAN_POINT('Ctrl Pts',(-167.06845360731,-888.813498745786,-0.0349089861549215));
#7090=CARTESIAN_POINT('Ctrl Pts',(-167.170490790651,-889.059854742638,-0.0317825701974716));
#7091=CARTESIAN_POINT('Ctrl Pts',(-167.209073177506,-889.188302589835,-0.030599250583125));
#7092=CARTESIAN_POINT('Ctrl Pts',(-167.259680729196,-889.446594480089,-0.0290468162503936));
#7093=CARTESIAN_POINT('Ctrl Pts',(-167.271695071145,-889.576440645648,-0.0286780469824588));
#7094=CARTESIAN_POINT('Ctrl Pts',(-167.271695071145,-889.702,-0.0286780469824588));
#7095=CARTESIAN_POINT('Origin',(-165.271695071145,-889.702,-8.875));
#7096=CARTESIAN_POINT('Ctrl Pts',(-75.1249511041263,-978.640424312829,67.3228794178113));
#7097=CARTESIAN_POINT('Ctrl Pts',(-80.9535336067709,-958.093616208552,46.5663269373066));
#7098=CARTESIAN_POINT('Ctrl Pts',(-86.7821161094156,-937.546808104276,25.8097744568018));
#7099=CARTESIAN_POINT('Ctrl Pts',(-92.6106986120603,-917.,5.05322197629707));
#7100=CARTESIAN_POINT('Ctrl Pts',(-75.0720352322345,-978.934748282884,67.3132081987515));
#7101=CARTESIAN_POINT('Ctrl Pts',(-80.9182479574602,-958.289878918016,46.4601923258094));
#7102=CARTESIAN_POINT('Ctrl Pts',(-86.7644858868346,-937.644869364868,25.6070385488972));
#7103=CARTESIAN_POINT('Ctrl Pts',(-92.6106986120603,-917.,4.75402267595519));
#7104=CARTESIAN_POINT('Ctrl Pts',(-75.0982822479641,-979.547877242629,67.3180052592498));
#7105=CARTESIAN_POINT('Ctrl Pts',(-80.9812496248345,-958.698574413787,46.2638870820566));
#7106=CARTESIAN_POINT('Ctrl Pts',(-86.8642113844319,-937.849302828842,25.2097996396546));
#7107=CARTESIAN_POINT('Ctrl Pts',(-92.7471787613023,-917.,4.15568146246139));
#7108=CARTESIAN_POINT('Ctrl Pts',(-75.4790299184136,-980.268684480748,67.3875929650896));
#7109=CARTESIAN_POINT('Ctrl Pts',(-81.405189450087,-959.179142078742,46.0971498203684));
#7110=CARTESIAN_POINT('Ctrl Pts',(-87.3313592790607,-938.089542402006,24.8066503341849));
#7111=CARTESIAN_POINT('Ctrl Pts',(-93.2575188107341,-917.000000000001,3.51620718946371));
#7112=CARTESIAN_POINT('Ctrl Pts',(-76.0085052953226,-980.725635121725,67.4843630299838));
#7113=CARTESIAN_POINT('Ctrl Pts',(-81.9620467195748,-959.483791585046,46.0441004353173));
#7114=CARTESIAN_POINT('Ctrl Pts',(-87.9156069337575,-938.241843536681,24.6037350319406));
#7115=CARTESIAN_POINT('Ctrl Pts',(-93.8691483580096,-917.000000000001,3.16347243727413));
#7116=CARTESIAN_POINT('Ctrl Pts',(-76.5554714585297,-980.964262192388,67.5843298148747));
#7117=CARTESIAN_POINT('Ctrl Pts',(-82.523317066312,-959.642857194572,46.0658021805566));
#7118=CARTESIAN_POINT('Ctrl Pts',(-88.4911711598897,-938.321404997817,24.5472281163873));
#7119=CARTESIAN_POINT('Ctrl Pts',(-94.4590167676721,-917.000000000001,3.0287004820692));
#7120=CARTESIAN_POINT('Ctrl Pts',(-76.9994870122612,-981.012171589123,67.6654807348655));
#7121=CARTESIAN_POINT('Ctrl Pts',(-82.970202927243,-959.674801623141,46.1312482750112));
#7122=CARTESIAN_POINT('Ctrl Pts',(-88.9409299335483,-938.337369965983,24.5969551292134));
#7123=CARTESIAN_POINT('Ctrl Pts',(-94.9116458485301,-917.000000000001,3.06272266935916));
#7124=CARTESIAN_POINT('Ctrl Pts',(-77.2930416757643,-980.987911592175,67.7191325288414));
#7125=CARTESIAN_POINT('Ctrl Pts',(-83.2623034452245,-959.65862974546,46.1928563956572));
#7126=CARTESIAN_POINT('Ctrl Pts',(-89.2315770900365,-938.329281846716,24.6665152867344));
#7127=CARTESIAN_POINT('Ctrl Pts',(-95.2008388594966,-917.000000000001,3.14023915355014));
#7128=CARTESIAN_POINT('Ctrl Pts',(-77.4870122473476,-980.956930469353,67.7545837426622));
#7129=CARTESIAN_POINT('Ctrl Pts',(-83.4544158923476,-959.637983717732,46.2384742984218));
#7130=CARTESIAN_POINT('Ctrl Pts',(-89.4218357568159,-938.318946751623,24.7222761097022));
#7131=CARTESIAN_POINT('Ctrl Pts',(-95.3892394018159,-917.000000000001,3.2061666654618));
#7132=CARTESIAN_POINT('Ctrl Pts',(-77.8190954282529,-980.86430986473,67.8152772373325));
#7133=CARTESIAN_POINT('Ctrl Pts',(-83.7809503878519,-959.576225518988,46.329527308685));
#7134=CARTESIAN_POINT('Ctrl Pts',(-89.7428155643454,-938.288084345743,24.8437214785136));
#7135=CARTESIAN_POINT('Ctrl Pts',(-95.7046705239444,-917.000000000001,3.35797154986609));
#7136=CARTESIAN_POINT('Ctrl Pts',(-78.2562006314099,-980.625933345208,67.8951651806058));
#7137=CARTESIAN_POINT('Ctrl Pts',(-84.2037696368555,-959.41730906678,46.4875805499571));
#7138=CARTESIAN_POINT('Ctrl Pts',(-90.1513495212495,-938.20862427843,25.0799363953717));
#7139=CARTESIAN_POINT('Ctrl Pts',(-96.0989185266951,-917.000000000001,3.67235176472305));
#7140=CARTESIAN_POINT('Ctrl Pts',(-78.674550872078,-980.195401802725,67.9716253555327));
#7141=CARTESIAN_POINT('Ctrl Pts',(-84.5963160700596,-959.130301173891,46.7052257152805));
#7142=CARTESIAN_POINT('Ctrl Pts',(-90.518099231763,-938.065100628836,25.4387277869012));
#7143=CARTESIAN_POINT('Ctrl Pts',(-96.4398644297445,-917.000000000001,4.17232814664899));
#7144=CARTESIAN_POINT('Ctrl Pts',(-78.9493402242239,-979.65861361314,68.0218474897415));
#7145=CARTESIAN_POINT('Ctrl Pts',(-84.8389382540065,-958.772430354677,46.931449834451));
#7146=CARTESIAN_POINT('Ctrl Pts',(-90.7285477610402,-937.886183258465,25.8409893816219));
#7147=CARTESIAN_POINT('Ctrl Pts',(-96.6181457908228,-917.000000000001,4.75059172633132));
#7148=CARTESIAN_POINT('Ctrl Pts',(-79.0564431491931,-979.063364185555,68.0414222564854));
#7149=CARTESIAN_POINT('Ctrl Pts',(-84.9103663776757,-958.37560814324,47.1462185269727));
#7150=CARTESIAN_POINT('Ctrl Pts',(-90.7643068763282,-937.687756042317,26.2509203040878));
#7151=CARTESIAN_POINT('Ctrl Pts',(-96.6182301048108,-917.000000000001,5.35571657457506));
#7152=CARTESIAN_POINT('Ctrl Pts',(-78.9860773960104,-978.462459748314,68.0285617934709));
#7153=CARTESIAN_POINT('Ctrl Pts',(-84.8039891686291,-957.975003432308,47.3303939881091));
#7154=CARTESIAN_POINT('Ctrl Pts',(-90.6219172660368,-937.487456316007,26.6321368620072));
#7155=CARTESIAN_POINT('Ctrl Pts',(-96.4398290386554,-917.000000000001,5.93396905664537));
#7156=CARTESIAN_POINT('Ctrl Pts',(-78.7446454648508,-977.909353694748,67.98443625966));
#7157=CARTESIAN_POINT('Ctrl Pts',(-84.5294093498709,-957.606269619587,47.4676364248499));
#7158=CARTESIAN_POINT('Ctrl Pts',(-90.314191477831,-937.303084075162,26.9507367741761));
#7159=CARTESIAN_POINT('Ctrl Pts',(-96.0989553628511,-917.000000000001,6.43393693936603));
#7160=CARTESIAN_POINT('Ctrl Pts',(-78.3535992600697,-977.453095460553,67.912966332514));
#7161=CARTESIAN_POINT('Ctrl Pts',(-84.1110210111241,-957.302091378234,47.5457684092331));
#7162=CARTESIAN_POINT('Ctrl Pts',(-89.8684577229714,-937.151004082319,27.1784886282879));
#7163=CARTESIAN_POINT('Ctrl Pts',(-95.6258794740257,-917.000000000001,6.81129070500702));
#7164=CARTESIAN_POINT('Ctrl Pts',(-77.8897731747221,-977.160909836181,67.8281947220932));
#7165=CARTESIAN_POINT('Ctrl Pts',(-83.6296876279643,-957.107283293206,47.5567876109598));
#7166=CARTESIAN_POINT('Ctrl Pts',(-89.3696075121035,-937.053626542976,27.285350784787));
#7167=CARTESIAN_POINT('Ctrl Pts',(-95.1095219653457,-917.000000000001,7.01394367365355));
#7168=CARTESIAN_POINT('Ctrl Pts',(-77.4171380716788,-977.016070752364,67.741813123274));
#7169=CARTESIAN_POINT('Ctrl Pts',(-83.1483712396343,-957.010730484553,47.5179054821908));
#7170=CARTESIAN_POINT('Ctrl Pts',(-88.8796133878003,-937.005340267812,27.2939487060743));
#7171=CARTESIAN_POINT('Ctrl Pts',(-94.6108465557559,-917.000000000001,7.070041064991));
#7172=CARTESIAN_POINT('Ctrl Pts',(-76.9739142770115,-976.985073888721,67.6608069098728));
#7173=CARTESIAN_POINT('Ctrl Pts',(-82.7032908878366,-956.990059998342,47.447057382122));
#7174=CARTESIAN_POINT('Ctrl Pts',(-88.4326732909913,-936.99501389038,27.2332761617616));
#7175=CARTESIAN_POINT('Ctrl Pts',(-94.1620499018164,-917.000000000001,7.01952663401077));
#7176=CARTESIAN_POINT('Ctrl Pts',(-76.53504683933,-977.055210596944,67.5805968901504));
#7177=CARTESIAN_POINT('Ctrl Pts',(-82.2686258051854,-957.03682274008,47.3438542651437));
#7178=CARTESIAN_POINT('Ctrl Pts',(-88.0022132258071,-937.018387856864,27.1070653800609));
#7179=CARTESIAN_POINT('Ctrl Pts',(-93.7357921916625,-917.000000000001,6.87032275505417));
#7180=CARTESIAN_POINT('Ctrl Pts',(-76.1224367031965,-977.222786857935,67.5051858108236));
#7181=CARTESIAN_POINT('Ctrl Pts',(-81.8660589213952,-957.148537313523,47.2134917416315));
#7182=CARTESIAN_POINT('Ctrl Pts',(-87.6096880119302,-937.074249544412,26.9217600705958));
#7183=CARTESIAN_POINT('Ctrl Pts',(-93.3533102301288,-917.000000000001,6.6300660014037));
#7184=CARTESIAN_POINT('Ctrl Pts',(-75.7570379204738,-977.479573175485,67.4384033588751));
#7185=CARTESIAN_POINT('Ctrl Pts',(-81.516048490634,-957.319731904432,47.0625122452378));
#7186=CARTESIAN_POINT('Ctrl Pts',(-87.2750679355404,-937.159841271053,26.6865725736136));
#7187=CARTESIAN_POINT('Ctrl Pts',(-93.0340785057006,-917.000000000001,6.31068145997633));
#7188=CARTESIAN_POINT('Ctrl Pts',(-75.3564526257515,-977.923387908311,67.3651900109905));
#7189=CARTESIAN_POINT('Ctrl Pts',(-81.142064175202,-957.615589029225,46.8437521980583));
#7190=CARTESIAN_POINT('Ctrl Pts',(-86.9276741552941,-937.307798879086,26.3223229718385));
#7191=CARTESIAN_POINT('Ctrl Pts',(-92.7132857047447,-917.,5.80088515890626));
#7192=CARTESIAN_POINT('Ctrl Pts',(-75.177866976018,-978.346100342774,67.3325506368712));
#7193=CARTESIAN_POINT('Ctrl Pts',(-80.9888008229381,-957.897456026285,46.6725624053615));
#7194=CARTESIAN_POINT('Ctrl Pts',(-86.7997647651402,-937.448644316488,26.0124095081487));
#7195=CARTESIAN_POINT('Ctrl Pts',(-92.6106986120603,-917.,5.35242127663896));
#7196=CARTESIAN_POINT('Ctrl Pts',(-75.1249511041263,-978.640424312829,67.3228794178113));
#7197=CARTESIAN_POINT('Ctrl Pts',(-80.9535336067709,-958.093616208552,46.5663269373066));
#7198=CARTESIAN_POINT('Ctrl Pts',(-86.7821161094156,-937.546808104276,25.8097744568018));
#7199=CARTESIAN_POINT('Ctrl Pts',(-92.6106986120603,-917.,5.05322197629707));
#7200=CARTESIAN_POINT('',(-75.1249511041263,-978.640424312829,67.3228794178113));
#7201=CARTESIAN_POINT('Ctrl Pts',(-75.1249511041263,-978.640424312829,67.3228794178113));
#7202=CARTESIAN_POINT('Ctrl Pts',(-75.177866976018,-978.346100342774,67.3325506368712));
#7203=CARTESIAN_POINT('Ctrl Pts',(-75.3564526257515,-977.923387908311,67.3651900109905));
#7204=CARTESIAN_POINT('Ctrl Pts',(-75.7570379204738,-977.479573175485,67.4384033588751));
#7205=CARTESIAN_POINT('Ctrl Pts',(-76.1224367031965,-977.222786857935,67.5051858108236));
#7206=CARTESIAN_POINT('Ctrl Pts',(-76.53504683933,-977.055210596944,67.5805968901504));
#7207=CARTESIAN_POINT('Ctrl Pts',(-76.9739142770115,-976.985073888721,67.6608069098728));
#7208=CARTESIAN_POINT('Ctrl Pts',(-77.4171380716788,-977.016070752364,67.741813123274));
#7209=CARTESIAN_POINT('Ctrl Pts',(-77.8897731747221,-977.160909836181,67.8281947220932));
#7210=CARTESIAN_POINT('Ctrl Pts',(-78.3535992600697,-977.453095460553,67.912966332514));
#7211=CARTESIAN_POINT('Ctrl Pts',(-78.7446454648508,-977.909353694748,67.98443625966));
#7212=CARTESIAN_POINT('Ctrl Pts',(-78.9860773960104,-978.462459748314,68.0285617934709));
#7213=CARTESIAN_POINT('Ctrl Pts',(-79.0564431491931,-979.063364185555,68.0414222564854));
#7214=CARTESIAN_POINT('Ctrl Pts',(-78.9493402242239,-979.65861361314,68.0218474897415));
#7215=CARTESIAN_POINT('Ctrl Pts',(-78.674550872078,-980.195401802725,67.9716253555327));
#7216=CARTESIAN_POINT('Ctrl Pts',(-78.2562006314099,-980.625933345208,67.8951651806058));
#7217=CARTESIAN_POINT('Ctrl Pts',(-77.8190954282529,-980.86430986473,67.8152772373325));
#7218=CARTESIAN_POINT('Ctrl Pts',(-77.4870122473476,-980.956930469353,67.7545837426622));
#7219=CARTESIAN_POINT('Ctrl Pts',(-77.2930416757643,-980.987911592175,67.7191325288414));
#7220=CARTESIAN_POINT('Ctrl Pts',(-76.9994870122612,-981.012171589123,67.6654807348655));
#7221=CARTESIAN_POINT('Ctrl Pts',(-76.5554714585297,-980.964262192388,67.5843298148747));
#7222=CARTESIAN_POINT('Ctrl Pts',(-76.0085052953226,-980.725635121725,67.4843630299838));
#7223=CARTESIAN_POINT('Ctrl Pts',(-75.4790299184136,-980.268684480748,67.3875929650896));
#7224=CARTESIAN_POINT('Ctrl Pts',(-75.0982822479641,-979.547877242629,67.3180052592498));
#7225=CARTESIAN_POINT('Ctrl Pts',(-75.0720352322345,-978.934748282884,67.3132081987515));
#7226=CARTESIAN_POINT('Ctrl Pts',(-75.1249511041263,-978.640424312829,67.3228794178113));
#7227=CARTESIAN_POINT('',(-75.1249511041263,-978.640424312829,67.3228794178113));
#7228=CARTESIAN_POINT('Ctrl Pts',(-75.1249511041263,-800.763575687171,67.3228794178113));
#7229=CARTESIAN_POINT('Ctrl Pts',(-80.9535336067709,-821.310383791447,46.5663269373066));
#7230=CARTESIAN_POINT('Ctrl Pts',(-86.7821161094156,-841.857191895724,25.8097744568018));
#7231=CARTESIAN_POINT('Ctrl Pts',(-92.6106986120603,-862.404,5.05322197629707));
#7232=CARTESIAN_POINT('Ctrl Pts',(-75.0720352322345,-800.469251717116,67.3132081987515));
#7233=CARTESIAN_POINT('Ctrl Pts',(-80.9182479499674,-821.114121040308,46.4601923668063));
#7234=CARTESIAN_POINT('Ctrl Pts',(-86.7644858943274,-841.759130676808,25.6070385079003));
#7235=CARTESIAN_POINT('Ctrl Pts',(-92.6106986120603,-862.404,4.75402267595519));
#7236=CARTESIAN_POINT('Ctrl Pts',(-75.0982829980237,-799.8561209789,67.3180053963353));
#7237=CARTESIAN_POINT('Ctrl Pts',(-80.9812503904924,-820.705423894502,46.2638871337962));
#7238=CARTESIAN_POINT('Ctrl Pts',(-86.8642124386409,-841.5546970844,25.2097981125932));
#7239=CARTESIAN_POINT('Ctrl Pts',(-92.7471798311097,-862.404000000001,4.1556798500541));
#7240=CARTESIAN_POINT('Ctrl Pts',(-75.4790315312872,-799.135311908653,67.3875932598681));
#7241=CARTESIAN_POINT('Ctrl Pts',(-81.4051910440348,-820.224854205391,46.097150218699));
#7242=CARTESIAN_POINT('Ctrl Pts',(-87.3313615600026,-841.314457703265,24.8066469736416));
#7243=CARTESIAN_POINT('Ctrl Pts',(-93.2575210727502,-862.404000000002,3.51620393247256));
#7244=CARTESIAN_POINT('Ctrl Pts',(-76.0085073104996,-798.678360485999,67.4843633982897));
#7245=CARTESIAN_POINT('Ctrl Pts',(-81.9620487596283,-819.920204161044,46.044100667512));
#7246=CARTESIAN_POINT('Ctrl Pts',(-87.9156097137365,-841.162156324958,24.6037312156484));
#7247=CARTESIAN_POINT('Ctrl Pts',(-93.8691511628651,-862.404000000003,3.16346848487076));
#7248=CARTESIAN_POINT('Ctrl Pts',(-76.5554736842474,-798.439732880148,67.5843302216603));
#7249=CARTESIAN_POINT('Ctrl Pts',(-82.5233192266325,-819.761137514217,46.0658029451619));
#7250=CARTESIAN_POINT('Ctrl Pts',(-88.4911743369038,-841.082595365934,24.5472233181752));
#7251=CARTESIAN_POINT('Ctrl Pts',(-94.4590198792888,-862.404000000003,3.02869604167683));
#7252=CARTESIAN_POINT('Ctrl Pts',(-76.9994903894107,-798.391821365508,67.6654813520936));
#7253=CARTESIAN_POINT('Ctrl Pts',(-82.9702064551687,-819.729192170124,46.1312480672704));
#7254=CARTESIAN_POINT('Ctrl Pts',(-88.9409344265944,-841.066629195389,24.5969496408368));
#7255=CARTESIAN_POINT('Ctrl Pts',(-94.9116504923525,-862.404000000005,3.06271635601364));
#7256=CARTESIAN_POINT('Ctrl Pts',(-77.2930451419206,-798.416080887528,67.7191331623369));
#7257=CARTESIAN_POINT('Ctrl Pts',(-83.2623067540176,-819.745361858972,46.1928578901617));
#7258=CARTESIAN_POINT('Ctrl Pts',(-89.231582065615,-841.074719028561,24.6665076614583));
#7259=CARTESIAN_POINT('Ctrl Pts',(-95.200843677712,-862.404000000005,3.14023238928308));
#7260=CARTESIAN_POINT('Ctrl Pts',(-77.4870158530297,-798.447062428188,67.7545844016583));
#7261=CARTESIAN_POINT('Ctrl Pts',(-83.4544199063868,-819.766011451137,46.2384727231007));
#7262=CARTESIAN_POINT('Ctrl Pts',(-89.4218402310779,-841.085050977056,24.7222720162815));
#7263=CARTESIAN_POINT('Ctrl Pts',(-95.389244284435,-862.404000000005,3.20616033772392));
#7264=CARTESIAN_POINT('Ctrl Pts',(-77.8191006735623,-798.539675387003,67.8152781959966));
#7265=CARTESIAN_POINT('Ctrl Pts',(-83.7809554932627,-819.827758954613,46.3295290328013));
#7266=CARTESIAN_POINT('Ctrl Pts',(-89.7428236011136,-841.115916432395,24.8437071637695));
#7267=CARTESIAN_POINT('Ctrl Pts',(-95.704678420814,-862.404000000005,3.35795800057408));
#7268=CARTESIAN_POINT('Ctrl Pts',(-78.2561770719662,-798.778113802042,67.8951608747421));
#7269=CARTESIAN_POINT('Ctrl Pts',(-84.2037460760491,-819.986738072891,46.4875762515498));
#7270=CARTESIAN_POINT('Ctrl Pts',(-90.1513174866671,-841.195375729156,25.079978461051));
#7271=CARTESIAN_POINT('Ctrl Pts',(-96.09888649075,-862.404000000005,3.67239383785872));
#7272=CARTESIAN_POINT('Ctrl Pts',(-78.6745459327633,-799.208605485354,67.9716244527944));
#7273=CARTESIAN_POINT('Ctrl Pts',(-84.5963111489121,-820.273706215237,46.7052247131405));
#7274=CARTESIAN_POINT('Ctrl Pts',(-90.518092963974,-841.338899270122,25.4387341528825));
#7275=CARTESIAN_POINT('Ctrl Pts',(-96.4398581801227,-862.404000000004,4.17233441322862));
#7276=CARTESIAN_POINT('Ctrl Pts',(-78.9493295944165,-799.745405908335,68.021845546975));
#7277=CARTESIAN_POINT('Ctrl Pts',(-84.8389276141374,-820.631589110834,46.9314479467369));
#7278=CARTESIAN_POINT('Ctrl Pts',(-90.7285336315715,-841.517816797505,25.8410065871787));
#7279=CARTESIAN_POINT('Ctrl Pts',(-96.6181316512924,-862.404000000004,4.75060898694063));
#7280=CARTESIAN_POINT('Ctrl Pts',(-79.0564363020635,-800.340647270345,68.0414210050635));
#7281=CARTESIAN_POINT('Ctrl Pts',(-84.910359537145,-821.028403349364,47.1462172394449));
#7282=CARTESIAN_POINT('Ctrl Pts',(-90.7642979629691,-841.716243920985,26.2509303579974));
#7283=CARTESIAN_POINT('Ctrl Pts',(-96.6182211980506,-862.404000000004,5.35572659237878));
#7284=CARTESIAN_POINT('Ctrl Pts',(-78.9860701395677,-800.941552693366,68.0285604672405));
#7285=CARTESIAN_POINT('Ctrl Pts',(-84.8039819087001,-821.429008989982,47.3303926809537));
#7286=CARTESIAN_POINT('Ctrl Pts',(-90.6219077762182,-841.916543703388,26.6321477556457));
#7287=CARTESIAN_POINT('Ctrl Pts',(-96.4398195453507,-862.404000000003,5.93397996935887));
#7288=CARTESIAN_POINT('Ctrl Pts',(-78.7446397575669,-801.494655540886,67.984435216563));
#7289=CARTESIAN_POINT('Ctrl Pts',(-84.5294036441253,-821.797739624604,47.4676353733355));
#7290=CARTESIAN_POINT('Ctrl Pts',(-90.3141841085548,-842.100915916285,26.9507448246356));
#7291=CARTESIAN_POINT('Ctrl Pts',(-96.0989479951132,-862.404000000003,6.43394498140812));
#7292=CARTESIAN_POINT('Ctrl Pts',(-78.3535937597077,-801.950913403045,67.9129653272352));
#7293=CARTESIAN_POINT('Ctrl Pts',(-84.1110155098805,-822.10191748046,47.5457674087777));
#7294=CARTESIAN_POINT('Ctrl Pts',(-89.8684506299246,-842.252995922587,27.1784963373506));
#7295=CARTESIAN_POINT('Ctrl Pts',(-95.6258723800974,-862.404000000003,6.81129841889301));
#7296=CARTESIAN_POINT('Ctrl Pts',(-77.8897684600149,-802.243097501031,67.8281938604054));
#7297=CARTESIAN_POINT('Ctrl Pts',(-83.6296829137934,-822.296724046989,47.5567867463377));
#7298=CARTESIAN_POINT('Ctrl Pts',(-89.3696014777192,-842.350373454044,27.285357143685));
#7299=CARTESIAN_POINT('Ctrl Pts',(-95.1095159314977,-862.404000000003,7.01395002961719));
#7300=CARTESIAN_POINT('Ctrl Pts',(-77.4171340249511,-802.387935372485,67.7418123836701));
#7301=CARTESIAN_POINT('Ctrl Pts',(-83.1483671926598,-822.393275638923,47.5179047439369));
#7302=CARTESIAN_POINT('Ctrl Pts',(-88.8796082401467,-842.398659733564,27.2939539901638));
#7303=CARTESIAN_POINT('Ctrl Pts',(-94.6108414078554,-862.404000000002,7.07004635043059));
#7304=CARTESIAN_POINT('Ctrl Pts',(-76.9739105329393,-802.418931721322,67.660806225584));
#7305=CARTESIAN_POINT('Ctrl Pts',(-82.7032871439254,-822.413945612597,47.4470566969522));
#7306=CARTESIAN_POINT('Ctrl Pts',(-88.4326685381411,-842.408986108727,27.2332809969806));
#7307=CARTESIAN_POINT('Ctrl Pts',(-94.1620451491272,-862.404000000002,7.01953146834879));
#7308=CARTESIAN_POINT('Ctrl Pts',(-76.5350438299747,-802.348793787802,67.5805963401428));
#7309=CARTESIAN_POINT('Ctrl Pts',(-82.268622795745,-822.367181644193,47.3438537156015));
#7310=CARTESIAN_POINT('Ctrl Pts',(-88.0022094282133,-842.385612143611,27.1070691428834));
#7311=CARTESIAN_POINT('Ctrl Pts',(-93.7357883939836,-862.404000000001,6.87032651834214));
#7312=CARTESIAN_POINT('Ctrl Pts',(-76.1224343888421,-802.181216427589,67.5051853878385));
#7313=CARTESIAN_POINT('Ctrl Pts',(-81.8660566070783,-822.25546597221,47.2134913184406));
#7314=CARTESIAN_POINT('Ctrl Pts',(-87.6096851068412,-842.329750455381,26.9217628798021));
#7315=CARTESIAN_POINT('Ctrl Pts',(-93.3533073250775,-862.404000000002,6.63006881040416));
#7316=CARTESIAN_POINT('Ctrl Pts',(-75.7570358405392,-801.924429763964,67.438402978734));
#7317=CARTESIAN_POINT('Ctrl Pts',(-81.5160464106782,-822.084271034899,47.0625118652132));
#7318=CARTESIAN_POINT('Ctrl Pts',(-87.2750653271503,-842.244158729067,26.686575084906));
#7319=CARTESIAN_POINT('Ctrl Pts',(-93.0340758972892,-862.404000000001,6.31068397138523));
#7320=CARTESIAN_POINT('Ctrl Pts',(-75.3564514275008,-801.480613729727,67.3651897919912));
#7321=CARTESIAN_POINT('Ctrl Pts',(-81.1420629769699,-821.788412608916,46.8437519789573));
#7322=CARTESIAN_POINT('Ctrl Pts',(-86.9276726625259,-842.096201120812,26.3223243642855));
#7323=CARTESIAN_POINT('Ctrl Pts',(-92.7132842119951,-862.404000000001,5.80088655125162));
#7324=CARTESIAN_POINT('Ctrl Pts',(-75.177866976018,-801.057899657226,67.3325506368712));
#7325=CARTESIAN_POINT('Ctrl Pts',(-80.9888008229284,-821.506543973661,46.6725624054146));
#7326=CARTESIAN_POINT('Ctrl Pts',(-86.7997647651499,-841.955355683566,26.0124095080955));
#7327=CARTESIAN_POINT('Ctrl Pts',(-92.6106986120603,-862.404,5.35242127663896));
#7328=CARTESIAN_POINT('Ctrl Pts',(-75.1249511041263,-800.763575687171,67.3228794178113));
#7329=CARTESIAN_POINT('Ctrl Pts',(-80.9535336067709,-821.310383791447,46.5663269373066));
#7330=CARTESIAN_POINT('Ctrl Pts',(-86.7821161094156,-841.857191895724,25.8097744568018));
#7331=CARTESIAN_POINT('Ctrl Pts',(-92.6106986120603,-862.404,5.05322197629707));
#7332=CARTESIAN_POINT('',(-75.1249511041263,-800.763575687171,67.3228794178113));
#7333=CARTESIAN_POINT('Ctrl Pts',(-75.1249511041263,-800.763575687171,67.3228794178113));
#7334=CARTESIAN_POINT('Ctrl Pts',(-75.0720352322345,-800.469251717116,67.3132081987515));
#7335=CARTESIAN_POINT('Ctrl Pts',(-75.0982829980237,-799.8561209789,67.3180053963353));
#7336=CARTESIAN_POINT('Ctrl Pts',(-75.4790315312872,-799.135311908653,67.3875932598681));
#7337=CARTESIAN_POINT('Ctrl Pts',(-76.0085073104996,-798.678360485999,67.4843633982897));
#7338=CARTESIAN_POINT('Ctrl Pts',(-76.5554736842474,-798.439732880148,67.5843302216603));
#7339=CARTESIAN_POINT('Ctrl Pts',(-76.9994903894107,-798.391821365508,67.6654813520936));
#7340=CARTESIAN_POINT('Ctrl Pts',(-77.2930451419206,-798.416080887528,67.7191331623369));
#7341=CARTESIAN_POINT('Ctrl Pts',(-77.4870158530297,-798.447062428188,67.7545844016583));
#7342=CARTESIAN_POINT('Ctrl Pts',(-77.8191006735623,-798.539675387003,67.8152781959966));
#7343=CARTESIAN_POINT('Ctrl Pts',(-78.2561770719662,-798.778113802042,67.8951608747421));
#7344=CARTESIAN_POINT('Ctrl Pts',(-78.6745459327633,-799.208605485354,67.9716244527944));
#7345=CARTESIAN_POINT('Ctrl Pts',(-78.9493295944165,-799.745405908335,68.021845546975));
#7346=CARTESIAN_POINT('Ctrl Pts',(-79.0564363020635,-800.340647270345,68.0414210050635));
#7347=CARTESIAN_POINT('Ctrl Pts',(-78.9860701395677,-800.941552693366,68.0285604672405));
#7348=CARTESIAN_POINT('Ctrl Pts',(-78.7446397575669,-801.494655540886,67.984435216563));
#7349=CARTESIAN_POINT('Ctrl Pts',(-78.3535937597077,-801.950913403045,67.9129653272352));
#7350=CARTESIAN_POINT('Ctrl Pts',(-77.8897684600149,-802.243097501031,67.8281938604054));
#7351=CARTESIAN_POINT('Ctrl Pts',(-77.4171340249511,-802.387935372485,67.7418123836701));
#7352=CARTESIAN_POINT('Ctrl Pts',(-76.9739105329393,-802.418931721322,67.660806225584));
#7353=CARTESIAN_POINT('Ctrl Pts',(-76.5350438299747,-802.348793787802,67.5805963401428));
#7354=CARTESIAN_POINT('Ctrl Pts',(-76.1224343888421,-802.181216427589,67.5051853878385));
#7355=CARTESIAN_POINT('Ctrl Pts',(-75.7570358405392,-801.924429763964,67.438402978734));
#7356=CARTESIAN_POINT('Ctrl Pts',(-75.3564514275008,-801.480613729727,67.3651897919912));
#7357=CARTESIAN_POINT('Ctrl Pts',(-75.177866976018,-801.057899657226,67.3325506368712));
#7358=CARTESIAN_POINT('Ctrl Pts',(-75.1249511041263,-800.763575687171,67.3228794178113));
#7359=CARTESIAN_POINT('',(-75.1249511041263,-800.763575687171,67.3228794178113));
#7360=CARTESIAN_POINT('Origin',(-12.4176201440261,-889.702,55.8621151386925));
#7361=CARTESIAN_POINT('',(-11.89955542095,-889.702,58.6966953863533));
#7362=CARTESIAN_POINT('Origin',(-86.6676521892835,-957.094757567167,-217.141004782205));
#7363=CARTESIAN_POINT('',(-1.79282677381413,-862.404,60.0196518105938));
#7364=CARTESIAN_POINT('',(-2.87155383532824,-862.404,54.1174193578046));
#7365=CARTESIAN_POINT('',(-11.338893082512,-889.702,61.7643475914816));
#7366=CARTESIAN_POINT('',(-11.338893082512,-889.702,61.7643475914816));
#7367=CARTESIAN_POINT('',(-12.4176201440261,-889.702,55.8621151386925));
#7368=CARTESIAN_POINT('Origin',(-42.9170450274206,-889.702,61.4363711927365));
#7369=CARTESIAN_POINT('',(-82.1968987943062,-917.,68.6153905840573));
#7370=CARTESIAN_POINT('',(-2.87155383532826,-1007.17558219895,54.1174193578046));
#7371=CARTESIAN_POINT('',(-2.87155383532826,-1007.17558219895,54.1174193578046));
#7372=CARTESIAN_POINT('',(-30.6256391960854,-1109.202,59.1899208537553));
#7373=CARTESIAN_POINT('',(-30.6256391960854,-1109.202,59.1899208537553));
#7374=CARTESIAN_POINT('',(-68.2069550875401,-1109.202,66.058505373883));
#7375=CARTESIAN_POINT('',(-68.2069550875401,-1109.202,66.058505373883));
#7376=CARTESIAN_POINT('',(-82.962536219513,-1094.202,68.7553230276682));
#7377=CARTESIAN_POINT('Origin',(-68.2069550875402,-1094.202,66.058505373883));
#7378=CARTESIAN_POINT('',(-82.962536219513,-685.202,68.7553230276682));
#7379=CARTESIAN_POINT('',(-82.962536219513,-685.202,68.7553230276683));
#7380=CARTESIAN_POINT('',(-68.2069550875402,-670.202,66.058505373883));
#7381=CARTESIAN_POINT('Origin',(-68.2069550875402,-685.202,66.058505373883));
#7382=CARTESIAN_POINT('',(-30.6256391960854,-670.202,59.1899208537553));
#7383=CARTESIAN_POINT('',(-30.6256391960854,-670.202,59.1899208537553));
#7384=CARTESIAN_POINT('',(-2.87155383532826,-772.228417801046,54.1174193578046));
#7385=CARTESIAN_POINT('',(-2.87155383532826,-772.228417801046,54.1174193578046));
#7386=CARTESIAN_POINT('',(-2.87155383532824,-862.404,54.1174193578046));
#7387=CARTESIAN_POINT('Origin',(-2.87155383532826,-772.228417801046,54.1174193578046));
#7388=CARTESIAN_POINT('',(-29.5469121345713,-670.202,65.0921533065444));
#7389=CARTESIAN_POINT('',(-30.6256391960854,-670.202,59.1899208537553));
#7390=CARTESIAN_POINT('',(-1.79282677381414,-772.228417801046,60.0196518105938));
#7391=CARTESIAN_POINT('',(-1.79282677381414,-772.228417801046,60.0196518105938));
#7392=CARTESIAN_POINT('',(-2.87155383532826,-772.228417801046,54.1174193578046));
#7393=CARTESIAN_POINT('Origin',(-2.87155383532824,-862.404,54.1174193578046));
#7394=CARTESIAN_POINT('',(-1.79282677381413,-862.404,60.0196518105938));
#7395=CARTESIAN_POINT('Origin',(-2.87155383532824,-917.,54.1174193578046));
#7396=CARTESIAN_POINT('Origin',(-86.6676521892835,-822.309242432833,-217.141004782205));
#7397=CARTESIAN_POINT('',(-1.79282677381413,-917.,60.0196518105938));
#7398=CARTESIAN_POINT('',(-1.79282677381413,-917.,60.0196518105938));
#7399=CARTESIAN_POINT('',(-2.87155383532824,-917.,54.1174193578046));
#7400=CARTESIAN_POINT('Origin',(-2.87155383532826,-1007.17558219895,54.1174193578046));
#7401=CARTESIAN_POINT('',(-1.79282677381414,-1007.17558219895,60.0196518105938));
#7402=CARTESIAN_POINT('',(-1.79282677381414,-1007.17558219895,60.0196518105938));
#7403=CARTESIAN_POINT('',(-2.87155383532826,-1007.17558219895,54.1174193578046));
#7404=CARTESIAN_POINT('Origin',(-30.6256391960854,-1109.202,59.1899208537553));
#7405=CARTESIAN_POINT('',(-29.5469121345713,-1109.202,65.0921533065444));
#7406=CARTESIAN_POINT('',(-29.5469121345713,-1109.202,65.0921533065444));
#7407=CARTESIAN_POINT('',(-30.6256391960854,-1109.202,59.1899208537553));
#7408=CARTESIAN_POINT('Origin',(-68.2069550875401,-1109.202,66.058505373883));
#7409=CARTESIAN_POINT('',(-67.128228026026,-1109.202,71.9607378266721));
#7410=CARTESIAN_POINT('',(-67.128228026026,-1109.202,71.9607378266721));
#7411=CARTESIAN_POINT('',(-68.2069550875401,-1109.202,66.058505373883));
#7412=CARTESIAN_POINT('Origin',(-68.2069550875402,-1094.202,66.058505373883));
#7413=CARTESIAN_POINT('',(-81.8838091579989,-1094.202,74.6575554804574));
#7414=CARTESIAN_POINT('Origin',(-67.1282280260261,-1094.202,71.9607378266721));
#7415=CARTESIAN_POINT('',(-82.962536219513,-1094.202,68.7553230276682));
#7416=CARTESIAN_POINT('Origin',(-82.962536219513,-685.202,68.7553230276683));
#7417=CARTESIAN_POINT('',(-81.8838091579989,-685.202,74.6575554804574));
#7418=CARTESIAN_POINT('',(-81.8838091579989,-685.202,74.6575554804574));
#7419=CARTESIAN_POINT('',(-82.962536219513,-685.202,68.7553230276682));
#7420=CARTESIAN_POINT('Origin',(-68.2069550875402,-685.202,66.058505373883));
#7421=CARTESIAN_POINT('',(-67.1282280260261,-670.202,71.9607378266721));
#7422=CARTESIAN_POINT('Origin',(-67.1282280260261,-685.202,71.9607378266721));
#7423=CARTESIAN_POINT('',(-68.2069550875402,-670.202,66.058505373883));
#7424=CARTESIAN_POINT('Origin',(-30.6256391960854,-670.202,59.1899208537553));
#7425=CARTESIAN_POINT('',(-29.5469121345713,-670.202,65.0921533065444));
#7426=CARTESIAN_POINT('Origin',(-41.8383179659065,-889.702,67.3386036455256));
#7427=CARTESIAN_POINT('Origin',(-86.6676521892835,-917.,-217.141004782205));
#7428=CARTESIAN_POINT('',(-101.824086772948,-917.,68.2481814518733));
#7429=CARTESIAN_POINT('Origin',(-86.6676521892835,-917.,-217.141004782205));
#7430=CARTESIAN_POINT('',(0.,-917.,55.1922895331169));
#7431=CARTESIAN_POINT('Origin',(155.721923697677,-894.2245,15.4745706020421));
#7432=CARTESIAN_POINT('',(201.768785915439,-885.179499999999,92.5601351507511));
#7433=CARTESIAN_POINT('',(155.721923697677,-885.1795,15.4745706020422));
#7434=CARTESIAN_POINT('',(155.721923697677,-885.1795,15.4745706020421));
#7435=CARTESIAN_POINT('',(201.768785915439,-894.224499999999,92.5601351507511));
#7436=CARTESIAN_POINT('',(201.768785915439,-885.179499999999,92.5601351507511));
#7437=CARTESIAN_POINT('',(155.721923697677,-894.2245,15.4745706020421));
#7438=CARTESIAN_POINT('',(145.878791660296,-894.2245,-1.00349877086644));
#7439=CARTESIAN_POINT('',(155.721923697677,-917.,15.4745706020421));
#7440=CARTESIAN_POINT('Origin',(155.721923697677,-885.1795,15.4745706020422));
#7441=CARTESIAN_POINT('',(47.8645278554087,-885.1795,35.187228924151));
#7442=CARTESIAN_POINT('',(90.5800672037201,-885.1795,27.3802832284728));
#7443=CARTESIAN_POINT('',(63.9186654813877,-885.1795,36.8328398884461));
#7444=CARTESIAN_POINT('',(108.259748611851,-885.1795,41.3779717583841));
#7445=CARTESIAN_POINT('',(129.823749221709,-885.1795,66.945832439564));
#7446=CARTESIAN_POINT('Origin',(52.3982994956603,-885.1795,149.222429560232));
#7447=CARTESIAN_POINT('',(147.487215981519,-885.1795,88.7635626687512));
#7448=CARTESIAN_POINT('',(136.03345609121,-885.1795,74.6159977091237));
#7449=CARTESIAN_POINT('',(170.843547126346,-885.1795,98.2122154834761));
#7450=CARTESIAN_POINT('Origin',(167.694905588642,-885.1795,72.4035724260225));
#7451=CARTESIAN_POINT('',(170.843547126346,-885.179499999999,98.2122154834761));
#7452=CARTESIAN_POINT('Origin',(170.843547126346,-885.179499999999,98.2122154834761));
#7453=CARTESIAN_POINT('',(170.843547126346,-894.2245,98.2122154834761));
#7454=CARTESIAN_POINT('',(170.843547126346,-894.2245,98.2122154834761));
#7455=CARTESIAN_POINT('',(170.843547126346,-894.2245,98.2122154834761));
#7456=CARTESIAN_POINT('Origin',(167.694905588642,-894.2245,72.4035724260226));
#7457=CARTESIAN_POINT('',(147.487215981519,-894.2245,88.7635626687512));
#7458=CARTESIAN_POINT('',(147.487215981519,-894.2245,88.7635626687512));
#7459=CARTESIAN_POINT('Origin',(167.694905588642,-894.224499999999,72.4035724260226));
#7460=CARTESIAN_POINT('Origin',(157.161281464443,-894.2245,100.712867626606));
#7461=CARTESIAN_POINT('',(129.823749221709,-894.2245,66.945832439564));
#7462=CARTESIAN_POINT('',(129.823749221709,-894.2245,66.945832439564));
#7463=CARTESIAN_POINT('',(119.501653728514,-894.2245,54.1960875603297));
#7464=CARTESIAN_POINT('Origin',(52.3982994956603,-894.2245,149.222429560232));
#7465=CARTESIAN_POINT('',(63.9186654813877,-894.2245,36.8328398884461));
#7466=CARTESIAN_POINT('',(63.9186654813877,-894.2245,36.8328398884461));
#7467=CARTESIAN_POINT('Origin',(52.3982994956603,-894.2245,149.222429560232));
#7468=CARTESIAN_POINT('Origin',(63.9186654813877,-894.2245,36.8328398884461));
#7469=CARTESIAN_POINT('',(47.8645278554087,-894.2245,35.187228924151));
#7470=CARTESIAN_POINT('',(47.8645278554087,-901.08975,35.187228924151));
#7471=CARTESIAN_POINT('',(55.8915966683982,-894.2245,36.0100344062986));
#7472=CARTESIAN_POINT('Origin',(47.8645278554087,-894.2245,35.187228924151));
#7473=CARTESIAN_POINT('',(36.6513692825859,-894.2245,37.2366123895272));
#7474=CARTESIAN_POINT('Origin',(25.4382107097631,-917.,39.2859958549034));
#7475=CARTESIAN_POINT('',(25.4382107097631,-917.,39.2859958549034));
#7476=CARTESIAN_POINT('',(155.721923697677,-917.,15.4745706020421));
#7477=CARTESIAN_POINT('',(155.721923697677,-917.,15.4745706020421));
#7478=CARTESIAN_POINT('Origin',(-69.1628039652142,-917.,3196.98926798538));
#7479=CARTESIAN_POINT('',(-169.069015886491,-917.,0.0269831614624187));
#7480=CARTESIAN_POINT('Origin',(129.731330649692,-917.,5.76929024487612));
#7481=CARTESIAN_POINT('',(129.731330649692,-917.,5.76929024487612));
#7482=CARTESIAN_POINT('Origin',(132.829733087323,-917.,6.17768421433667));
#7483=CARTESIAN_POINT('',(132.829733087323,-917.,6.17768421433667));
#7484=CARTESIAN_POINT('Origin',(146.869364119263,-917.,9.38815323178112));
#7485=CARTESIAN_POINT('',(146.869364119263,-917.,9.38815323178112));
#7486=CARTESIAN_POINT('Origin',(153.24624465653,-917.,12.3933378912464));
#7487=CARTESIAN_POINT('',(153.24624465653,-917.,12.3933378912464));
#7488=CARTESIAN_POINT('Origin',(155.721923697677,-917.,15.4745706020421));
#7489=CARTESIAN_POINT('Origin',(56.9863886116642,-917.,118.033791769123));
#7490=CARTESIAN_POINT('Origin',(-135.592287823116,-917.,57.1621389191086));
#7491=CARTESIAN_POINT('',(-135.592287823116,-917.,57.1621389191086));
#7492=CARTESIAN_POINT('Origin',(-92.7524455030801,-917.,-1041.65861688257));
#7493=CARTESIAN_POINT('Origin',(-162.820375324109,-917.,30.5023544895744));
#7494=CARTESIAN_POINT('Origin',(-165.271695071145,-893.452,-21.475));
#7495=CARTESIAN_POINT('',(-165.271695071145,-891.702,-8.975));
#7496=CARTESIAN_POINT('',(-165.271695071145,-887.702,-8.975));
#7497=CARTESIAN_POINT('',(-165.271695071145,-893.452,-8.975));
#7498=CARTESIAN_POINT('',(-165.271695071145,-893.452,-8.975));
#7499=CARTESIAN_POINT('',(-165.271695071145,-893.452,-8.975));
#7500=CARTESIAN_POINT('',(-152.771695071145,-893.452,-21.475));
#7501=CARTESIAN_POINT('Origin',(-165.271695071145,-893.452,-21.475));
#7502=CARTESIAN_POINT('',(-152.771695071145,-885.952,-21.475));
#7503=CARTESIAN_POINT('',(-152.771695071145,-893.452,-21.475));
#7504=CARTESIAN_POINT('',(-165.271695071145,-885.952,-8.975));
#7505=CARTESIAN_POINT('Origin',(-165.271695071145,-885.952,-21.475));
#7506=CARTESIAN_POINT('',(-165.271695071145,-893.452,-8.975));
#7507=CARTESIAN_POINT('Origin',(-165.271695071145,-893.452,-21.475));
#7508=CARTESIAN_POINT('Origin',(-165.271695071145,-885.952,-21.475));
#7509=CARTESIAN_POINT('Origin',(-165.271695071145,-893.452,-21.475));
#7510=CARTESIAN_POINT('Origin',(-180.771695071145,-885.952,-8.975));
#7511=CARTESIAN_POINT('Origin',(-149.771695071145,-893.452,-8.975));
#7512=CARTESIAN_POINT('Origin',(-165.271695071145,-889.702,-8.875));
#7513=CARTESIAN_POINT('',(-145.271695071145,-883.452,-8.875));
#7514=CARTESIAN_POINT('',(-145.271695071145,-895.952,-8.875));
#7515=CARTESIAN_POINT('',(-145.271695071145,-886.577,-8.875));
#7516=CARTESIAN_POINT('',(-182.271695071145,-883.452,-8.875));
#7517=CARTESIAN_POINT('',(-190.271695071145,-883.452,-8.875));
#7518=CARTESIAN_POINT('',(-182.271695071145,-895.952,-8.875));
#7519=CARTESIAN_POINT('',(-182.271695071145,-892.827,-8.875));
#7520=CARTESIAN_POINT('',(-140.271695071145,-895.952,-8.875));
#7521=CARTESIAN_POINT('',(-167.271695071145,-889.702,-8.875));
#7522=CARTESIAN_POINT('Origin',(-165.271695071145,-889.702,-8.875));
#7523=CARTESIAN_POINT('Origin',(-165.271695071145,-889.702,-26.875));
#7524=CARTESIAN_POINT('',(-140.271695071145,-883.452,-26.875));
#7525=CARTESIAN_POINT('',(-140.271695071145,-895.952,-26.875));
#7526=CARTESIAN_POINT('',(-140.271695071145,-883.452,-26.875));
#7527=CARTESIAN_POINT('',(-190.271695071145,-895.952,-26.875));
#7528=CARTESIAN_POINT('',(-140.271695071145,-895.952,-26.875));
#7529=CARTESIAN_POINT('',(-190.271695071145,-883.452,-26.875));
#7530=CARTESIAN_POINT('',(-190.271695071145,-895.952,-26.875));
#7531=CARTESIAN_POINT('',(-190.271695071145,-883.452,-26.875));
#7532=CARTESIAN_POINT('',(-140.371695071145,-895.852,-26.875));
#7533=CARTESIAN_POINT('',(-140.371695071145,-883.552,-26.875));
#7534=CARTESIAN_POINT('',(-140.371695071145,-886.577,-26.875));
#7535=CARTESIAN_POINT('',(-190.171695071145,-883.552,-26.875));
#7536=CARTESIAN_POINT('',(-177.771695071145,-883.552,-26.875));
#7537=CARTESIAN_POINT('',(-190.171695071145,-895.852,-26.875));
#7538=CARTESIAN_POINT('',(-190.171695071145,-892.827,-26.875));
#7539=CARTESIAN_POINT('',(-152.771695071145,-895.852,-26.875));
#7540=CARTESIAN_POINT('Origin',(-165.271695071145,-889.702,-8.875));
#7541=CARTESIAN_POINT('',(-165.271695071145,-891.702,-8.975));
#7542=CARTESIAN_POINT('',(-167.271695071145,-889.702,-8.975));
#7543=CARTESIAN_POINT('Origin',(-165.271695071145,-889.702,-8.975));
#7544=CARTESIAN_POINT('',(-167.271695071145,-889.702,-8.875));
#7545=CARTESIAN_POINT('',(-165.271695071145,-887.702,-8.975));
#7546=CARTESIAN_POINT('Origin',(-165.271695071145,-889.702,-8.975));
#7547=CARTESIAN_POINT('Origin',(-165.271695071145,-889.702,-8.975));
#7548=CARTESIAN_POINT('Origin',(-190.271695071145,-883.452,-8.875));
#7549=CARTESIAN_POINT('',(-140.271695071145,-883.452,-13.875));
#7550=CARTESIAN_POINT('Origin',(-145.271695071145,-883.452,-13.875));
#7551=CARTESIAN_POINT('',(-140.271695071145,-883.452,-8.875));
#7552=CARTESIAN_POINT('',(-190.271695071145,-883.452,-16.875));
#7553=CARTESIAN_POINT('',(-190.271695071145,-883.452,-8.875));
#7554=CARTESIAN_POINT('Origin',(-182.271695071145,-883.452,-16.875));
#7555=CARTESIAN_POINT('Origin',(-190.271695071145,-895.952,-8.875));
#7556=CARTESIAN_POINT('',(-190.271695071145,-895.952,-16.875));
#7557=CARTESIAN_POINT('',(-190.271695071145,-892.827,-16.875));
#7558=CARTESIAN_POINT('',(-190.271695071145,-895.952,-8.875));
#7559=CARTESIAN_POINT('Origin',(-182.271695071145,-892.827,-16.875));
#7560=CARTESIAN_POINT('Origin',(-182.271695071145,-895.952,-16.875));
#7561=CARTESIAN_POINT('Origin',(-140.271695071145,-895.952,-8.875));
#7562=CARTESIAN_POINT('',(-140.271695071145,-895.952,-13.875));
#7563=CARTESIAN_POINT('Origin',(-145.271695071145,-895.952,-13.875));
#7564=CARTESIAN_POINT('',(-140.271695071145,-895.952,-8.875));
#7565=CARTESIAN_POINT('Origin',(-140.271695071145,-883.452,-8.875));
#7566=CARTESIAN_POINT('',(-140.271695071145,-886.577,-13.875));
#7567=CARTESIAN_POINT('Origin',(-145.271695071145,-886.577,-13.875));
#7568=CARTESIAN_POINT('Origin',(-190.271695071145,-883.552,-8.875));
#7569=CARTESIAN_POINT('',(-140.371695071145,-883.552,-13.875));
#7570=CARTESIAN_POINT('',(-145.271695071145,-883.552,-8.975));
#7571=CARTESIAN_POINT('Origin',(-145.271695071145,-883.552,-13.875));
#7572=CARTESIAN_POINT('',(-182.271695071145,-883.552,-8.975));
#7573=CARTESIAN_POINT('',(-177.771695071145,-883.552,-8.975));
#7574=CARTESIAN_POINT('',(-190.171695071145,-883.552,-16.875));
#7575=CARTESIAN_POINT('Origin',(-182.271695071145,-883.552,-16.875));
#7576=CARTESIAN_POINT('',(-190.171695071145,-883.552,-8.875));
#7577=CARTESIAN_POINT('',(-140.371695071145,-883.552,-8.875));
#7578=CARTESIAN_POINT('Origin',(-190.171695071145,-895.952,-8.875));
#7579=CARTESIAN_POINT('',(-190.171695071145,-895.852,-16.875));
#7580=CARTESIAN_POINT('',(-190.171695071145,-892.827,-16.875));
#7581=CARTESIAN_POINT('',(-190.171695071145,-895.852,-8.875));
#7582=CARTESIAN_POINT('Origin',(-182.271695071145,-892.827,-16.875));
#7583=CARTESIAN_POINT('',(-182.271695071145,-895.852,-8.975));
#7584=CARTESIAN_POINT('',(-182.271695071145,-892.827,-8.975));
#7585=CARTESIAN_POINT('Origin',(-182.271695071145,-895.852,-16.875));
#7586=CARTESIAN_POINT('Origin',(-140.271695071145,-895.852,-8.875));
#7587=CARTESIAN_POINT('',(-145.271695071145,-895.852,-8.975));
#7588=CARTESIAN_POINT('',(-140.371695071145,-895.852,-13.875));
#7589=CARTESIAN_POINT('Origin',(-145.271695071145,-895.852,-13.875));
#7590=CARTESIAN_POINT('',(-140.371695071145,-895.852,-8.875));
#7591=CARTESIAN_POINT('',(-152.771695071145,-895.852,-8.975));
#7592=CARTESIAN_POINT('Origin',(-140.371695071145,-883.452,-8.875));
#7593=CARTESIAN_POINT('',(-140.371695071145,-886.577,-13.875));
#7594=CARTESIAN_POINT('Origin',(-145.271695071145,-886.577,-13.875));
#7595=CARTESIAN_POINT('',(-145.271695071145,-886.577,-8.975));
#7596=CARTESIAN_POINT('Origin',(-165.271695071145,-889.702,-8.975));
#7597=CARTESIAN_POINT('',(-165.271695071145,-885.952,-8.975));
#7598=CARTESIAN_POINT('',(-165.271695071145,-893.452,-8.975));
#7599=CARTESIAN_POINT('',(-165.271695071145,-893.452,-8.975));
#7600=CARTESIAN_POINT('',(-165.271695071145,-893.452,-8.975));
#7601=CARTESIAN_POINT('Origin',(-37.8017033956276,-996.311238029275,-26.003926090107));
#7602=CARTESIAN_POINT('',(-37.8017033956276,-994.552494118111,-13.503926090107));
#7603=CARTESIAN_POINT('',(-37.8017033956275,-991.704891002543,-13.503926090107));
#7604=CARTESIAN_POINT('',(-37.8017033956276,-996.311238029275,-13.503926090107));
#7605=CARTESIAN_POINT('',(-37.8017033956276,-996.311238029275,-13.503926090107));
#7606=CARTESIAN_POINT('',(-37.8017033956276,-996.311238029275,-13.503926090107));
#7607=CARTESIAN_POINT('',(-25.3017033956276,-996.311238029275,-26.003926090107));
#7608=CARTESIAN_POINT('Origin',(-37.8017033956276,-996.311238029275,-26.003926090107));
#7609=CARTESIAN_POINT('',(-25.3017033956276,-988.811238029275,-26.003926090107));
#7610=CARTESIAN_POINT('',(-25.3017033956276,-996.311238029275,-26.003926090107));
#7611=CARTESIAN_POINT('',(-37.8017033956276,-988.811238029275,-13.503926090107));
#7612=CARTESIAN_POINT('Origin',(-37.8017033956276,-988.811238029275,-26.003926090107));
#7613=CARTESIAN_POINT('',(-37.8017033956276,-996.311238029275,-13.503926090107));
#7614=CARTESIAN_POINT('Origin',(-22.3017033956276,-996.311238029275,-13.503926090107));
#7615=CARTESIAN_POINT('Origin',(-37.8017033956276,-996.311238029275,-26.003926090107));
#7616=CARTESIAN_POINT('Origin',(-53.3017033956276,-988.811238029275,-13.503926090107));
#7617=CARTESIAN_POINT('Origin',(-37.8017033956276,-988.811238029275,-26.003926090107));
#7618=CARTESIAN_POINT('Origin',(-37.8017033956276,-996.311238029275,-26.003926090107));
#7619=CARTESIAN_POINT('Origin',(-37.8017033956276,-992.561238029275,-13.403926090107));
#7620=CARTESIAN_POINT('',(-35.9155657778903,-992.561238029275,-13.403926090107));
#7621=CARTESIAN_POINT('',(-39.6878410133648,-992.561238029274,-13.403926090107));
#7622=CARTESIAN_POINT('Ctrl Pts',(-35.9155657778903,-992.561238029275,-13.403926090107));
#7623=CARTESIAN_POINT('Ctrl Pts',(-35.9472114514742,-992.429458335499,-13.403926090107));
#7624=CARTESIAN_POINT('Ctrl Pts',(-36.0196950617468,-992.219713799865,-13.403926090107));
#7625=CARTESIAN_POINT('Ctrl Pts',(-36.3048772557162,-991.800396611281,-13.403926090107));
#7626=CARTESIAN_POINT('Ctrl Pts',(-36.4721664871422,-991.631368898756,-13.403926090107));
#7627=CARTESIAN_POINT('Ctrl Pts',(-36.8755850355034,-991.348286124962,-13.403926090107));
#7628=CARTESIAN_POINT('Ctrl Pts',(-37.1132224180954,-991.243107075491,-13.403926090107));
#7629=CARTESIAN_POINT('Ctrl Pts',(-37.6159731507598,-991.129343723292,-13.403926090107));
#7630=CARTESIAN_POINT('Ctrl Pts',(-37.8765089077791,-991.122101508866,-13.403926090107));
#7631=CARTESIAN_POINT('Ctrl Pts',(-38.3851324363996,-991.207789554414,-13.403926090107));
#7632=CARTESIAN_POINT('Ctrl Pts',(-38.6285336921816,-991.299754484762,-13.403926090107));
#7633=CARTESIAN_POINT('Ctrl Pts',(-39.0634295589191,-991.570254016035,-13.403926090107));
#7634=CARTESIAN_POINT('Ctrl Pts',(-39.2518123006395,-991.745460220708,-13.4039260901005));
#7635=CARTESIAN_POINT('Ctrl Pts',(-39.5730676096203,-992.190888917277,-13.4039260901005));
#7636=CARTESIAN_POINT('Ctrl Pts',(-39.6536436244208,-992.418832419515,-13.403926090107));
#7637=CARTESIAN_POINT('Ctrl Pts',(-39.6878410133648,-992.561238029275,-13.403926090107));
#7638=CARTESIAN_POINT('Ctrl Pts',(-39.6878410133649,-992.561238029274,-13.403926090107));
#7639=CARTESIAN_POINT('Ctrl Pts',(-39.6561953397205,-992.693017723302,-13.403926090107));
#7640=CARTESIAN_POINT('Ctrl Pts',(-39.5837117292598,-992.902762259366,-13.403926090107));
#7641=CARTESIAN_POINT('Ctrl Pts',(-39.2985295209943,-993.322079468381,-13.403926090107));
#7642=CARTESIAN_POINT('Ctrl Pts',(-39.1312402686032,-993.491107195544,-13.403926090107));
#7643=CARTESIAN_POINT('Ctrl Pts',(-38.7278217057395,-993.77418995685,-13.403926090107));
#7644=CARTESIAN_POINT('Ctrl Pts',(-38.4901843394721,-993.879368992697,-13.403926090107));
#7645=CARTESIAN_POINT('Ctrl Pts',(-37.9874336206485,-993.993132337728,-13.403926090107));
#7646=CARTESIAN_POINT('Ctrl Pts',(-37.7268978586368,-994.00037454937,-13.403926090107));
#7647=CARTESIAN_POINT('Ctrl Pts',(-37.2182743000431,-993.914686491036,-13.403926090107));
#7648=CARTESIAN_POINT('Ctrl Pts',(-36.9748730215626,-993.822721542387,-13.403926090107));
#7649=CARTESIAN_POINT('Ctrl Pts',(-36.5399771235371,-993.552221958233,-13.403926090107));
#7650=CARTESIAN_POINT('Ctrl Pts',(-36.3515943742339,-993.37701571969,-13.4039260901135));
#7651=CARTESIAN_POINT('Ctrl Pts',(-36.0303391423596,-992.931587036619,-13.4039260901135));
#7652=CARTESIAN_POINT('Ctrl Pts',(-35.9497631575052,-992.703643600187,-13.403926090107));
#7653=CARTESIAN_POINT('Ctrl Pts',(-35.9155657778902,-992.561238029274,-13.403926090107));
#7654=CARTESIAN_POINT('Ctrl Pts',(-35.9155657778902,-992.561238029274,-13.403926090107));
#7655=CARTESIAN_POINT('Ctrl Pts',(-35.9344821571621,-992.563610648271,-13.3904625561074));
#7656=CARTESIAN_POINT('Ctrl Pts',(-36.0038382385217,-992.569925817795,-13.3546268404972));
#7657=CARTESIAN_POINT('Ctrl Pts',(-36.2437708603599,-992.582539387615,-13.2830505670292));
#7658=CARTESIAN_POINT('Ctrl Pts',(-36.7026161943324,-992.595861505315,-13.2074536065061));
#7659=CARTESIAN_POINT('Ctrl Pts',(-37.2380257014543,-992.602295193895,-13.1709453491435));
#7660=CARTESIAN_POINT('Ctrl Pts',(-37.7375432410378,-992.60446932833,-13.1586081247813));
#7661=CARTESIAN_POINT('Ctrl Pts',(-38.2464909872936,-992.603732966928,-13.162786640928));
#7662=CARTESIAN_POINT('Ctrl Pts',(-38.9007729258583,-992.595859606152,-13.2074643833938));
#7663=CARTESIAN_POINT('Ctrl Pts',(-39.3596395047992,-992.582539488752,-13.2830499931236));
#7664=CARTESIAN_POINT('Ctrl Pts',(-39.5995664652984,-992.569925557464,-13.3546283177621));
#7665=CARTESIAN_POINT('Ctrl Pts',(-39.668924634093,-992.563610648271,-13.3904625561074));
#7666=CARTESIAN_POINT('Ctrl Pts',(-39.6878410133649,-992.561238029274,-13.403926090107));
#7667=CARTESIAN_POINT('Ctrl Pts',(-35.9155657778902,-994.509609132804,-13.7472789046339));
#7668=CARTESIAN_POINT('Ctrl Pts',(-35.9344821571621,-994.5119817518,-13.7338153706343));
#7669=CARTESIAN_POINT('Ctrl Pts',(-36.0038382385217,-994.518296921325,-13.6979796550241));
#7670=CARTESIAN_POINT('Ctrl Pts',(-36.2437708603599,-994.530910491144,-13.6264033815561));
#7671=CARTESIAN_POINT('Ctrl Pts',(-36.7026161943324,-994.544232608844,-13.550806421033));
#7672=CARTESIAN_POINT('Ctrl Pts',(-37.2380257014543,-994.550666297424,-13.5142981636704));
#7673=CARTESIAN_POINT('Ctrl Pts',(-37.7375432410378,-994.552840431859,-13.5019609393082));
#7674=CARTESIAN_POINT('Ctrl Pts',(-38.2464909872936,-994.552104070457,-13.5061394554549));
#7675=CARTESIAN_POINT('Ctrl Pts',(-38.9007729258583,-994.544230709681,-13.5508171979207));
#7676=CARTESIAN_POINT('Ctrl Pts',(-39.3596395047992,-994.530910592281,-13.6264028076505));
#7677=CARTESIAN_POINT('Ctrl Pts',(-39.5995664652984,-994.518296660993,-13.6979811322891));
#7678=CARTESIAN_POINT('Ctrl Pts',(-39.668924634093,-994.5119817518,-13.7338153706343));
#7679=CARTESIAN_POINT('Ctrl Pts',(-39.6878410133649,-994.509609132804,-13.7472789046339));
#7680=CARTESIAN_POINT('',(-35.9155657778903,-993.128692560327,-13.503926090107));
#7681=CARTESIAN_POINT('Ctrl Pts',(-35.9155657778903,-993.128692560327,-13.503926090107));
#7682=CARTESIAN_POINT('Ctrl Pts',(-35.9155657778903,-992.939541049976,-13.4705927567737));
#7683=CARTESIAN_POINT('Ctrl Pts',(-35.9155657778903,-992.750389539625,-13.4372594234404));
#7684=CARTESIAN_POINT('Ctrl Pts',(-35.9155657778903,-992.561238029275,-13.403926090107));
#7685=CARTESIAN_POINT('',(-37.8017033956276,-994.552494118111,-13.503926090107));
#7686=CARTESIAN_POINT('Ctrl Pts',(-37.8017033956275,-994.552494118111,-13.503926090107));
#7687=CARTESIAN_POINT('Ctrl Pts',(-37.6447592357924,-994.552494118111,-13.503926090107));
#7688=CARTESIAN_POINT('Ctrl Pts',(-37.4880074130543,-994.533858288602,-13.503926090107));
#7689=CARTESIAN_POINT('Ctrl Pts',(-37.0846357596115,-994.436095159589,-13.503926090107));
#7690=CARTESIAN_POINT('Ctrl Pts',(-36.8485628029202,-994.327254156645,-13.503926090107));
#7691=CARTESIAN_POINT('Ctrl Pts',(-36.4352985384139,-994.027624993728,-13.503926090107));
#7692=CARTESIAN_POINT('Ctrl Pts',(-36.2605417096552,-993.840606529029,-13.5039260901881));
#7693=CARTESIAN_POINT('Ctrl Pts',(-35.9994899726856,-993.418558710673,-13.5039260901881));
#7694=CARTESIAN_POINT('Ctrl Pts',(-35.9409281606989,-993.234307219819,-13.503926090107));
#7695=CARTESIAN_POINT('Ctrl Pts',(-35.9155657778903,-993.128692560327,-13.503926090107));
#7696=CARTESIAN_POINT('',(-39.6878410133648,-993.128692560327,-13.503926090107));
#7697=CARTESIAN_POINT('Ctrl Pts',(-39.6878410133649,-993.128692560327,-13.503926090107));
#7698=CARTESIAN_POINT('Ctrl Pts',(-39.6868528619971,-993.132807444604,-13.503926090107));
#7699=CARTESIAN_POINT('Ctrl Pts',(-39.6858469604364,-993.136905901618,-13.503926090107));
#7700=CARTESIAN_POINT('Ctrl Pts',(-39.6683280186375,-993.206857002022,-13.503926090107));
#7701=CARTESIAN_POINT('Ctrl Pts',(-39.6463846550226,-993.273402557095,-13.503926090107));
#7702=CARTESIAN_POINT('Ctrl Pts',(-39.561336407125,-993.488132299459,-13.503926090107));
#7703=CARTESIAN_POINT('Ctrl Pts',(-39.4802216405496,-993.631741413898,-13.503926090107));
#7704=CARTESIAN_POINT('Ctrl Pts',(-39.230731960143,-993.966494577398,-13.503926090107));
#7705=CARTESIAN_POINT('Ctrl Pts',(-39.0396293238714,-994.13882274263,-13.503926090107));
#7706=CARTESIAN_POINT('Ctrl Pts',(-38.6006016365345,-994.402602725863,-13.503926090107));
#7707=CARTESIAN_POINT('Ctrl Pts',(-38.3558948926739,-994.490810368014,-13.503926090107));
#7708=CARTESIAN_POINT('Ctrl Pts',(-38.0019048686054,-994.544919293399,-13.503926090107));
#7709=CARTESIAN_POINT('Ctrl Pts',(-37.9017650410047,-994.552494118112,-13.503926090107));
#7710=CARTESIAN_POINT('Ctrl Pts',(-37.8017033956275,-994.552494118112,-13.503926090107));
#7711=CARTESIAN_POINT('Ctrl Pts',(-39.6878410133648,-992.561238029275,-13.403926090107));
#7712=CARTESIAN_POINT('Ctrl Pts',(-39.6878410133648,-992.750389539626,-13.4372594234404));
#7713=CARTESIAN_POINT('Ctrl Pts',(-39.6878410133648,-992.939541049977,-13.4705927567738));
#7714=CARTESIAN_POINT('Ctrl Pts',(-39.6878410133648,-993.128692560328,-13.5039260901072));
#7715=CARTESIAN_POINT('Ctrl Pts',(-39.6878410133648,-991.165448387981,-13.1579522605025));
#7716=CARTESIAN_POINT('Ctrl Pts',(-39.6689246340929,-991.163075768985,-13.1714157945021));
#7717=CARTESIAN_POINT('Ctrl Pts',(-39.5995667556432,-991.156760302927,-13.2072531928014));
#7718=CARTESIAN_POINT('Ctrl Pts',(-39.3596424381882,-991.144140511944,-13.2788647685463));
#7719=CARTESIAN_POINT('Ctrl Pts',(-38.9007172996901,-991.130852413073,-13.3542686876753));
#7720=CARTESIAN_POINT('Ctrl Pts',(-38.1869945750332,-991.122228291055,-13.4032066588301));
#7721=CARTESIAN_POINT('Ctrl Pts',(-37.41643310079,-991.122233510685,-13.4031770398039));
#7722=CARTESIAN_POINT('Ctrl Pts',(-36.702617389718,-991.130838389745,-13.3543482636845));
#7723=CARTESIAN_POINT('Ctrl Pts',(-36.2437712506267,-991.144147563746,-13.2788247527749));
#7724=CARTESIAN_POINT('Ctrl Pts',(-36.0038379280329,-991.156762977679,-13.2072380147992));
#7725=CARTESIAN_POINT('Ctrl Pts',(-35.9344821571622,-991.163075768985,-13.1714157945021));
#7726=CARTESIAN_POINT('Ctrl Pts',(-35.9155657778903,-991.165448387981,-13.1579522605026));
#7727=CARTESIAN_POINT('Ctrl Pts',(-39.6878410133648,-993.128692560329,-13.5039260901072));
#7728=CARTESIAN_POINT('Ctrl Pts',(-39.6689246340929,-993.126319941332,-13.5173896241068));
#7729=CARTESIAN_POINT('Ctrl Pts',(-39.5995667556432,-993.120004475274,-13.5532270224061));
#7730=CARTESIAN_POINT('Ctrl Pts',(-39.3596424381882,-993.107384684291,-13.624838598151));
#7731=CARTESIAN_POINT('Ctrl Pts',(-38.9007172996901,-993.094096585421,-13.70024251728));
#7732=CARTESIAN_POINT('Ctrl Pts',(-38.1869945750332,-993.085472463403,-13.7491804884347));
#7733=CARTESIAN_POINT('Ctrl Pts',(-37.41643310079,-993.085477683033,-13.7491508694086));
#7734=CARTESIAN_POINT('Ctrl Pts',(-36.702617389718,-993.094082562093,-13.7003220932892));
#7735=CARTESIAN_POINT('Ctrl Pts',(-36.2437712506267,-993.107391736094,-13.6247985823795));
#7736=CARTESIAN_POINT('Ctrl Pts',(-36.0038379280329,-993.120007150027,-13.5532118444038));
#7737=CARTESIAN_POINT('Ctrl Pts',(-35.9344821571622,-993.126319941332,-13.5173896241068));
#7738=CARTESIAN_POINT('Ctrl Pts',(-35.9155657778903,-993.128692560329,-13.5039260901072));
#7739=CARTESIAN_POINT('',(-37.8017033956275,-991.704891002543,-13.503926090107));
#7740=CARTESIAN_POINT('Ctrl Pts',(-37.8017033956275,-991.704891002543,-13.503926090107));
#7741=CARTESIAN_POINT('Ctrl Pts',(-37.9586542436183,-991.704891002543,-13.503926090107));
#7742=CARTESIAN_POINT('Ctrl Pts',(-38.1154126947401,-991.723528420539,-13.503926090107));
#7743=CARTESIAN_POINT('Ctrl Pts',(-38.5187915139734,-991.821297602053,-13.503926090107));
#7744=CARTESIAN_POINT('Ctrl Pts',(-38.7548648109027,-991.930142019231,-13.503926090107));
#7745=CARTESIAN_POINT('Ctrl Pts',(-39.168127544733,-992.229778089938,-13.503926090107));
#7746=CARTESIAN_POINT('Ctrl Pts',(-39.3428826534407,-992.416799821624,-13.5039260900209));
#7747=CARTESIAN_POINT('Ctrl Pts',(-39.603921550347,-992.838840999245,-13.5039260900209));
#7748=CARTESIAN_POINT('Ctrl Pts',(-39.6624797058676,-993.023082378674,-13.503926090107));
#7749=CARTESIAN_POINT('Ctrl Pts',(-39.6878410133648,-993.128692560327,-13.503926090107));
#7750=CARTESIAN_POINT('Ctrl Pts',(-35.9155657778903,-993.128692560327,-13.503926090107));
#7751=CARTESIAN_POINT('Ctrl Pts',(-35.9165545197283,-993.1245752172,-13.503926090107));
#7752=CARTESIAN_POINT('Ctrl Pts',(-35.9175610345271,-993.120474314579,-13.503926090107));
#7753=CARTESIAN_POINT('Ctrl Pts',(-35.9350815941103,-993.050518441739,-13.503926090107));
#7754=CARTESIAN_POINT('Ctrl Pts',(-35.9570261968145,-992.983970689914,-13.503926090107));
#7755=CARTESIAN_POINT('Ctrl Pts',(-36.042078555719,-992.769236007872,-13.503926090107));
#7756=CARTESIAN_POINT('Ctrl Pts',(-36.1231966224169,-992.62562466909,-13.503926090107));
#7757=CARTESIAN_POINT('Ctrl Pts',(-36.3726919914741,-992.290873193779,-13.503926090107));
#7758=CARTESIAN_POINT('Ctrl Pts',(-36.5637954670002,-992.118548390638,-13.503926090107));
#7759=CARTESIAN_POINT('Ctrl Pts',(-37.0028238534055,-991.854774369476,-13.503926090107));
#7760=CARTESIAN_POINT('Ctrl Pts',(-37.2475305877266,-991.766569482613,-13.503926090107));
#7761=CARTESIAN_POINT('Ctrl Pts',(-37.6015141345807,-991.712464902187,-13.503926090107));
#7762=CARTESIAN_POINT('Ctrl Pts',(-37.7016478602567,-991.704891002543,-13.503926090107));
#7763=CARTESIAN_POINT('Ctrl Pts',(-37.8017033956275,-991.704891002543,-13.503926090107));
#7764=CARTESIAN_POINT('Origin',(-37.8017033956276,-992.561238029275,-13.503926090107));
#7765=CARTESIAN_POINT('',(-17.8017033956275,-986.411238029275,-13.503926090107));
#7766=CARTESIAN_POINT('',(-17.8017033956276,-998.711238029275,-13.503926090107));
#7767=CARTESIAN_POINT('',(-17.8017033956275,-989.436238029275,-13.503926090107));
#7768=CARTESIAN_POINT('',(-54.8017033956276,-998.711238029275,-13.503926090107));
#7769=CARTESIAN_POINT('',(-25.3017033956276,-998.711238029275,-13.503926090107));
#7770=CARTESIAN_POINT('',(-54.8017033956276,-986.411238029275,-13.503926090107));
#7771=CARTESIAN_POINT('',(-54.8017033956276,-995.686238029275,-13.503926090107));
#7772=CARTESIAN_POINT('',(-50.3017033956275,-986.411238029275,-13.503926090107));
#7773=CARTESIAN_POINT('',(-37.8017033956276,-996.311238029275,-13.503926090107));
#7774=CARTESIAN_POINT('',(-37.8017033956276,-996.311238029275,-13.503926090107));
#7775=CARTESIAN_POINT('',(-37.8017033956276,-988.811238029275,-13.503926090107));
#7776=CARTESIAN_POINT('',(-37.8017033956276,-996.311238029275,-13.503926090107));
#7777=CARTESIAN_POINT('Origin',(-37.8017033956276,-910.116188617681,1.125));
#7778=CARTESIAN_POINT('',(-39.8017033956275,-910.116188617681,1.125));
#7779=CARTESIAN_POINT('Origin',(-37.8017033956276,-910.116188617681,1.125));
#7780=CARTESIAN_POINT('Ctrl Pts',(-39.8017033956275,-908.151543255432,1.47122075509826));
#7781=CARTESIAN_POINT('Ctrl Pts',(-39.8017033956275,-908.09130313436,1.12938545856274));
#7782=CARTESIAN_POINT('Ctrl Pts',(-37.8017033956276,-908.09130313436,1.12938545856274));
#7783=CARTESIAN_POINT('Ctrl Pts',(-35.8017033956276,-908.09130313436,1.12938545856274));
#7784=CARTESIAN_POINT('Ctrl Pts',(-35.8017033956276,-908.151543255432,1.47122075509826));
#7785=CARTESIAN_POINT('Ctrl Pts',(-35.8017033956276,-908.211783376504,1.81305605163379));
#7786=CARTESIAN_POINT('Ctrl Pts',(-37.8017033956276,-908.211783376504,1.81305605163379));
#7787=CARTESIAN_POINT('Ctrl Pts',(-39.8017033956275,-908.211783376504,1.81305605163379));
#7788=CARTESIAN_POINT('Ctrl Pts',(-39.8017033956275,-908.151543255432,1.47122075509826));
#7789=CARTESIAN_POINT('Ctrl Pts',(-39.8017033956275,-994.525883387338,-13.7501468444675));
#7790=CARTESIAN_POINT('Ctrl Pts',(-39.8017033956276,-994.465643266266,-14.091982141003));
#7791=CARTESIAN_POINT('Ctrl Pts',(-37.8017033956276,-994.465643266266,-14.091982141003));
#7792=CARTESIAN_POINT('Ctrl Pts',(-35.8017033956276,-994.465643266266,-14.091982141003));
#7793=CARTESIAN_POINT('Ctrl Pts',(-35.8017033956276,-994.525883387338,-13.7501468444675));
#7794=CARTESIAN_POINT('Ctrl Pts',(-35.8017033956275,-994.58612350841,-13.408311547932));
#7795=CARTESIAN_POINT('Ctrl Pts',(-37.8017033956275,-994.58612350841,-13.408311547932));
#7796=CARTESIAN_POINT('Ctrl Pts',(-39.8017033956275,-994.58612350841,-13.408311547932));
#7797=CARTESIAN_POINT('Ctrl Pts',(-39.8017033956275,-994.525883387338,-13.7501468444675));
#7798=CARTESIAN_POINT('',(-39.8017033956275,-992.561238029275,-13.403926090107));
#7799=CARTESIAN_POINT('Origin',(-37.8017033956276,-992.561238029275,-13.403926090107));
#7800=CARTESIAN_POINT('Ctrl Pts',(-39.8017033956275,-992.561238029275,-13.403926090107));
#7801=CARTESIAN_POINT('Ctrl Pts',(-39.8017033956275,-910.116188617681,1.125));
#7802=CARTESIAN_POINT('Origin',(-37.8017033956276,-992.561238029275,-31.403926090107));
#7803=CARTESIAN_POINT('',(-12.8017033956276,-986.311238029275,-31.403926090107));
#7804=CARTESIAN_POINT('',(-12.8017033956276,-998.811238029275,-31.403926090107));
#7805=CARTESIAN_POINT('',(-12.8017033956276,-986.311238029275,-31.403926090107));
#7806=CARTESIAN_POINT('',(-62.8017033956275,-998.811238029275,-31.403926090107));
#7807=CARTESIAN_POINT('',(-12.8017033956276,-998.811238029275,-31.403926090107));
#7808=CARTESIAN_POINT('',(-62.8017033956275,-986.311238029275,-31.403926090107));
#7809=CARTESIAN_POINT('',(-62.8017033956275,-998.811238029275,-31.403926090107));
#7810=CARTESIAN_POINT('',(-62.8017033956275,-986.311238029275,-31.403926090107));
#7811=CARTESIAN_POINT('',(-12.9017033956276,-986.411238029275,-31.403926090107));
#7812=CARTESIAN_POINT('',(-62.7017033956276,-986.411238029275,-31.403926090107));
#7813=CARTESIAN_POINT('',(-50.3017033956275,-986.411238029275,-31.403926090107));
#7814=CARTESIAN_POINT('',(-62.7017033956276,-998.711238029275,-31.403926090107));
#7815=CARTESIAN_POINT('',(-62.7017033956276,-995.686238029275,-31.403926090107));
#7816=CARTESIAN_POINT('',(-12.9017033956276,-998.711238029275,-31.403926090107));
#7817=CARTESIAN_POINT('',(-25.3017033956276,-998.711238029275,-31.403926090107));
#7818=CARTESIAN_POINT('',(-12.9017033956276,-989.436238029275,-31.403926090107));
#7819=CARTESIAN_POINT('Origin',(-12.8017033956276,-986.311238029275,-13.403926090107));
#7820=CARTESIAN_POINT('',(-12.8017033956276,-998.811238029275,-18.403926090107));
#7821=CARTESIAN_POINT('',(-12.8017033956276,-986.311238029275,-18.403926090107));
#7822=CARTESIAN_POINT('',(-12.8017033956276,-989.436238029275,-18.403926090107));
#7823=CARTESIAN_POINT('',(-12.8017033956276,-998.811238029275,-13.403926090107));
#7824=CARTESIAN_POINT('',(-12.8017033956276,-986.311238029275,-13.403926090107));
#7825=CARTESIAN_POINT('Origin',(-12.8017033956276,-998.811238029275,-13.403926090107));
#7826=CARTESIAN_POINT('',(-17.8017033956276,-998.811238029275,-13.403926090107));
#7827=CARTESIAN_POINT('Origin',(-17.8017033956276,-998.811238029275,-18.403926090107));
#7828=CARTESIAN_POINT('',(-54.8017033956276,-998.811238029275,-13.403926090107));
#7829=CARTESIAN_POINT('',(-12.8017033956276,-998.811238029275,-13.403926090107));
#7830=CARTESIAN_POINT('',(-62.8017033956275,-998.811238029275,-21.403926090107));
#7831=CARTESIAN_POINT('Origin',(-54.8017033956276,-998.811238029275,-21.403926090107));
#7832=CARTESIAN_POINT('',(-62.8017033956275,-998.811238029275,-13.403926090107));
#7833=CARTESIAN_POINT('Origin',(-62.8017033956275,-998.811238029275,-13.403926090107));
#7834=CARTESIAN_POINT('',(-62.8017033956275,-986.311238029275,-21.403926090107));
#7835=CARTESIAN_POINT('',(-62.8017033956275,-995.686238029275,-21.403926090107));
#7836=CARTESIAN_POINT('',(-62.8017033956275,-986.311238029275,-13.403926090107));
#7837=CARTESIAN_POINT('Origin',(-54.8017033956276,-995.686238029275,-21.403926090107));
#7838=CARTESIAN_POINT('',(-54.8017033956276,-986.311238029275,-13.403926090107));
#7839=CARTESIAN_POINT('Origin',(-54.8017033956276,-986.311238029275,-21.403926090107));
#7840=CARTESIAN_POINT('',(-54.8017033956276,-995.686238029275,-13.403926090107));
#7841=CARTESIAN_POINT('Origin',(-62.8017033956275,-986.311238029275,-13.403926090107));
#7842=CARTESIAN_POINT('',(-17.8017033956275,-986.311238029275,-13.403926090107));
#7843=CARTESIAN_POINT('Origin',(-17.8017033956275,-986.311238029275,-18.403926090107));
#7844=CARTESIAN_POINT('',(-62.8017033956275,-986.311238029275,-13.403926090107));
#7845=CARTESIAN_POINT('Origin',(-37.8017033956276,-992.561238029275,-13.403926090107));
#7846=CARTESIAN_POINT('',(-17.8017033956275,-989.436238029275,-13.403926090107));
#7847=CARTESIAN_POINT('Origin',(-17.8017033956275,-989.436238029275,-18.403926090107));
#7848=CARTESIAN_POINT('Origin',(-12.9017033956276,-986.311238029275,-13.403926090107));
#7849=CARTESIAN_POINT('',(-12.9017033956276,-998.711238029275,-18.403926090107));
#7850=CARTESIAN_POINT('',(-12.9017033956276,-986.411238029275,-18.403926090107));
#7851=CARTESIAN_POINT('',(-12.9017033956276,-989.436238029275,-18.403926090107));
#7852=CARTESIAN_POINT('',(-12.9017033956276,-986.411238029275,-13.403926090107));
#7853=CARTESIAN_POINT('',(-12.9017033956276,-998.711238029275,-13.403926090107));
#7854=CARTESIAN_POINT('Origin',(-12.8017033956276,-998.711238029275,-13.403926090107));
#7855=CARTESIAN_POINT('Origin',(-17.8017033956276,-998.711238029275,-18.403926090107));
#7856=CARTESIAN_POINT('',(-62.7017033956276,-998.711238029275,-21.403926090107));
#7857=CARTESIAN_POINT('',(-62.7017033956276,-998.711238029275,-13.403926090107));
#7858=CARTESIAN_POINT('Origin',(-54.8017033956276,-998.711238029275,-21.403926090107));
#7859=CARTESIAN_POINT('Origin',(-62.7017033956276,-998.811238029275,-13.403926090107));
#7860=CARTESIAN_POINT('',(-62.7017033956276,-986.411238029275,-21.403926090107));
#7861=CARTESIAN_POINT('',(-62.7017033956276,-995.686238029275,-21.403926090107));
#7862=CARTESIAN_POINT('',(-62.7017033956276,-986.411238029275,-13.403926090107));
#7863=CARTESIAN_POINT('Origin',(-54.8017033956276,-995.686238029275,-21.403926090107));
#7864=CARTESIAN_POINT('Origin',(-54.8017033956276,-986.411238029275,-21.403926090107));
#7865=CARTESIAN_POINT('Origin',(-62.8017033956275,-986.411238029275,-13.403926090107));
#7866=CARTESIAN_POINT('Origin',(-17.8017033956275,-986.411238029275,-18.403926090107));
#7867=CARTESIAN_POINT('Origin',(-17.8017033956275,-989.436238029275,-18.403926090107));
#7868=CARTESIAN_POINT('Origin',(-37.8017033956276,-992.561238029275,-13.303926090107));
#7869=CARTESIAN_POINT('',(-35.9155657778903,-991.993783498222,-13.303926090107));
#7870=CARTESIAN_POINT('',(-39.6878410133648,-991.993783498222,-13.303926090107));
#7871=CARTESIAN_POINT('Ctrl Pts',(-35.9155657778902,-991.993783498222,-13.303926090107));
#7872=CARTESIAN_POINT('Ctrl Pts',(-35.9472114515345,-992.12556319225,-13.303926090107));
#7873=CARTESIAN_POINT('Ctrl Pts',(-36.0196950619952,-992.335307728314,-13.303926090107));
#7874=CARTESIAN_POINT('Ctrl Pts',(-36.3048772702608,-992.754624937328,-13.303926090107));
#7875=CARTESIAN_POINT('Ctrl Pts',(-36.4721665226519,-992.923652664492,-13.303926090107));
#7876=CARTESIAN_POINT('Ctrl Pts',(-36.875585085516,-993.206735425798,-13.303926090107));
#7877=CARTESIAN_POINT('Ctrl Pts',(-37.1132224517838,-993.311914461644,-13.303926090107));
#7878=CARTESIAN_POINT('Ctrl Pts',(-37.6159731706066,-993.425677806675,-13.303926090107));
#7879=CARTESIAN_POINT('Ctrl Pts',(-37.8765089326183,-993.432920018318,-13.303926090107));
#7880=CARTESIAN_POINT('Ctrl Pts',(-38.3851324912111,-993.347231959983,-13.303926090107));
#7881=CARTESIAN_POINT('Ctrl Pts',(-38.6285337696922,-993.255267011335,-13.303926090107));
#7882=CARTESIAN_POINT('Ctrl Pts',(-39.063429667718,-992.98476742718,-13.303926090107));
#7883=CARTESIAN_POINT('Ctrl Pts',(-39.2518124170212,-992.809561188638,-13.3039260901135));
#7884=CARTESIAN_POINT('Ctrl Pts',(-39.5730676488954,-992.364132505567,-13.3039260901135));
#7885=CARTESIAN_POINT('Ctrl Pts',(-39.6536436337498,-992.136189069135,-13.303926090107));
#7886=CARTESIAN_POINT('Ctrl Pts',(-39.6878410133649,-991.993783498222,-13.303926090107));
#7887=CARTESIAN_POINT('Ctrl Pts',(-39.6878410133648,-991.993783498222,-13.303926090107));
#7888=CARTESIAN_POINT('Ctrl Pts',(-39.6561953397802,-991.862003804443,-13.303926090107));
#7889=CARTESIAN_POINT('Ctrl Pts',(-39.5837117295067,-991.65225926881,-13.303926090107));
#7890=CARTESIAN_POINT('Ctrl Pts',(-39.298529535539,-991.232942080228,-13.303926090107));
#7891=CARTESIAN_POINT('Ctrl Pts',(-39.1312403041129,-991.063914367703,-13.303926090107));
#7892=CARTESIAN_POINT('Ctrl Pts',(-38.7278217557521,-990.780831593909,-13.303926090107));
#7893=CARTESIAN_POINT('Ctrl Pts',(-38.4901843731605,-990.675652544438,-13.303926090107));
#7894=CARTESIAN_POINT('Ctrl Pts',(-37.9874336404949,-990.561889192239,-13.303926090107));
#7895=CARTESIAN_POINT('Ctrl Pts',(-37.7268978834751,-990.554646977814,-13.303926090107));
#7896=CARTESIAN_POINT('Ctrl Pts',(-37.2182743548563,-990.640335023361,-13.303926090107));
#7897=CARTESIAN_POINT('Ctrl Pts',(-36.9748730990739,-990.732299953709,-13.303926090107));
#7898=CARTESIAN_POINT('Ctrl Pts',(-36.539977232336,-991.002799484983,-13.303926090107));
#7899=CARTESIAN_POINT('Ctrl Pts',(-36.3515944906157,-991.178005689655,-13.3039260901005));
#7900=CARTESIAN_POINT('Ctrl Pts',(-36.0303391816352,-991.623434386224,-13.3039260901005));
#7901=CARTESIAN_POINT('Ctrl Pts',(-35.9497631668345,-991.851377888461,-13.303926090107));
#7902=CARTESIAN_POINT('Ctrl Pts',(-35.9155657778903,-991.993783498222,-13.303926090107));
#7903=CARTESIAN_POINT('Ctrl Pts',(-35.9155657778902,-910.683643148733,1.02500000000002));
#7904=CARTESIAN_POINT('Ctrl Pts',(-35.9344821571621,-910.68601576773,1.03846353399956));
#7905=CARTESIAN_POINT('Ctrl Pts',(-36.003838238272,-910.692330937589,1.07429925150817));
#7906=CARTESIAN_POINT('Ctrl Pts',(-36.2437708599121,-910.704944507651,1.14587552635354));
#7907=CARTESIAN_POINT('Ctrl Pts',(-36.702616193282,-910.718266625724,1.22147248899518));
#7908=CARTESIAN_POINT('Ctrl Pts',(-37.2380256994795,-910.724700314659,1.25798074837655));
#7909=CARTESIAN_POINT('Ctrl Pts',(-37.7375432391386,-910.726874449075,1.27031797262845));
#7910=CARTESIAN_POINT('Ctrl Pts',(-38.2464909857626,-910.726138087516,1.26613945559252));
#7911=CARTESIAN_POINT('Ctrl Pts',(-38.900772925211,-910.718264726401,1.22146171120062));
#7912=CARTESIAN_POINT('Ctrl Pts',(-39.3596395044982,-910.704944608756,1.14587610007688));
#7913=CARTESIAN_POINT('Ctrl Pts',(-39.5995664651504,-910.692330677224,1.07429777405517));
#7914=CARTESIAN_POINT('Ctrl Pts',(-39.668924634093,-910.68601576773,1.03846353399956));
#7915=CARTESIAN_POINT('Ctrl Pts',(-39.6878410133649,-910.683643148733,1.02500000000002));
#7916=CARTESIAN_POINT('Ctrl Pts',(-35.9155657778902,-993.389573139213,-13.549899919658));
#7917=CARTESIAN_POINT('Ctrl Pts',(-35.9344821571621,-993.391945758209,-13.5364363856585));
#7918=CARTESIAN_POINT('Ctrl Pts',(-36.003838238272,-993.398260928068,-13.5006006681499));
#7919=CARTESIAN_POINT('Ctrl Pts',(-36.2437708599121,-993.41087449813,-13.4290243933045));
#7920=CARTESIAN_POINT('Ctrl Pts',(-36.702616193282,-993.424196616204,-13.3534274306629));
#7921=CARTESIAN_POINT('Ctrl Pts',(-37.2380256994795,-993.430630305139,-13.3169191712815));
#7922=CARTESIAN_POINT('Ctrl Pts',(-37.7375432391386,-993.432804439554,-13.3045819470296));
#7923=CARTESIAN_POINT('Ctrl Pts',(-38.2464909857626,-993.432068077995,-13.3087604640655));
#7924=CARTESIAN_POINT('Ctrl Pts',(-38.900772925211,-993.424194716881,-13.3534382084574));
#7925=CARTESIAN_POINT('Ctrl Pts',(-39.3596395044982,-993.410874599235,-13.4290238195812));
#7926=CARTESIAN_POINT('Ctrl Pts',(-39.5995664651504,-993.398260667703,-13.5006021456029));
#7927=CARTESIAN_POINT('Ctrl Pts',(-39.668924634093,-993.391945758209,-13.5364363856585));
#7928=CARTESIAN_POINT('Ctrl Pts',(-39.6878410133649,-993.389573139213,-13.549899919658));
#7929=CARTESIAN_POINT('',(-39.6878410133648,-910.683643148734,1.025));
#7930=CARTESIAN_POINT('Ctrl Pts',(-39.6878410133648,-910.683643148733,1.02500000000002));
#7931=CARTESIAN_POINT('Ctrl Pts',(-39.6878410133648,-924.379207488931,-1.38850867615646));
#7932=CARTESIAN_POINT('Ctrl Pts',(-39.6878410133648,-938.074771829128,-3.80201735231292));
#7933=CARTESIAN_POINT('Ctrl Pts',(-39.6878410133648,-965.178151945624,-8.57832604901526));
#7934=CARTESIAN_POINT('Ctrl Pts',(-39.6878410133648,-978.585967721923,-10.9411260695612));
#7935=CARTESIAN_POINT('Ctrl Pts',(-39.6878410133648,-991.993783498222,-13.303926090107));
#7936=CARTESIAN_POINT('',(-35.9155657778903,-910.683643148734,1.025));
#7937=CARTESIAN_POINT('Ctrl Pts',(-35.9155657778902,-910.683643148733,1.025));
#7938=CARTESIAN_POINT('Ctrl Pts',(-35.9409281606986,-910.789257808224,1.025));
#7939=CARTESIAN_POINT('Ctrl Pts',(-35.9994899726852,-910.973509299078,1.02499999991893));
#7940=CARTESIAN_POINT('Ctrl Pts',(-36.2605417096553,-911.395557117435,1.02499999991893));
#7941=CARTESIAN_POINT('Ctrl Pts',(-36.4352985384144,-911.582575582135,1.025));
#7942=CARTESIAN_POINT('Ctrl Pts',(-36.8485628029198,-911.882204745051,1.025));
#7943=CARTESIAN_POINT('Ctrl Pts',(-37.0846357596107,-911.991045747996,1.025));
#7944=CARTESIAN_POINT('Ctrl Pts',(-37.5856771805029,-912.112480600082,1.025));
#7945=CARTESIAN_POINT('Ctrl Pts',(-37.8460840613231,-912.123687774575,1.025));
#7946=CARTESIAN_POINT('Ctrl Pts',(-38.3558948926739,-912.04576095642,1.025));
#7947=CARTESIAN_POINT('Ctrl Pts',(-38.6006016365345,-911.95755331427,1.025));
#7948=CARTESIAN_POINT('Ctrl Pts',(-39.0396293238708,-911.693773331036,1.025));
#7949=CARTESIAN_POINT('Ctrl Pts',(-39.2307319601429,-911.521445165805,1.025));
#7950=CARTESIAN_POINT('Ctrl Pts',(-39.4802216405496,-911.186692002304,1.025));
#7951=CARTESIAN_POINT('Ctrl Pts',(-39.561336407125,-911.043082887865,1.02500000000001));
#7952=CARTESIAN_POINT('Ctrl Pts',(-39.6463846550226,-910.828353145501,1.02500000000001));
#7953=CARTESIAN_POINT('Ctrl Pts',(-39.6683280186375,-910.761807590429,1.025));
#7954=CARTESIAN_POINT('Ctrl Pts',(-39.6858469604364,-910.691856490024,1.025));
#7955=CARTESIAN_POINT('Ctrl Pts',(-39.686852861997,-910.68775803301,1.025));
#7956=CARTESIAN_POINT('Ctrl Pts',(-39.6878410133648,-910.683643148734,1.025));
#7957=CARTESIAN_POINT('Ctrl Pts',(-35.9155657778903,-991.993783498222,-13.3039260901071));
#7958=CARTESIAN_POINT('Ctrl Pts',(-35.9155657778903,-978.298219158025,-10.8904174139506));
#7959=CARTESIAN_POINT('Ctrl Pts',(-35.9155657778903,-964.602654817828,-8.47690873779408));
#7960=CARTESIAN_POINT('Ctrl Pts',(-35.9155657778903,-937.499274701332,-3.70060004109173));
#7961=CARTESIAN_POINT('Ctrl Pts',(-35.9155657778903,-924.091458925033,-1.33780002054586));
#7962=CARTESIAN_POINT('Ctrl Pts',(-35.9155657778903,-910.683643148734,1.02500000000002));
#7963=CARTESIAN_POINT('Ctrl Pts',(-39.6878410133648,-909.286972274051,1.27112912546356));
#7964=CARTESIAN_POINT('Ctrl Pts',(-39.6689246340929,-909.284599655054,1.25766559146401));
#7965=CARTESIAN_POINT('Ctrl Pts',(-39.5995667557843,-909.278284188573,1.22182819076146));
#7966=CARTESIAN_POINT('Ctrl Pts',(-39.3596424385373,-909.26566439708,1.15021661212717));
#7967=CARTESIAN_POINT('Ctrl Pts',(-38.9007173004659,-909.252376297433,1.0748126885872));
#7968=CARTESIAN_POINT('Ctrl Pts',(-38.1869945755194,-909.243752175347,1.02587471704599));
#7969=CARTESIAN_POINT('Ctrl Pts',(-37.4164331011204,-909.243757394739,1.02590433471989));
#7970=CARTESIAN_POINT('Ctrl Pts',(-36.7026173900012,-909.252362274334,1.07473311386908));
#7971=CARTESIAN_POINT('Ctrl Pts',(-36.2437712506974,-909.265671448976,1.15025662842342));
#7972=CARTESIAN_POINT('Ctrl Pts',(-36.0038379280879,-909.278286863268,1.22184336843668));
#7973=CARTESIAN_POINT('Ctrl Pts',(-35.9344821571622,-909.284599655054,1.257665591464));
#7974=CARTESIAN_POINT('Ctrl Pts',(-35.9155657778903,-909.286972274051,1.27112912546355));
#7975=CARTESIAN_POINT('Ctrl Pts',(-39.6878410133648,-991.993783498223,-13.3039260901071));
#7976=CARTESIAN_POINT('Ctrl Pts',(-39.6689246340929,-991.991410879226,-13.3173896241066));
#7977=CARTESIAN_POINT('Ctrl Pts',(-39.5995667557843,-991.985095412745,-13.3532270248092));
#7978=CARTESIAN_POINT('Ctrl Pts',(-39.3596424385373,-991.972475621252,-13.4248386034434));
#7979=CARTESIAN_POINT('Ctrl Pts',(-38.9007173004659,-991.959187521605,-13.5002425269834));
#7980=CARTESIAN_POINT('Ctrl Pts',(-38.1869945755194,-991.950563399519,-13.5491804985246));
#7981=CARTESIAN_POINT('Ctrl Pts',(-37.4164331011204,-991.950568618911,-13.5491508808507));
#7982=CARTESIAN_POINT('Ctrl Pts',(-36.7026173900012,-991.959173498505,-13.5003221017015));
#7983=CARTESIAN_POINT('Ctrl Pts',(-36.2437712506974,-991.972482673148,-13.4247985871472));
#7984=CARTESIAN_POINT('Ctrl Pts',(-36.0038379280879,-991.98509808744,-13.3532118471339));
#7985=CARTESIAN_POINT('Ctrl Pts',(-35.9344821571622,-991.991410879226,-13.3173896241066));
#7986=CARTESIAN_POINT('Ctrl Pts',(-35.9155657778903,-991.993783498223,-13.3039260901071));
#7987=CARTESIAN_POINT('Ctrl Pts',(-35.9155657778903,-910.683643148734,1.025));
#7988=CARTESIAN_POINT('Ctrl Pts',(-35.9165545197283,-910.679525805607,1.025));
#7989=CARTESIAN_POINT('Ctrl Pts',(-35.9175610345271,-910.675424902986,1.025));
#7990=CARTESIAN_POINT('Ctrl Pts',(-35.9350815941104,-910.605469030145,1.025));
#7991=CARTESIAN_POINT('Ctrl Pts',(-35.9570261968148,-910.538921278319,1.02499999999999));
#7992=CARTESIAN_POINT('Ctrl Pts',(-36.042078555719,-910.324186596278,1.02499999999999));
#7993=CARTESIAN_POINT('Ctrl Pts',(-36.1231966224169,-910.180575257496,1.025));
#7994=CARTESIAN_POINT('Ctrl Pts',(-36.3726919914741,-909.845823782186,1.025));
#7995=CARTESIAN_POINT('Ctrl Pts',(-36.5637954670002,-909.673498979044,1.025));
#7996=CARTESIAN_POINT('Ctrl Pts',(-37.0028238534052,-909.409724957882,1.025));
#7997=CARTESIAN_POINT('Ctrl Pts',(-37.2475305877258,-909.32152007102,1.025));
#7998=CARTESIAN_POINT('Ctrl Pts',(-37.7573417905377,-909.243598027835,1.025));
#7999=CARTESIAN_POINT('Ctrl Pts',(-38.0177491385174,-909.25480774635,1.025));
#8000=CARTESIAN_POINT('Ctrl Pts',(-38.5187915139734,-909.376248190459,1.025));
#8001=CARTESIAN_POINT('Ctrl Pts',(-38.7548648109027,-909.485092607637,1.025));
#8002=CARTESIAN_POINT('Ctrl Pts',(-39.168127544733,-909.784728678344,1.025));
#8003=CARTESIAN_POINT('Ctrl Pts',(-39.3428826534407,-909.97175041003,1.02500000008606));
#8004=CARTESIAN_POINT('Ctrl Pts',(-39.603921550347,-910.393791587652,1.02500000008606));
#8005=CARTESIAN_POINT('Ctrl Pts',(-39.6624797058677,-910.57803296708,1.025));
#8006=CARTESIAN_POINT('Ctrl Pts',(-39.6878410133648,-910.683643148734,1.025));
#8007=CARTESIAN_POINT('Origin',(-37.8017033956276,-910.116188617681,1.025));
#8008=CARTESIAN_POINT('Ctrl Pts',(-35.9155657778902,-786.842761970725,-13.403926090107));
#8009=CARTESIAN_POINT('Ctrl Pts',(-35.9344821571621,-786.840389351729,-13.3904625561075));
#8010=CARTESIAN_POINT('Ctrl Pts',(-36.0038393672961,-786.834075193344,-13.3546325782549));
#8011=CARTESIAN_POINT('Ctrl Pts',(-36.2437706856772,-786.82145915057,-13.2830422718933));
#8012=CARTESIAN_POINT('Ctrl Pts',(-36.7026226992177,-786.808145546973,-13.2074936250346));
#8013=CARTESIAN_POINT('Ctrl Pts',(-37.4164901367006,-786.799542830677,-13.1586771216238));
#8014=CARTESIAN_POINT('Ctrl Pts',(-38.1870033508386,-786.799535052108,-13.1586329817782));
#8015=CARTESIAN_POINT('Ctrl Pts',(-38.9007712719284,-786.808144231144,-13.2074861583045));
#8016=CARTESIAN_POINT('Ctrl Pts',(-39.3596381465947,-786.821458353142,-13.2830377468534));
#8017=CARTESIAN_POINT('Ctrl Pts',(-39.5995659990348,-786.834074825491,-13.3546304908556));
#8018=CARTESIAN_POINT('Ctrl Pts',(-39.668924634093,-786.840389351729,-13.3904625561075));
#8019=CARTESIAN_POINT('Ctrl Pts',(-39.6878410133649,-786.842761970725,-13.403926090107));
#8020=CARTESIAN_POINT('Ctrl Pts',(-35.9155657778902,-784.894390867196,-13.7472789046339));
#8021=CARTESIAN_POINT('Ctrl Pts',(-35.9344821571621,-784.8920182482,-13.7338153706343));
#8022=CARTESIAN_POINT('Ctrl Pts',(-36.0038393672961,-784.885704089815,-13.6979853927818));
#8023=CARTESIAN_POINT('Ctrl Pts',(-36.2437706856772,-784.87308804704,-13.6263950864202));
#8024=CARTESIAN_POINT('Ctrl Pts',(-36.7026226992177,-784.859774443443,-13.5508464395615));
#8025=CARTESIAN_POINT('Ctrl Pts',(-37.4164901367006,-784.851171727148,-13.5020299361506));
#8026=CARTESIAN_POINT('Ctrl Pts',(-38.1870033508386,-784.851163948579,-13.5019857963051));
#8027=CARTESIAN_POINT('Ctrl Pts',(-38.9007712719284,-784.859773127614,-13.5508389728314));
#8028=CARTESIAN_POINT('Ctrl Pts',(-39.3596381465947,-784.873087249613,-13.6263905613802));
#8029=CARTESIAN_POINT('Ctrl Pts',(-39.5995659990348,-784.885703721962,-13.6979833053825));
#8030=CARTESIAN_POINT('Ctrl Pts',(-39.668924634093,-784.8920182482,-13.7338153706343));
#8031=CARTESIAN_POINT('Ctrl Pts',(-39.6878410133649,-784.894390867196,-13.7472789046339));
#8032=CARTESIAN_POINT('',(-39.6878410133648,-786.842761970725,-13.403926090107));
#8033=CARTESIAN_POINT('',(-35.9155657778903,-786.842761970725,-13.403926090107));
#8034=CARTESIAN_POINT('Ctrl Pts',(-39.6878410133649,-786.842761970725,-13.403926090107));
#8035=CARTESIAN_POINT('Ctrl Pts',(-39.6536436337502,-786.700356399814,-13.403926090107));
#8036=CARTESIAN_POINT('Ctrl Pts',(-39.5730676488962,-786.472412963382,-13.4039260901135));
#8037=CARTESIAN_POINT('Ctrl Pts',(-39.2518124170213,-786.02698428031,-13.4039260901135));
#8038=CARTESIAN_POINT('Ctrl Pts',(-39.0634296677183,-785.851778041767,-13.403926090107));
#8039=CARTESIAN_POINT('Ctrl Pts',(-38.6285337696924,-785.581278457612,-13.403926090107));
#8040=CARTESIAN_POINT('Ctrl Pts',(-38.3851324912115,-785.489313508964,-13.403926090107));
#8041=CARTESIAN_POINT('Ctrl Pts',(-37.8765089326178,-785.403625450629,-13.403926090107));
#8042=CARTESIAN_POINT('Ctrl Pts',(-37.6159731706064,-785.410867662272,-13.403926090107));
#8043=CARTESIAN_POINT('Ctrl Pts',(-37.113222451783,-785.524631007303,-13.403926090107));
#8044=CARTESIAN_POINT('Ctrl Pts',(-36.8755850855157,-785.62981004315,-13.403926090107));
#8045=CARTESIAN_POINT('Ctrl Pts',(-36.4721665226519,-785.912892804456,-13.403926090107));
#8046=CARTESIAN_POINT('Ctrl Pts',(-36.3048772702608,-786.081920531619,-13.403926090107));
#8047=CARTESIAN_POINT('Ctrl Pts',(-36.0196950619952,-786.501237740633,-13.403926090107));
#8048=CARTESIAN_POINT('Ctrl Pts',(-35.9472114515345,-786.710982276698,-13.403926090107));
#8049=CARTESIAN_POINT('Ctrl Pts',(-35.9155657778902,-786.842761970725,-13.403926090107));
#8050=CARTESIAN_POINT('',(-39.6878410133648,-786.275307439673,-13.503926090107));
#8051=CARTESIAN_POINT('Ctrl Pts',(-39.6878410133648,-786.842761970725,-13.403926090107));
#8052=CARTESIAN_POINT('Ctrl Pts',(-39.6878410133648,-786.653610460374,-13.4372594234404));
#8053=CARTESIAN_POINT('Ctrl Pts',(-39.6878410133648,-786.464458950023,-13.4705927567738));
#8054=CARTESIAN_POINT('Ctrl Pts',(-39.6878410133648,-786.275307439671,-13.5039260901072));
#8055=CARTESIAN_POINT('',(-37.8017033956276,-784.851505881889,-13.503926090107));
#8056=CARTESIAN_POINT('Ctrl Pts',(-39.6878410133649,-786.275307439673,-13.503926090107));
#8057=CARTESIAN_POINT('Ctrl Pts',(-39.6868528619971,-786.271192555396,-13.503926090107));
#8058=CARTESIAN_POINT('Ctrl Pts',(-39.6858469604364,-786.267094098382,-13.503926090107));
#8059=CARTESIAN_POINT('Ctrl Pts',(-39.6683280186375,-786.197142997978,-13.503926090107));
#8060=CARTESIAN_POINT('Ctrl Pts',(-39.6463846550226,-786.130597442905,-13.503926090107));
#8061=CARTESIAN_POINT('Ctrl Pts',(-39.561336407125,-785.915867700541,-13.503926090107));
#8062=CARTESIAN_POINT('Ctrl Pts',(-39.4802216405496,-785.772258586102,-13.503926090107));
#8063=CARTESIAN_POINT('Ctrl Pts',(-39.230731960143,-785.437505422602,-13.503926090107));
#8064=CARTESIAN_POINT('Ctrl Pts',(-39.0396293238714,-785.26517725737,-13.503926090107));
#8065=CARTESIAN_POINT('Ctrl Pts',(-38.6006016365345,-785.001397274137,-13.503926090107));
#8066=CARTESIAN_POINT('Ctrl Pts',(-38.3558948926739,-784.913189631986,-13.503926090107));
#8067=CARTESIAN_POINT('Ctrl Pts',(-38.0019048686054,-784.8590807066,-13.503926090107));
#8068=CARTESIAN_POINT('Ctrl Pts',(-37.9017650410047,-784.851505881889,-13.503926090107));
#8069=CARTESIAN_POINT('Ctrl Pts',(-37.8017033956275,-784.851505881889,-13.503926090107));
#8070=CARTESIAN_POINT('',(-35.9155657778903,-786.275307439673,-13.503926090107));
#8071=CARTESIAN_POINT('Ctrl Pts',(-37.8017033956276,-784.851505881889,-13.503926090107));
#8072=CARTESIAN_POINT('Ctrl Pts',(-37.6447592357924,-784.851505881889,-13.503926090107));
#8073=CARTESIAN_POINT('Ctrl Pts',(-37.4880074130543,-784.870141711398,-13.503926090107));
#8074=CARTESIAN_POINT('Ctrl Pts',(-37.0846357596115,-784.967904840411,-13.503926090107));
#8075=CARTESIAN_POINT('Ctrl Pts',(-36.8485628029202,-785.076745843355,-13.503926090107));
#8076=CARTESIAN_POINT('Ctrl Pts',(-36.4352985384139,-785.376375006272,-13.503926090107));
#8077=CARTESIAN_POINT('Ctrl Pts',(-36.2605417096552,-785.563393470971,-13.5039260901881));
#8078=CARTESIAN_POINT('Ctrl Pts',(-35.9994899726856,-785.985441289327,-13.5039260901881));
#8079=CARTESIAN_POINT('Ctrl Pts',(-35.9409281606989,-786.169692780181,-13.503926090107));
#8080=CARTESIAN_POINT('Ctrl Pts',(-35.9155657778903,-786.275307439673,-13.503926090107));
#8081=CARTESIAN_POINT('Ctrl Pts',(-35.9155657778903,-786.275307439673,-13.503926090107));
#8082=CARTESIAN_POINT('Ctrl Pts',(-35.9155657778903,-786.464458950024,-13.4705927567737));
#8083=CARTESIAN_POINT('Ctrl Pts',(-35.9155657778903,-786.653610460374,-13.4372594234403));
#8084=CARTESIAN_POINT('Ctrl Pts',(-35.9155657778903,-786.842761970725,-13.403926090107));
#8085=CARTESIAN_POINT('Ctrl Pts',(-39.6878410133648,-788.238551612019,-13.1579522605026));
#8086=CARTESIAN_POINT('Ctrl Pts',(-39.6689246340929,-788.240924231015,-13.1714157945021));
#8087=CARTESIAN_POINT('Ctrl Pts',(-39.5995667823333,-788.247239777124,-13.2072536470556));
#8088=CARTESIAN_POINT('Ctrl Pts',(-39.3596425042258,-788.259859664139,-13.2788657677358));
#8089=CARTESIAN_POINT('Ctrl Pts',(-38.9007174466313,-788.273147909517,-13.3542705182341));
#8090=CARTESIAN_POINT('Ctrl Pts',(-38.186994666702,-788.281772044136,-13.4032085608903));
#8091=CARTESIAN_POINT('Ctrl Pts',(-37.4164331626751,-788.281766869264,-13.4031791958444));
#8092=CARTESIAN_POINT('Ctrl Pts',(-36.70261744298,-788.273161889849,-13.3543498502602));
#8093=CARTESIAN_POINT('Ctrl Pts',(-36.2437712637681,-788.25985259506,-13.2788256539279));
#8094=CARTESIAN_POINT('Ctrl Pts',(-36.0038379383421,-788.247237113285,-13.2072385309804));
#8095=CARTESIAN_POINT('Ctrl Pts',(-35.9344821571622,-788.240924231015,-13.1714157945021));
#8096=CARTESIAN_POINT('Ctrl Pts',(-35.9155657778903,-788.238551612019,-13.1579522605026));
#8097=CARTESIAN_POINT('Ctrl Pts',(-39.6878410133648,-786.275307439671,-13.5039260901072));
#8098=CARTESIAN_POINT('Ctrl Pts',(-39.6689246340929,-786.277680058668,-13.5173896241068));
#8099=CARTESIAN_POINT('Ctrl Pts',(-39.5995667823333,-786.283995604776,-13.5532274766603));
#8100=CARTESIAN_POINT('Ctrl Pts',(-39.3596425042258,-786.296615491791,-13.6248395973404));
#8101=CARTESIAN_POINT('Ctrl Pts',(-38.9007174466313,-786.30990373717,-13.7002443478387));
#8102=CARTESIAN_POINT('Ctrl Pts',(-38.186994666702,-786.318527871788,-13.7491823904949));
#8103=CARTESIAN_POINT('Ctrl Pts',(-37.4164331626751,-786.318522696916,-13.7491530254491));
#8104=CARTESIAN_POINT('Ctrl Pts',(-36.70261744298,-786.309917717501,-13.7003236798648));
#8105=CARTESIAN_POINT('Ctrl Pts',(-36.2437712637681,-786.296608422712,-13.6247994835325));
#8106=CARTESIAN_POINT('Ctrl Pts',(-36.0038379383421,-786.283992940937,-13.5532123605851));
#8107=CARTESIAN_POINT('Ctrl Pts',(-35.9344821571622,-786.277680058668,-13.5173896241068));
#8108=CARTESIAN_POINT('Ctrl Pts',(-35.9155657778903,-786.275307439671,-13.5039260901072));
#8109=CARTESIAN_POINT('Ctrl Pts',(-35.9155657778903,-786.842761970725,-13.403926090107));
#8110=CARTESIAN_POINT('Ctrl Pts',(-35.9497631668334,-786.985167580482,-13.403926090107));
#8111=CARTESIAN_POINT('Ctrl Pts',(-36.0303391816328,-787.213111082721,-13.4039260901005));
#8112=CARTESIAN_POINT('Ctrl Pts',(-36.3515944906158,-787.658539779293,-13.4039260901005));
#8113=CARTESIAN_POINT('Ctrl Pts',(-36.5399772323363,-787.833745983965,-13.403926090107));
#8114=CARTESIAN_POINT('Ctrl Pts',(-36.9748730990739,-788.104245515238,-13.403926090107));
#8115=CARTESIAN_POINT('Ctrl Pts',(-37.2182743548563,-788.196210445586,-13.403926090107));
#8116=CARTESIAN_POINT('Ctrl Pts',(-37.726897883476,-788.281898491134,-13.403926090107));
#8117=CARTESIAN_POINT('Ctrl Pts',(-37.9874336404953,-788.274656276708,-13.403926090107));
#8118=CARTESIAN_POINT('Ctrl Pts',(-38.4901843731601,-788.160892924509,-13.403926090107));
#8119=CARTESIAN_POINT('Ctrl Pts',(-38.7278217557519,-788.055713875038,-13.403926090107));
#8120=CARTESIAN_POINT('Ctrl Pts',(-39.1312403041129,-787.772631101244,-13.403926090107));
#8121=CARTESIAN_POINT('Ctrl Pts',(-39.298529535539,-787.603603388719,-13.403926090107));
#8122=CARTESIAN_POINT('Ctrl Pts',(-39.5837117295086,-787.184286200134,-13.403926090107));
#8123=CARTESIAN_POINT('Ctrl Pts',(-39.656195339781,-786.974541664501,-13.403926090107));
#8124=CARTESIAN_POINT('Ctrl Pts',(-39.6878410133648,-786.842761970725,-13.403926090107));
#8125=CARTESIAN_POINT('',(-37.8017033956275,-787.699108997457,-13.503926090107));
#8126=CARTESIAN_POINT('Ctrl Pts',(-35.9155657778904,-786.275307439673,-13.503926090107));
#8127=CARTESIAN_POINT('Ctrl Pts',(-35.9165545197283,-786.2794247828,-13.503926090107));
#8128=CARTESIAN_POINT('Ctrl Pts',(-35.9175610345271,-786.28352568542,-13.503926090107));
#8129=CARTESIAN_POINT('Ctrl Pts',(-35.9350815941103,-786.353481558261,-13.503926090107));
#8130=CARTESIAN_POINT('Ctrl Pts',(-35.9570261968145,-786.420029310086,-13.503926090107));
#8131=CARTESIAN_POINT('Ctrl Pts',(-36.042078555719,-786.634763992128,-13.503926090107));
#8132=CARTESIAN_POINT('Ctrl Pts',(-36.1231966224169,-786.77837533091,-13.503926090107));
#8133=CARTESIAN_POINT('Ctrl Pts',(-36.3726919914741,-787.113126806221,-13.503926090107));
#8134=CARTESIAN_POINT('Ctrl Pts',(-36.5637954670002,-787.285451609362,-13.503926090107));
#8135=CARTESIAN_POINT('Ctrl Pts',(-37.0028238534055,-787.549225630524,-13.503926090107));
#8136=CARTESIAN_POINT('Ctrl Pts',(-37.2475305877266,-787.637430517387,-13.503926090107));
#8137=CARTESIAN_POINT('Ctrl Pts',(-37.6015141345807,-787.691535097813,-13.503926090107));
#8138=CARTESIAN_POINT('Ctrl Pts',(-37.7016478602567,-787.699108997457,-13.503926090107));
#8139=CARTESIAN_POINT('Ctrl Pts',(-37.8017033956275,-787.699108997457,-13.503926090107));
#8140=CARTESIAN_POINT('Ctrl Pts',(-37.8017033956275,-787.699108997457,-13.503926090107));
#8141=CARTESIAN_POINT('Ctrl Pts',(-37.9586542436183,-787.699108997457,-13.503926090107));
#8142=CARTESIAN_POINT('Ctrl Pts',(-38.1154126947401,-787.680471579461,-13.503926090107));
#8143=CARTESIAN_POINT('Ctrl Pts',(-38.5187915139734,-787.582702397947,-13.503926090107));
#8144=CARTESIAN_POINT('Ctrl Pts',(-38.7548648109027,-787.473857980769,-13.503926090107));
#8145=CARTESIAN_POINT('Ctrl Pts',(-39.168127544733,-787.174221910062,-13.503926090107));
#8146=CARTESIAN_POINT('Ctrl Pts',(-39.3428826534407,-786.987200178376,-13.5039260900209));
#8147=CARTESIAN_POINT('Ctrl Pts',(-39.603921550347,-786.565159000755,-13.5039260900209));
#8148=CARTESIAN_POINT('Ctrl Pts',(-39.6624797058675,-786.380917621326,-13.503926090107));
#8149=CARTESIAN_POINT('Ctrl Pts',(-39.6878410133648,-786.275307439673,-13.503926090107));
#8150=CARTESIAN_POINT('Origin',(-37.8017033956276,-786.842761970725,-13.503926090107));
#8151=CARTESIAN_POINT('',(-17.8017033956275,-792.992761970725,-13.503926090107));
#8152=CARTESIAN_POINT('',(-17.8017033956276,-780.692761970725,-13.503926090107));
#8153=CARTESIAN_POINT('',(-17.8017033956275,-789.967761970725,-13.503926090107));
#8154=CARTESIAN_POINT('',(-54.8017033956276,-792.992761970725,-13.503926090107));
#8155=CARTESIAN_POINT('',(-50.3017033956275,-792.992761970725,-13.503926090107));
#8156=CARTESIAN_POINT('',(-54.8017033956276,-780.692761970725,-13.503926090107));
#8157=CARTESIAN_POINT('',(-54.8017033956276,-783.717761970725,-13.503926090107));
#8158=CARTESIAN_POINT('',(-25.3017033956276,-780.692761970725,-13.503926090107));
#8159=CARTESIAN_POINT('',(-37.8017033956276,-783.092761970725,-13.503926090107));
#8160=CARTESIAN_POINT('',(-37.8017033956276,-783.092761970725,-13.503926090107));
#8161=CARTESIAN_POINT('',(-37.8017033956276,-790.592761970725,-13.503926090107));
#8162=CARTESIAN_POINT('',(-37.8017033956276,-783.092761970725,-13.503926090107));
#8163=CARTESIAN_POINT('Origin',(-37.8017033956276,-786.842761970725,-31.403926090107));
#8164=CARTESIAN_POINT('',(-12.8017033956276,-793.092761970725,-31.403926090107));
#8165=CARTESIAN_POINT('',(-12.8017033956276,-780.592761970725,-31.403926090107));
#8166=CARTESIAN_POINT('',(-12.8017033956276,-793.092761970725,-31.403926090107));
#8167=CARTESIAN_POINT('',(-62.8017033956275,-793.092761970725,-31.403926090107));
#8168=CARTESIAN_POINT('',(-62.8017033956275,-793.092761970725,-31.403926090107));
#8169=CARTESIAN_POINT('',(-62.8017033956275,-780.592761970725,-31.403926090107));
#8170=CARTESIAN_POINT('',(-62.8017033956275,-780.592761970725,-31.403926090107));
#8171=CARTESIAN_POINT('',(-12.8017033956276,-780.592761970725,-31.403926090107));
#8172=CARTESIAN_POINT('',(-12.9017033956276,-792.992761970725,-31.403926090107));
#8173=CARTESIAN_POINT('',(-62.7017033956276,-792.992761970725,-31.403926090107));
#8174=CARTESIAN_POINT('',(-50.3017033956275,-792.992761970725,-31.403926090107));
#8175=CARTESIAN_POINT('',(-12.9017033956276,-780.692761970725,-31.403926090107));
#8176=CARTESIAN_POINT('',(-12.9017033956276,-789.967761970725,-31.403926090107));
#8177=CARTESIAN_POINT('',(-62.7017033956276,-780.692761970725,-31.403926090107));
#8178=CARTESIAN_POINT('',(-25.3017033956276,-780.692761970725,-31.403926090107));
#8179=CARTESIAN_POINT('',(-62.7017033956276,-783.717761970725,-31.403926090107));
#8180=CARTESIAN_POINT('Origin',(-12.8017033956276,-793.092761970725,-13.403926090107));
#8181=CARTESIAN_POINT('',(-12.8017033956276,-780.592761970725,-18.403926090107));
#8182=CARTESIAN_POINT('',(-12.8017033956276,-793.092761970725,-18.403926090107));
#8183=CARTESIAN_POINT('',(-12.8017033956276,-789.967761970725,-18.403926090107));
#8184=CARTESIAN_POINT('',(-12.8017033956276,-793.092761970725,-13.403926090107));
#8185=CARTESIAN_POINT('',(-12.8017033956276,-780.592761970725,-13.403926090107));
#8186=CARTESIAN_POINT('Origin',(-12.8017033956276,-780.592761970725,-13.403926090107));
#8187=CARTESIAN_POINT('',(-17.8017033956276,-780.592761970725,-13.403926090107));
#8188=CARTESIAN_POINT('Origin',(-17.8017033956276,-780.592761970725,-18.403926090107));
#8189=CARTESIAN_POINT('',(-62.8017033956275,-780.592761970725,-21.403926090107));
#8190=CARTESIAN_POINT('',(-62.8017033956275,-780.592761970725,-13.403926090107));
#8191=CARTESIAN_POINT('',(-54.8017033956276,-780.592761970725,-13.403926090107));
#8192=CARTESIAN_POINT('Origin',(-54.8017033956276,-780.592761970725,-21.403926090107));
#8193=CARTESIAN_POINT('',(-12.8017033956276,-780.592761970725,-13.403926090107));
#8194=CARTESIAN_POINT('Origin',(-62.8017033956275,-780.592761970725,-13.403926090107));
#8195=CARTESIAN_POINT('',(-62.8017033956275,-793.092761970725,-21.403926090107));
#8196=CARTESIAN_POINT('',(-62.8017033956275,-783.717761970725,-21.403926090107));
#8197=CARTESIAN_POINT('',(-62.8017033956275,-793.092761970725,-13.403926090107));
#8198=CARTESIAN_POINT('Origin',(-54.8017033956276,-783.717761970725,-21.403926090107));
#8199=CARTESIAN_POINT('',(-54.8017033956276,-793.092761970725,-13.403926090107));
#8200=CARTESIAN_POINT('Origin',(-54.8017033956276,-793.092761970725,-21.403926090107));
#8201=CARTESIAN_POINT('',(-54.8017033956276,-783.717761970725,-13.403926090107));
#8202=CARTESIAN_POINT('Origin',(-62.8017033956275,-793.092761970725,-13.403926090107));
#8203=CARTESIAN_POINT('',(-17.8017033956275,-793.092761970725,-13.403926090107));
#8204=CARTESIAN_POINT('Origin',(-17.8017033956275,-793.092761970725,-18.403926090107));
#8205=CARTESIAN_POINT('',(-62.8017033956275,-793.092761970725,-13.403926090107));
#8206=CARTESIAN_POINT('Origin',(-37.8017033956276,-786.842761970725,-13.403926090107));
#8207=CARTESIAN_POINT('',(-17.8017033956275,-789.967761970725,-13.403926090107));
#8208=CARTESIAN_POINT('',(-39.8017033956275,-786.842761970725,-13.403926090107));
#8209=CARTESIAN_POINT('Origin',(-37.8017033956276,-786.842761970725,-13.403926090107));
#8210=CARTESIAN_POINT('Origin',(-17.8017033956275,-789.967761970725,-18.403926090107));
#8211=CARTESIAN_POINT('Origin',(-12.9017033956276,-793.092761970725,-13.403926090107));
#8212=CARTESIAN_POINT('',(-12.9017033956276,-780.692761970725,-18.403926090107));
#8213=CARTESIAN_POINT('',(-12.9017033956276,-792.992761970725,-18.403926090107));
#8214=CARTESIAN_POINT('',(-12.9017033956276,-789.967761970725,-18.403926090107));
#8215=CARTESIAN_POINT('',(-12.9017033956276,-780.692761970725,-13.403926090107));
#8216=CARTESIAN_POINT('',(-12.9017033956276,-792.992761970725,-13.403926090107));
#8217=CARTESIAN_POINT('Origin',(-12.8017033956276,-780.692761970725,-13.403926090107));
#8218=CARTESIAN_POINT('Origin',(-17.8017033956276,-780.692761970725,-18.403926090107));
#8219=CARTESIAN_POINT('',(-62.7017033956276,-780.692761970725,-21.403926090107));
#8220=CARTESIAN_POINT('Origin',(-54.8017033956276,-780.692761970725,-21.403926090107));
#8221=CARTESIAN_POINT('',(-62.7017033956276,-780.692761970725,-13.403926090107));
#8222=CARTESIAN_POINT('Origin',(-62.7017033956276,-780.592761970725,-13.403926090107));
#8223=CARTESIAN_POINT('',(-62.7017033956276,-792.992761970725,-21.403926090107));
#8224=CARTESIAN_POINT('',(-62.7017033956276,-783.717761970725,-21.403926090107));
#8225=CARTESIAN_POINT('',(-62.7017033956276,-792.992761970725,-13.403926090107));
#8226=CARTESIAN_POINT('Origin',(-54.8017033956276,-783.717761970725,-21.403926090107));
#8227=CARTESIAN_POINT('Origin',(-54.8017033956276,-792.992761970725,-21.403926090107));
#8228=CARTESIAN_POINT('Origin',(-62.8017033956275,-792.992761970725,-13.403926090107));
#8229=CARTESIAN_POINT('Origin',(-17.8017033956275,-792.992761970725,-18.403926090107));
#8230=CARTESIAN_POINT('Origin',(-17.8017033956275,-789.967761970725,-18.403926090107));
#8231=CARTESIAN_POINT('Ctrl Pts',(-39.8017033956275,-871.24942118812,1.47068581242319));
#8232=CARTESIAN_POINT('Ctrl Pts',(-39.8017033956276,-871.309661309192,1.12885051588767));
#8233=CARTESIAN_POINT('Ctrl Pts',(-37.8017033956276,-871.309661309192,1.12885051588767));
#8234=CARTESIAN_POINT('Ctrl Pts',(-35.8017033956276,-871.309661309192,1.12885051588767));
#8235=CARTESIAN_POINT('Ctrl Pts',(-35.8017033956276,-871.24942118812,1.47068581242319));
#8236=CARTESIAN_POINT('Ctrl Pts',(-35.8017033956275,-871.189181067048,1.81252110895871));
#8237=CARTESIAN_POINT('Ctrl Pts',(-37.8017033956275,-871.189181067048,1.81252110895871));
#8238=CARTESIAN_POINT('Ctrl Pts',(-39.8017033956275,-871.189181067048,1.81252110895871));
#8239=CARTESIAN_POINT('Ctrl Pts',(-39.8017033956275,-871.24942118812,1.47068581242319));
#8240=CARTESIAN_POINT('Ctrl Pts',(-39.8017033956275,-784.881174489823,-13.749607968312));
#8241=CARTESIAN_POINT('Ctrl Pts',(-39.8017033956275,-784.941414610895,-14.0914432648475));
#8242=CARTESIAN_POINT('Ctrl Pts',(-37.8017033956276,-784.941414610895,-14.0914432648475));
#8243=CARTESIAN_POINT('Ctrl Pts',(-35.8017033956276,-784.941414610895,-14.0914432648475));
#8244=CARTESIAN_POINT('Ctrl Pts',(-35.8017033956276,-784.881174489823,-13.749607968312));
#8245=CARTESIAN_POINT('Ctrl Pts',(-35.8017033956276,-784.820934368751,-13.4077726717765));
#8246=CARTESIAN_POINT('Ctrl Pts',(-37.8017033956276,-784.820934368751,-13.4077726717765));
#8247=CARTESIAN_POINT('Ctrl Pts',(-39.8017033956275,-784.820934368751,-13.4077726717765));
#8248=CARTESIAN_POINT('Ctrl Pts',(-39.8017033956275,-784.881174489823,-13.749607968312));
#8249=CARTESIAN_POINT('',(-39.8017033956275,-869.287811382319,1.125));
#8250=CARTESIAN_POINT('Ctrl Pts',(-39.8017033956275,-786.842761970725,-13.403926090107));
#8251=CARTESIAN_POINT('Ctrl Pts',(-39.8017033956275,-869.287811382319,1.125));
#8252=CARTESIAN_POINT('Origin',(-37.8017033956276,-869.287811382319,1.125));
#8253=CARTESIAN_POINT('Origin',(-37.8017033956276,-869.287811382319,1.125));
#8254=CARTESIAN_POINT('Origin',(-37.8017033956276,-786.842761970725,-13.403926090107));
#8255=CARTESIAN_POINT('Origin',(-37.8017033956276,-786.842761970725,-13.303926090107));
#8256=CARTESIAN_POINT('',(-35.9155657778903,-787.410216501778,-13.303926090107));
#8257=CARTESIAN_POINT('',(-39.6878410133648,-787.410216501778,-13.303926090107));
#8258=CARTESIAN_POINT('Ctrl Pts',(-39.6878410133648,-787.410216501778,-13.303926090107));
#8259=CARTESIAN_POINT('Ctrl Pts',(-39.6868522715268,-787.406099158651,-13.303926090107));
#8260=CARTESIAN_POINT('Ctrl Pts',(-39.685845756728,-787.40199825603,-13.303926090107));
#8261=CARTESIAN_POINT('Ctrl Pts',(-39.6683251971447,-787.332042383189,-13.303926090107));
#8262=CARTESIAN_POINT('Ctrl Pts',(-39.6463805944403,-787.265494631363,-13.303926090107));
#8263=CARTESIAN_POINT('Ctrl Pts',(-39.561328235536,-787.050759949322,-13.303926090107));
#8264=CARTESIAN_POINT('Ctrl Pts',(-39.4802101688377,-786.90714861054,-13.303926090107));
#8265=CARTESIAN_POINT('Ctrl Pts',(-39.2307147997813,-786.57239713523,-13.303926090107));
#8266=CARTESIAN_POINT('Ctrl Pts',(-39.0396113242558,-786.400072332089,-13.303926090107));
#8267=CARTESIAN_POINT('Ctrl Pts',(-38.6005829378496,-786.136298310926,-13.303926090107));
#8268=CARTESIAN_POINT('Ctrl Pts',(-38.3558762035285,-786.048093424064,-13.303926090107));
#8269=CARTESIAN_POINT('Ctrl Pts',(-37.846065000717,-785.970171380879,-13.303926090107));
#8270=CARTESIAN_POINT('Ctrl Pts',(-37.5856576527375,-785.981381099394,-13.303926090107));
#8271=CARTESIAN_POINT('Ctrl Pts',(-37.0846152772821,-786.102821543504,-13.303926090107));
#8272=CARTESIAN_POINT('Ctrl Pts',(-36.8485419803526,-786.211665960681,-13.303926090107));
#8273=CARTESIAN_POINT('Ctrl Pts',(-36.4352792465226,-786.511302031388,-13.303926090107));
#8274=CARTESIAN_POINT('Ctrl Pts',(-36.2605241378145,-786.698323763074,-13.3039260901931));
#8275=CARTESIAN_POINT('Ctrl Pts',(-35.9994852409076,-787.120364940696,-13.3039260901931));
#8276=CARTESIAN_POINT('Ctrl Pts',(-35.9409270853873,-787.304606320125,-13.303926090107));
#8277=CARTESIAN_POINT('Ctrl Pts',(-35.9155657778903,-787.410216501778,-13.303926090107));
#8278=CARTESIAN_POINT('Ctrl Pts',(-39.6878410133648,-787.410216501778,-13.303926090107));
#8279=CARTESIAN_POINT('Ctrl Pts',(-39.6624797058678,-787.51582668343,-13.303926090107));
#8280=CARTESIAN_POINT('Ctrl Pts',(-39.6039215503475,-787.700068062859,-13.3039260900209));
#8281=CARTESIAN_POINT('Ctrl Pts',(-39.3428826534406,-788.122109240481,-13.3039260900209));
#8282=CARTESIAN_POINT('Ctrl Pts',(-39.1681275447325,-788.309130972168,-13.303926090107));
#8283=CARTESIAN_POINT('Ctrl Pts',(-38.7548648109025,-788.608767042875,-13.303926090107));
#8284=CARTESIAN_POINT('Ctrl Pts',(-38.518791513973,-788.717611460052,-13.303926090107));
#8285=CARTESIAN_POINT('Ctrl Pts',(-38.0177491385176,-788.839051904161,-13.303926090107));
#8286=CARTESIAN_POINT('Ctrl Pts',(-37.7573417905382,-788.850261622677,-13.303926090107));
#8287=CARTESIAN_POINT('Ctrl Pts',(-37.2475305877266,-788.772339579492,-13.303926090107));
#8288=CARTESIAN_POINT('Ctrl Pts',(-37.0028238534055,-788.684134692629,-13.303926090107));
#8289=CARTESIAN_POINT('Ctrl Pts',(-36.5637954669993,-788.420360671467,-13.303926090107));
#8290=CARTESIAN_POINT('Ctrl Pts',(-36.3726919914738,-788.248035868325,-13.303926090107));
#8291=CARTESIAN_POINT('Ctrl Pts',(-36.1231966224174,-787.913284393016,-13.303926090107));
#8292=CARTESIAN_POINT('Ctrl Pts',(-36.0420785557191,-787.769673054234,-13.303926090107));
#8293=CARTESIAN_POINT('Ctrl Pts',(-35.9570261968148,-787.554938372192,-13.303926090107));
#8294=CARTESIAN_POINT('Ctrl Pts',(-35.9350815941104,-787.488390620366,-13.303926090107));
#8295=CARTESIAN_POINT('Ctrl Pts',(-35.9175610345271,-787.418434747525,-13.303926090107));
#8296=CARTESIAN_POINT('Ctrl Pts',(-35.9165545197283,-787.414333844905,-13.303926090107));
#8297=CARTESIAN_POINT('Ctrl Pts',(-35.9155657778903,-787.410216501778,-13.303926090107));
#8298=CARTESIAN_POINT('Origin',(-37.8017033956276,-869.287811382319,1.025));
#8299=CARTESIAN_POINT('',(-35.9155657778903,-868.720356851266,1.025));
#8300=CARTESIAN_POINT('',(-39.6878410133648,-868.720356851266,1.025));
#8301=CARTESIAN_POINT('Ctrl Pts',(-35.9155657778904,-868.720356851267,1.025));
#8302=CARTESIAN_POINT('Ctrl Pts',(-35.9409270853876,-868.82596703292,1.025));
#8303=CARTESIAN_POINT('Ctrl Pts',(-35.9994852409082,-869.010208412348,1.02500000008606));
#8304=CARTESIAN_POINT('Ctrl Pts',(-36.2605241378144,-869.43224958997,1.02500000008606));
#8305=CARTESIAN_POINT('Ctrl Pts',(-36.4352792465221,-869.619271321656,1.025));
#8306=CARTESIAN_POINT('Ctrl Pts',(-36.8485419803524,-869.918907392363,1.025));
#8307=CARTESIAN_POINT('Ctrl Pts',(-37.0846152772817,-870.02775180954,1.025));
#8308=CARTESIAN_POINT('Ctrl Pts',(-37.5856576527378,-870.14919225365,1.025));
#8309=CARTESIAN_POINT('Ctrl Pts',(-37.8460650007174,-870.160401972165,1.025));
#8310=CARTESIAN_POINT('Ctrl Pts',(-38.3558762035294,-870.08247992898,1.025));
#8311=CARTESIAN_POINT('Ctrl Pts',(-38.6005829378499,-869.994275042118,1.025));
#8312=CARTESIAN_POINT('Ctrl Pts',(-39.0396113242549,-869.730501020956,1.025));
#8313=CARTESIAN_POINT('Ctrl Pts',(-39.230714799781,-869.558176217814,1.025));
#8314=CARTESIAN_POINT('Ctrl Pts',(-39.4802101688382,-869.223424742504,1.025));
#8315=CARTESIAN_POINT('Ctrl Pts',(-39.5613282355361,-869.079813403722,1.02499999999999));
#8316=CARTESIAN_POINT('Ctrl Pts',(-39.6463805944403,-868.865078721681,1.02499999999999));
#8317=CARTESIAN_POINT('Ctrl Pts',(-39.6683251971447,-868.798530969855,1.025));
#8318=CARTESIAN_POINT('Ctrl Pts',(-39.685845756728,-868.728575097014,1.025));
#8319=CARTESIAN_POINT('Ctrl Pts',(-39.6868522715269,-868.724474194393,1.025));
#8320=CARTESIAN_POINT('Ctrl Pts',(-39.6878410133649,-868.720356851266,1.025));
#8321=CARTESIAN_POINT('Ctrl Pts',(-35.9155657778903,-868.720356851266,1.025));
#8322=CARTESIAN_POINT('Ctrl Pts',(-35.9165545197283,-868.716239508139,1.025));
#8323=CARTESIAN_POINT('Ctrl Pts',(-35.9175610345271,-868.712138605518,1.025));
#8324=CARTESIAN_POINT('Ctrl Pts',(-35.9350815941104,-868.642182732678,1.025));
#8325=CARTESIAN_POINT('Ctrl Pts',(-35.9570261968148,-868.575634980852,1.02500000000001));
#8326=CARTESIAN_POINT('Ctrl Pts',(-36.042078555719,-868.360900298811,1.02500000000001));
#8327=CARTESIAN_POINT('Ctrl Pts',(-36.1231966224169,-868.217288960029,1.025));
#8328=CARTESIAN_POINT('Ctrl Pts',(-36.3726919914741,-867.882537484718,1.025));
#8329=CARTESIAN_POINT('Ctrl Pts',(-36.5637954670002,-867.710212681577,1.025));
#8330=CARTESIAN_POINT('Ctrl Pts',(-37.0028238534052,-867.446438660415,1.025));
#8331=CARTESIAN_POINT('Ctrl Pts',(-37.2475305877258,-867.358233773552,1.025));
#8332=CARTESIAN_POINT('Ctrl Pts',(-37.7573417905377,-867.280311730367,1.025));
#8333=CARTESIAN_POINT('Ctrl Pts',(-38.0177491385174,-867.291521448882,1.025));
#8334=CARTESIAN_POINT('Ctrl Pts',(-38.5187915139734,-867.412961892992,1.025));
#8335=CARTESIAN_POINT('Ctrl Pts',(-38.7548648109027,-867.521806310169,1.025));
#8336=CARTESIAN_POINT('Ctrl Pts',(-39.168127544733,-867.821442380877,1.025));
#8337=CARTESIAN_POINT('Ctrl Pts',(-39.3428826534407,-868.008464112563,1.02499999991394));
#8338=CARTESIAN_POINT('Ctrl Pts',(-39.603921550347,-868.430505290184,1.02499999991394));
#8339=CARTESIAN_POINT('Ctrl Pts',(-39.6624797058676,-868.614746669613,1.025));
#8340=CARTESIAN_POINT('Ctrl Pts',(-39.6878410133648,-868.720356851266,1.025));
#8341=CARTESIAN_POINT('Ctrl Pts',(-39.6878410133649,-870.117027725949,1.2711291254636));
#8342=CARTESIAN_POINT('Ctrl Pts',(-39.668924634093,-870.119400344946,1.25766559146406));
#8343=CARTESIAN_POINT('Ctrl Pts',(-39.5995667719431,-870.125715859903,1.22182791567862));
#8344=CARTESIAN_POINT('Ctrl Pts',(-39.3596424785119,-870.1383357096,1.15021600676319));
#8345=CARTESIAN_POINT('Ctrl Pts',(-38.9007173893781,-870.151623898066,1.0748115792137));
#8346=CARTESIAN_POINT('Ctrl Pts',(-38.1869946310817,-870.160248027847,1.02587356400955));
#8347=CARTESIAN_POINT('Ctrl Pts',(-37.4164331387303,-870.160242835626,1.02590302750236));
#8348=CARTESIAN_POINT('Ctrl Pts',(-36.7026174223138,-870.151637895127,1.07473215225603));
#8349=CARTESIAN_POINT('Ctrl Pts',(-36.2437712587031,-870.138328647194,1.15025608270006));
#8350=CARTESIAN_POINT('Ctrl Pts',(-36.0038379343514,-870.125713191812,1.22184305587938));
#8351=CARTESIAN_POINT('Ctrl Pts',(-35.9344821571622,-870.119400344946,1.25766559146402));
#8352=CARTESIAN_POINT('Ctrl Pts',(-35.9155657778903,-870.117027725949,1.27112912546357));
#8353=CARTESIAN_POINT('Ctrl Pts',(-39.6878410133649,-787.410216501778,-13.303926090107));
#8354=CARTESIAN_POINT('Ctrl Pts',(-39.668924634093,-787.412589120774,-13.3173896241065));
#8355=CARTESIAN_POINT('Ctrl Pts',(-39.5995667719431,-787.418904635732,-13.353227299892));
#8356=CARTESIAN_POINT('Ctrl Pts',(-39.3596424785119,-787.431524485428,-13.4248392088074));
#8357=CARTESIAN_POINT('Ctrl Pts',(-38.9007173893781,-787.444812673894,-13.5002436363569));
#8358=CARTESIAN_POINT('Ctrl Pts',(-38.1869946310817,-787.453436803675,-13.549181651561));
#8359=CARTESIAN_POINT('Ctrl Pts',(-37.4164331387303,-787.453431611454,-13.5491521880682));
#8360=CARTESIAN_POINT('Ctrl Pts',(-36.7026174223138,-787.444826670955,-13.5003230633145));
#8361=CARTESIAN_POINT('Ctrl Pts',(-36.2437712587031,-787.431517423023,-13.4247991328705));
#8362=CARTESIAN_POINT('Ctrl Pts',(-36.0038379343514,-787.41890196764,-13.3532121596912));
#8363=CARTESIAN_POINT('Ctrl Pts',(-35.9344821571622,-787.412589120774,-13.3173896241066));
#8364=CARTESIAN_POINT('Ctrl Pts',(-35.9155657778903,-787.410216501778,-13.303926090107));
#8365=CARTESIAN_POINT('Ctrl Pts',(-35.9155657778903,-787.410216501778,-13.303926090107));
#8366=CARTESIAN_POINT('Ctrl Pts',(-35.9155657778903,-800.961906560026,-10.9157717417558));
#8367=CARTESIAN_POINT('Ctrl Pts',(-35.9155657778903,-814.513596618274,-8.52761739340468));
#8368=CARTESIAN_POINT('Ctrl Pts',(-35.9155657778903,-841.61697673477,-3.75130869670234));
#8369=CARTESIAN_POINT('Ctrl Pts',(-35.9155657778903,-855.168666793018,-1.36315434835116));
#8370=CARTESIAN_POINT('Ctrl Pts',(-35.9155657778903,-868.720356851266,1.02500000000002));
#8371=CARTESIAN_POINT('Ctrl Pts',(-39.6878410133648,-868.720356851266,1.02500000000002));
#8372=CARTESIAN_POINT('Ctrl Pts',(-39.6878410133648,-855.168666793018,-1.36315434835116));
#8373=CARTESIAN_POINT('Ctrl Pts',(-39.6878410133648,-841.61697673477,-3.75130869670233));
#8374=CARTESIAN_POINT('Ctrl Pts',(-39.6878410133648,-814.513596618274,-8.52761739340464));
#8375=CARTESIAN_POINT('Ctrl Pts',(-39.6878410133648,-800.961906560026,-10.9157717417558));
#8376=CARTESIAN_POINT('Ctrl Pts',(-39.6878410133648,-787.410216501778,-13.3039260901069));
#8377=CARTESIAN_POINT('Ctrl Pts',(-35.9155657778903,-868.720356851267,1.02500000000001));
#8378=CARTESIAN_POINT('Ctrl Pts',(-35.9344821571621,-868.71798423227,1.03846353399955));
#8379=CARTESIAN_POINT('Ctrl Pts',(-36.003840782673,-868.711669727586,1.07429547694435));
#8380=CARTESIAN_POINT('Ctrl Pts',(-36.2437686258106,-868.699053272643,1.14588812217523));
#8381=CARTESIAN_POINT('Ctrl Pts',(-36.7026354757047,-868.685739167674,1.22143961408688));
#8382=CARTESIAN_POINT('Ctrl Pts',(-37.4164033314311,-868.677130015371,1.27029263891867));
#8383=CARTESIAN_POINT('Ctrl Pts',(-38.1869165168447,-868.677137806149,1.27024842979761));
#8384=CARTESIAN_POINT('Ctrl Pts',(-38.9007840394335,-868.685740486939,1.22143212786229));
#8385=CARTESIAN_POINT('Ctrl Pts',(-39.3596360787538,-868.699054071461,1.14588358924799));
#8386=CARTESIAN_POINT('Ctrl Pts',(-39.5995674105569,-868.711670096461,1.07429338374428));
#8387=CARTESIAN_POINT('Ctrl Pts',(-39.6689246340929,-868.71798423227,1.03846353399958));
#8388=CARTESIAN_POINT('Ctrl Pts',(-39.6878410133648,-868.720356851267,1.02500000000003));
#8389=CARTESIAN_POINT('Ctrl Pts',(-35.9155657778903,-786.013545627095,-13.5500552155706));
#8390=CARTESIAN_POINT('Ctrl Pts',(-35.9344821571621,-786.011173008098,-13.536591681571));
#8391=CARTESIAN_POINT('Ctrl Pts',(-36.003840782673,-786.004858503414,-13.5007597386262));
#8392=CARTESIAN_POINT('Ctrl Pts',(-36.2437686258106,-785.992242048471,-13.4291670933954));
#8393=CARTESIAN_POINT('Ctrl Pts',(-36.7026354757047,-785.978927943503,-13.3536156014837));
#8394=CARTESIAN_POINT('Ctrl Pts',(-37.4164033314311,-785.9703187912,-13.3047625766519));
#8395=CARTESIAN_POINT('Ctrl Pts',(-38.1869165168447,-785.970326581977,-13.304806785773));
#8396=CARTESIAN_POINT('Ctrl Pts',(-38.9007840394335,-785.978929262768,-13.3536230877083));
#8397=CARTESIAN_POINT('Ctrl Pts',(-39.3596360787538,-785.992242847289,-13.4291716263226));
#8398=CARTESIAN_POINT('Ctrl Pts',(-39.5995674105569,-786.00485887229,-13.5007618318263));
#8399=CARTESIAN_POINT('Ctrl Pts',(-39.6689246340929,-786.011173008098,-13.536591681571));
#8400=CARTESIAN_POINT('Ctrl Pts',(-39.6878410133648,-786.013545627095,-13.5500552155706));
#8401=CARTESIAN_POINT('Origin',(-37.8017033956276,-783.092761970725,-26.003926090107));
#8402=CARTESIAN_POINT('',(-37.8017033956275,-787.699108997457,-13.503926090107));
#8403=CARTESIAN_POINT('',(-37.8017033956276,-784.851505881889,-13.503926090107));
#8404=CARTESIAN_POINT('',(-37.8017033956276,-783.092761970725,-13.503926090107));
#8405=CARTESIAN_POINT('',(-37.8017033956276,-790.592761970725,-13.503926090107));
#8406=CARTESIAN_POINT('',(-37.8017033956276,-783.092761970725,-13.503926090107));
#8407=CARTESIAN_POINT('',(-25.3017033956276,-790.592761970725,-26.003926090107));
#8408=CARTESIAN_POINT('Origin',(-37.8017033956276,-790.592761970725,-26.003926090107));
#8409=CARTESIAN_POINT('',(-25.3017033956276,-783.092761970725,-26.003926090107));
#8410=CARTESIAN_POINT('',(-25.3017033956276,-783.092761970725,-26.003926090107));
#8411=CARTESIAN_POINT('',(-37.8017033956276,-783.092761970725,-13.503926090107));
#8412=CARTESIAN_POINT('Origin',(-37.8017033956276,-783.092761970725,-26.003926090107));
#8413=CARTESIAN_POINT('',(-37.8017033956276,-783.092761970725,-13.503926090107));
#8414=CARTESIAN_POINT('Origin',(-22.3017033956276,-783.092761970725,-13.503926090107));
#8415=CARTESIAN_POINT('Origin',(-37.8017033956276,-783.092761970725,-26.003926090107));
#8416=CARTESIAN_POINT('Origin',(-53.3017033956276,-790.592761970725,-13.503926090107));
#8417=CARTESIAN_POINT('Origin',(-37.8017033956276,-790.592761970725,-26.003926090107));
#8418=CARTESIAN_POINT('Origin',(-37.8017033956276,-783.092761970725,-26.003926090107));
#8419=CARTESIAN_POINT('',(1.84629214803806E-13,-894.2245,-3.35689481461465E-14));
#8420=CARTESIAN_POINT('',(0.,0.,0.));
#8421=UNCERTAINTY_MEASURE_WITH_UNIT(LENGTH_MEASURE(0.000393700787401575),
#8427,'DISTANCE_ACCURACY_VALUE',
'Maximum model space distance between geometric entities at asserted c
onnectivities');
#8422=UNCERTAINTY_MEASURE_WITH_UNIT(LENGTH_MEASURE(0.000393700787401575),
#8427,'DISTANCE_ACCURACY_VALUE',
'Maximum model space distance between geometric entities at asserted c
onnectivities');
#8423=(
GEOMETRIC_REPRESENTATION_CONTEXT(3)
GLOBAL_UNCERTAINTY_ASSIGNED_CONTEXT((#8421))
GLOBAL_UNIT_ASSIGNED_CONTEXT((#8427,#8431,#8432))
REPRESENTATION_CONTEXT('','3D')
);
#8424=(
GEOMETRIC_REPRESENTATION_CONTEXT(3)
GLOBAL_UNCERTAINTY_ASSIGNED_CONTEXT((#8422))
GLOBAL_UNIT_ASSIGNED_CONTEXT((#8427,#8431,#8432))
REPRESENTATION_CONTEXT('','3D')
);
#8425=DIMENSIONAL_EXPONENTS(1.,0.,0.,0.,0.,0.,0.);
#8426=DIMENSIONAL_EXPONENTS(0.,1.,0.,0.,0.,0.,0.);
#8427=(
CONVERSION_BASED_UNIT('inch',#8430)
LENGTH_UNIT()
NAMED_UNIT(#8425)
);
#8428=(
LENGTH_UNIT()
NAMED_UNIT(*)
SI_UNIT(.MILLI.,.METRE.)
);
#8429=(
LENGTH_UNIT()
NAMED_UNIT(*)
SI_UNIT(.CENTI.,.METRE.)
);
#8430=LENGTH_MEASURE_WITH_UNIT(LENGTH_MEASURE(25.4),#8428);
#8431=(
NAMED_UNIT(*)
PLANE_ANGLE_UNIT()
SI_UNIT($,.RADIAN.)
);
#8432=(
NAMED_UNIT(*)
SI_UNIT($,.STERADIAN.)
SOLID_ANGLE_UNIT()
);
#8433=SHAPE_DEFINITION_REPRESENTATION(#8434,#8435);
#8434=PRODUCT_DEFINITION_SHAPE('',$,#8437);
#8435=SHAPE_REPRESENTATION('',(#4144),#8423);
#8436=PRODUCT_DEFINITION_CONTEXT('part definition',#8441,'design');
#8437=PRODUCT_DEFINITION('CessAttemptBattOut','CessAttemptBattOut',#8438,
#8436);
#8438=PRODUCT_DEFINITION_FORMATION('',$,#8443);
#8439=PRODUCT_RELATED_PRODUCT_CATEGORY('CessAttemptBattOut',
'CessAttemptBattOut',(#8443));
#8440=APPLICATION_PROTOCOL_DEFINITION('international standard',
'automotive_design',2009,#8441);
#8441=APPLICATION_CONTEXT(
'Core Data for Automotive Mechanical Design Process');
#8442=PRODUCT_CONTEXT('part definition',#8441,'mechanical');
#8443=PRODUCT('CessAttemptBattOut','CessAttemptBattOut',$,(#8442));
#8444=PRESENTATION_STYLE_ASSIGNMENT((#8446));
#8445=PRESENTATION_STYLE_ASSIGNMENT((#8447));
#8446=SURFACE_STYLE_USAGE(.BOTH.,#8450);
#8447=SURFACE_STYLE_USAGE(.BOTH.,#8451);
#8448=SURFACE_STYLE_RENDERING_WITH_PROPERTIES($,#8458,(#8449));
#8449=SURFACE_STYLE_TRANSPARENT(0.);
#8450=SURFACE_SIDE_STYLE('',(#8452,#8448));
#8451=SURFACE_SIDE_STYLE('',(#8453));
#8452=SURFACE_STYLE_FILL_AREA(#8454);
#8453=SURFACE_STYLE_FILL_AREA(#8455);
#8454=FILL_AREA_STYLE('',(#8456));
#8455=FILL_AREA_STYLE('',(#8457));
#8456=FILL_AREA_STYLE_COLOUR('',#8458);
#8457=FILL_AREA_STYLE_COLOUR('',#8459);
#8458=COLOUR_RGB('',0.749019607843137,0.749019607843137,0.749019607843137);
#8459=COLOUR_RGB('',0.913725490196078,0.913725490196078,0.);
ENDSEC;
END-ISO-10303-21;
